{
  "rounds_simulated": 35940,
  "wall_seconds": 1.3454338,
  "mode": 1,
  "label": "replay",
  "player_betting_strategy": "betting_strategy=all9 | 主遊戲:九格全下(bet×9) | 付費閃電(EXTRABET):40% | 二級cashout L1-L4=[0.5 0.3 0.11 0.08]",
  "overall": {
    "total_bet": 388128541.5,
    "main_game_payout": 360474555,
    "bonus_game_payout": 17209505,
    "grand_prize_payout": 1616130,
    "rtp_percent_excl_grand": 97.30901482801671,
    "main_rtp_percent": 92.87504433631042,
    "bonus_rtp_percent": 4.433970491706289,
    "grand_rtp_percent": 0.416390403486985,
    "rtp_percent_incl_grand": 97.72540523150369
  },
  "rtp_range_excl_grand": {
    "min_round_rtp_percent_excl_grand": 54.488489306633966,
    "max_round_rtp_percent_excl_grand": 429.90995932172405,
    "min_cumulative_rtp_percent_excl_grand": 86.80699810737201,
    "max_cumulative_rtp_percent_excl_grand": 139.2931392931393,
    "window_range_max_rounds": 2400,
    "min_window_rtp_percent_excl_grand": 86.80699810737201,
    "max_window_rtp_percent_excl_grand": 139.2931392931393,
    "window_rtp_samples": 2400,
    "window_extreme_count_first_2400": 3,
    "window_extreme_count_total": 3,
    "window_above_110_count": 3
  },
  "rtp_split_by_paid_lightning": {
    "buyer_subset": {
      "rounds": 14370787,
      "total_bet": 194005624.5,
      "main_payout": 182097914,
      "bonus_payout": 6886380,
      "grand_payout": 639504.0741108721,
      "rtp_percent_excl_grand": 97.41176034821609
    },
    "nonbuyer_subset": {
      "rounds": 21569213,
      "total_bet": 194122917,
      "main_payout": 178376641,
      "bonus_payout": 10323125,
      "grand_payout": 976625.9258891235,
      "rtp_percent_excl_grand": 97.20633138847795
    }
  },
  "jp_pool": {
    "main_pool_start": 0,
    "main_pool_end": 1170,
    "sub_pool_start": 0,
    "sub_pool_end": 0,
    "total_rake_main": 1617300,
    "total_rake_sub": 0,
    "auto_inject_events": 0,
    "auto_inject_total": 0,
    "grand_prize_total": 1616130,
    "max_single_jp_payout": 3285,
    "max_round_jp_payout": 5715.000000000001
  },
  "per_zone": [
    {
      "code": 0,
      "hits": 35732,
      "lightning_triggered": 0,
      "jp_triggered": 0,
      "total_bet": 385882776,
      "main_payout": 358461484,
      "bonus_payout": 17067255,
      "grand_payout": 1612035,
      "rtp_percent_excl_grand": 97.31679213378521
    },
    {
      "code": 101,
      "hits": 44,
      "lightning_triggered": 0,
      "jp_triggered": 0,
      "total_bet": 475159.5,
      "main_payout": 406328,
      "bonus_payout": 11025,
      "grand_payout": 90,
      "rtp_percent_excl_grand": 87.83429564177924
    },
    {
      "code": 102,
      "hits": 85,
      "lightning_triggered": 0,
      "jp_triggered": 0,
      "total_bet": 917095.5,
      "main_payout": 840680,
      "bonus_payout": 61480,
      "grand_payout": 1845,
      "rtp_percent_excl_grand": 98.37143459977723
    },
    {
      "code": 103,
      "hits": 68,
      "lightning_triggered": 0,
      "jp_triggered": 0,
      "total_bet": 734656.5,
      "main_payout": 640729,
      "bonus_payout": 60195,
      "grand_payout": 1619.9999999999998,
      "rtp_percent_excl_grand": 95.40839834671033
    },
    {
      "code": 201,
      "hits": 4,
      "lightning_triggered": 0,
      "jp_triggered": 0,
      "total_bet": 43317,
      "main_payout": 38308,
      "bonus_payout": 0,
      "grand_payout": 0,
      "rtp_percent_excl_grand": 88.43641064709006
    },
    {
      "code": 202,
      "hits": 3,
      "lightning_triggered": 0,
      "jp_triggered": 0,
      "total_bet": 32251.5,
      "main_payout": 40078,
      "bonus_payout": 9550,
      "grand_payout": 539.9999999999999,
      "rtp_percent_excl_grand": 153.87811419623893
    },
    {
      "code": 203,
      "hits": 4,
      "lightning_triggered": 0,
      "jp_triggered": 0,
      "total_bet": 43285.5,
      "main_payout": 46948,
      "bonus_payout": 0,
      "grand_payout": 0,
      "rtp_percent_excl_grand": 108.46126300955285
    }
  ],
  "old_rtp_trigger_counts": {
    "lightning_hits": 0,
    "jp_hits": 0
  },
  "ball_results": {
    "two_same_occurrences": 17280,
    "two_same_rate_percent": 48.080133555926544,
    "three_same_occurrences": 1620,
    "three_same_rate_percent": 4.507512520868113
  },
  "three_same_balls": {
    "occurrences": 1620,
    "rate_percent": 4.507512520868113
  },
  "bonus_detail": {
    "qualified_players": 1620000,
    "cashout_total": 475899,
    "grand_total": 14610,
    "per_level": [
      {
        "level": 1,
        "enter": 1620000,
        "pass": 809455,
        "fail": 810545
      },
      {
        "level": 2,
        "enter": 404376,
        "pass": 201638,
        "fail": 202738
      },
      {
        "level": 3,
        "enter": 141060,
        "pass": 70525,
        "fail": 70535
      },
      {
        "level": 4,
        "enter": 62823,
        "pass": 31577,
        "fail": 31246
      },
      {
        "level": 5,
        "enter": 29037,
        "pass": 14610,
        "fail": 14427
      }
    ]
  },
  "per_player_quantiles": {
    "min_rtp": 95.75213050700461,
    "p5": 96.43931931003844,
    "p25": 96.94726770995501,
    "p50": 97.27222751310461,
    "p75": 97.67449045004132,
    "p95": 98.26768331584039,
    "max_rtp": 99.07023714176272
  }
}
