{
  "rounds_simulated": 10000000,
  "wall_seconds": 407.1328298,
  "mode": 0,
  "label": "run1_no_control",
  "overall": {
    "total_bet": 35999770287,
    "main_game_payout": 32833106822,
    "bonus_game_payout": 1217007735,
    "grand_prize_payout": 149999280,
    "rtp_percent_excl_grand": 94.58425508147188,
    "main_rtp_percent": 91.20365646848717,
    "bonus_rtp_percent": 3.3805986129847,
    "grand_rtp_percent": 0.4166673253861477,
    "rtp_percent_incl_grand": 95.00092240685802
  },
  "rtp_range_excl_grand": {
    "min_round_rtp_percent_excl_grand": 49.331103678929765,
    "max_round_rtp_percent_excl_grand": 514.4837144837145,
    "min_cumulative_rtp_percent_excl_grand": 93.59994486710318,
    "max_cumulative_rtp_percent_excl_grand": 173.07596305849074,
    "window_range_max_rounds": 2400,
    "min_window_rtp_percent_excl_grand": 93.59994486710318,
    "max_window_rtp_percent_excl_grand": 173.07596305849074,
    "window_rtp_samples": 2400,
    "window_extreme_count_first_2400": 27,
    "window_extreme_count_total": 27,
    "window_above_110_count": 27
  },
  "rtp_split_by_paid_lightning": {
    "buyer_subset": {
      "rounds": 3999846858,
      "total_bet": 17999310861,
      "main_payout": 16611420700,
      "bonus_payout": 487303530,
      "grand_payout": 60264800.42082862,
      "rtp_percent_excl_grand": 94.99654937928015
    },
    "nonbuyer_subset": {
      "rounds": 6000153142,
      "total_bet": 18000459426,
      "main_payout": 16221686122,
      "bonus_payout": 729704205,
      "grand_payout": 89734479.57917242,
      "rtp_percent_excl_grand": 94.1719870911477
    }
  },
  "jp_pool": {
    "main_pool_start": 0,
    "main_pool_end": 720,
    "sub_pool_start": 0,
    "sub_pool_end": 0,
    "total_rake_main": 150000000,
    "total_rake_sub": 0,
    "auto_inject_events": 0,
    "auto_inject_total": 0,
    "grand_prize_total": 149999280,
    "max_single_jp_payout": 4755,
    "max_round_jp_payout": 5160
  },
  "per_zone": [
    {
      "code": 0,
      "hits": 10000000,
      "lightning_triggered": 0,
      "jp_triggered": 0,
      "total_bet": 35999770287,
      "main_payout": 32833106822,
      "bonus_payout": 1217007735,
      "grand_payout": 149999280,
      "rtp_percent_excl_grand": 94.58425508147188
    },
    {
      "code": 101,
      "hits": 0,
      "lightning_triggered": 0,
      "jp_triggered": 0,
      "total_bet": 0,
      "main_payout": 0,
      "bonus_payout": 0,
      "grand_payout": 0,
      "rtp_percent_excl_grand": 0
    },
    {
      "code": 102,
      "hits": 0,
      "lightning_triggered": 0,
      "jp_triggered": 0,
      "total_bet": 0,
      "main_payout": 0,
      "bonus_payout": 0,
      "grand_payout": 0,
      "rtp_percent_excl_grand": 0
    },
    {
      "code": 103,
      "hits": 0,
      "lightning_triggered": 0,
      "jp_triggered": 0,
      "total_bet": 0,
      "main_payout": 0,
      "bonus_payout": 0,
      "grand_payout": 0,
      "rtp_percent_excl_grand": 0
    },
    {
      "code": 201,
      "hits": 0,
      "lightning_triggered": 0,
      "jp_triggered": 0,
      "total_bet": 0,
      "main_payout": 0,
      "bonus_payout": 0,
      "grand_payout": 0,
      "rtp_percent_excl_grand": 0
    },
    {
      "code": 202,
      "hits": 0,
      "lightning_triggered": 0,
      "jp_triggered": 0,
      "total_bet": 0,
      "main_payout": 0,
      "bonus_payout": 0,
      "grand_payout": 0,
      "rtp_percent_excl_grand": 0
    },
    {
      "code": 203,
      "hits": 0,
      "lightning_triggered": 0,
      "jp_triggered": 0,
      "total_bet": 0,
      "main_payout": 0,
      "bonus_payout": 0,
      "grand_payout": 0,
      "rtp_percent_excl_grand": 0
    }
  ],
  "old_rtp_trigger_counts": {
    "lightning_hits": 0,
    "jp_hits": 0
  },
  "ball_results": {
    "two_same_occurrences": 3967206,
    "two_same_rate_percent": 39.672059999999995,
    "three_same_occurrences": 344449,
    "three_same_rate_percent": 3.44449
  },
  "three_same_balls": {
    "occurrences": 344449,
    "rate_percent": 3.44449
  },
  "bonus_detail": {
    "qualified_players": 114813459,
    "cashout_total": 33737722,
    "grand_total": 1028674,
    "per_level": [
      {
        "level": 1,
        "enter": 114813459,
        "pass": 57403421,
        "fail": 57410038
      },
      {
        "level": 2,
        "enter": 28701644,
        "pass": 14350310,
        "fail": 14351334
      },
      {
        "level": 3,
        "enter": 10046443,
        "pass": 5026630,
        "fail": 5019813
      },
      {
        "level": 4,
        "enter": 4473096,
        "pass": 2235578,
        "fail": 2237518
      },
      {
        "level": 5,
        "enter": 2057034,
        "pass": 1028674,
        "fail": 1028360
      }
    ]
  },
  "per_player_quantiles": {
    "min_rtp": 94.39010751168514,
    "p5": 94.48590675434319,
    "p25": 94.54533444174712,
    "p50": 94.58310486205626,
    "p75": 94.62443502570595,
    "p95": 94.68119556379614,
    "max_rtp": 94.7596585617878
  }
}
