{
  "rounds_simulated": 35940,
  "wall_seconds": 1.356919,
  "mode": 1,
  "label": "replay",
  "player_betting_strategy": "betting_strategy=all9 | 主遊戲:九格全下(bet×9) | 付費閃電(EXTRABET):40% | 二級cashout L1-L4=[0.5 0.3 0.11 0.08]",
  "overall": {
    "total_bet": 388128541.5,
    "main_game_payout": 360459966,
    "bonus_game_payout": 17222215,
    "grand_prize_payout": 1616130,
    "rtp_percent_excl_grand": 97.30853071005086,
    "main_rtp_percent": 92.87128553002846,
    "bonus_rtp_percent": 4.437245180022402,
    "grand_rtp_percent": 0.416390403486985,
    "rtp_percent_incl_grand": 97.72492111353785
  },
  "rtp_range_excl_grand": {
    "min_round_rtp_percent_excl_grand": 54.488489306633966,
    "max_round_rtp_percent_excl_grand": 429.90995932172405,
    "min_cumulative_rtp_percent_excl_grand": 82.74894810659187,
    "max_cumulative_rtp_percent_excl_grand": 139.2931392931393,
    "window_range_max_rounds": 2400,
    "min_window_rtp_percent_excl_grand": 82.74894810659187,
    "max_window_rtp_percent_excl_grand": 139.2931392931393,
    "window_rtp_samples": 2400,
    "window_extreme_count_first_2400": 1,
    "window_extreme_count_total": 1,
    "window_above_110_count": 1
  },
  "rtp_split_by_paid_lightning": {
    "buyer_subset": {
      "rounds": 14370787,
      "total_bet": 194005624.5,
      "main_payout": 182090388,
      "bonus_payout": 6902500,
      "grand_payout": 640311.8232000183,
      "rtp_percent_excl_grand": 97.41619011669427
    },
    "nonbuyer_subset": {
      "rounds": 21569213,
      "total_bet": 194122917,
      "main_payout": 178369578,
      "bonus_payout": 10319715,
      "grand_payout": 975818.1767999774,
      "rtp_percent_excl_grand": 97.20093635312517
    }
  },
  "jp_pool": {
    "main_pool_start": 0,
    "main_pool_end": 1170,
    "sub_pool_start": 0,
    "sub_pool_end": 0,
    "total_rake_main": 1617300,
    "total_rake_sub": 0,
    "auto_inject_events": 0,
    "auto_inject_total": 0,
    "grand_prize_total": 1616130,
    "max_single_jp_payout": 3285,
    "max_round_jp_payout": 5715.000000000001
  },
  "per_zone": [
    {
      "code": 0,
      "hits": 35738,
      "lightning_triggered": 0,
      "jp_triggered": 0,
      "total_bet": 385948210.5,
      "main_payout": 358503770,
      "bonus_payout": 17054940,
      "grand_payout": 1611000,
      "rtp_percent_excl_grand": 97.30805838261556
    },
    {
      "code": 101,
      "hits": 44,
      "lightning_triggered": 37,
      "jp_triggered": 0,
      "total_bet": 474993,
      "main_payout": 395060,
      "bonus_payout": 22420,
      "grand_payout": 630.0000000000002,
      "rtp_percent_excl_grand": 87.89182156368621
    },
    {
      "code": 102,
      "hits": 80,
      "lightning_triggered": 48,
      "jp_triggered": 0,
      "total_bet": 863230.5,
      "main_payout": 769459,
      "bonus_payout": 105265,
      "grand_payout": 2475,
      "rtp_percent_excl_grand": 101.3314520281663
    },
    {
      "code": 103,
      "hits": 53,
      "lightning_triggered": 16,
      "jp_triggered": 0,
      "total_bet": 572359.5,
      "main_payout": 520931,
      "bonus_payout": 19335,
      "grand_payout": 855,
      "rtp_percent_excl_grand": 94.39277237470506
    },
    {
      "code": 201,
      "hits": 13,
      "lightning_triggered": 6,
      "jp_triggered": 0,
      "total_bet": 140193,
      "main_payout": 141822,
      "bonus_payout": 10705,
      "grand_payout": 630,
      "rtp_percent_excl_grand": 108.79787150570999
    },
    {
      "code": 202,
      "hits": 1,
      "lightning_triggered": 1,
      "jp_triggered": 0,
      "total_bet": 10750.5,
      "main_payout": 10334,
      "bonus_payout": 0,
      "grand_payout": 0,
      "rtp_percent_excl_grand": 96.12576159248407
    },
    {
      "code": 203,
      "hits": 11,
      "lightning_triggered": 8,
      "jp_triggered": 0,
      "total_bet": 118804.5,
      "main_payout": 118590,
      "bonus_payout": 9550,
      "grand_payout": 539.9999999999999,
      "rtp_percent_excl_grand": 107.85786733667496
    }
  ],
  "old_rtp_trigger_counts": {
    "lightning_hits": 116,
    "jp_hits": 0
  },
  "ball_results": {
    "two_same_occurrences": 17280,
    "two_same_rate_percent": 48.080133555926544,
    "three_same_occurrences": 1620,
    "three_same_rate_percent": 4.507512520868113
  },
  "three_same_balls": {
    "occurrences": 1620,
    "rate_percent": 4.507512520868113
  },
  "bonus_detail": {
    "qualified_players": 1620000,
    "cashout_total": 475926,
    "grand_total": 14637,
    "per_level": [
      {
        "level": 1,
        "enter": 1620000,
        "pass": 809498,
        "fail": 810502
      },
      {
        "level": 2,
        "enter": 404397,
        "pass": 201703,
        "fail": 202694
      },
      {
        "level": 3,
        "enter": 141113,
        "pass": 70554,
        "fail": 70559
      },
      {
        "level": 4,
        "enter": 62853,
        "pass": 31590,
        "fail": 31263
      },
      {
        "level": 5,
        "enter": 29056,
        "pass": 14637,
        "fail": 14419
      }
    ]
  },
  "per_player_quantiles": {
    "min_rtp": 95.72481053210807,
    "p5": 96.43490179105093,
    "p25": 96.95487181865256,
    "p50": 97.2716323883639,
    "p75": 97.67558232962804,
    "p95": 98.25903516702598,
    "max_rtp": 99.0694633066747
  }
}
