{
  "rounds_simulated": 359400,
  "wall_seconds": 10.332557,
  "mode": 0,
  "label": "replay",
  "player_betting_strategy": "betting_strategy=all9 | 主遊戲:九格全下(bet×9) | 付費閃電(EXTRABET):100%強制(原設定40%) | 二級cashout L1-L4=[0.25 0.15 0.055 0.04]",
  "overall": {
    "total_bet": 4851900000,
    "main_game_payout": 4560826000,
    "bonus_game_payout": 208350845,
    "grand_prize_payout": 16171830,
    "rtp_percent_excl_grand": 98.29503586223953,
    "main_rtp_percent": 94.00082441929966,
    "bonus_rtp_percent": 4.294211442939879,
    "grand_rtp_percent": 0.33330921906881844,
    "rtp_percent_incl_grand": 98.62834508130835
  },
  "rtp_excl_extra": {
    "main_bet_only": 3234600000,
    "main_game_payout_free_only": 2971158000,
    "bonus_game_payout": 208350845,
    "grand_prize_payout": 16171830,
    "main_rtp_percent": 91.85549990725282,
    "bonus_rtp_percent": 6.441317164409818,
    "grand_rtp_percent": 0.4999638286032276,
    "rtp_percent_incl_grand": 98.79678090026587
  },
  "rtp_range_excl_grand": {
    "min_round_rtp_percent_excl_grand": 44.44444444444444,
    "max_round_rtp_percent_excl_grand": 519.6296296296296,
    "min_cumulative_rtp_percent_excl_grand": 84.5679012345679,
    "max_cumulative_rtp_percent_excl_grand": 125.92592592592592,
    "window_range_max_rounds": 2400,
    "min_window_rtp_percent_excl_grand": 84.5679012345679,
    "max_window_rtp_percent_excl_grand": 125.92592592592592,
    "window_rtp_samples": 2400,
    "window_extreme_count_first_2400": 3,
    "window_extreme_count_total": 3,
    "window_above_110_count": 3
  },
  "rtp_split_by_paid_lightning": {
    "buyer_subset": {
      "rounds": 359400000,
      "total_bet": 4851900000,
      "main_payout": 4560826000,
      "bonus_payout": 208350845,
      "grand_payout": 16171830.000001198,
      "rtp_percent_excl_grand": 98.29503586223953,
      "main_rtp_percent": 94.00082441929966,
      "bonus_rtp_percent": 4.294211442939879,
      "grand_rtp_percent": 0.3333092190688431,
      "rtp_percent_incl_grand": 98.62834508130838
    },
    "nonbuyer_subset": {
      "rounds": 0,
      "total_bet": 0,
      "main_payout": 0,
      "bonus_payout": 0,
      "grand_payout": 0,
      "rtp_percent_excl_grand": 0,
      "main_rtp_percent": 0,
      "bonus_rtp_percent": 0,
      "grand_rtp_percent": 0,
      "rtp_percent_incl_grand": 0
    }
  },
  "jp_pool": {
    "main_pool_start": 0,
    "main_pool_end": 1170,
    "sub_pool_start": 0,
    "sub_pool_end": 0,
    "total_rake_main": 16173000,
    "total_rake_sub": 0,
    "auto_inject_events": 0,
    "auto_inject_total": 0,
    "grand_prize_total": 16171830,
    "max_single_jp_payout": 714.375,
    "max_round_jp_payout": 5715.000000000002
  },
  "per_zone": [
    {
      "code": 0,
      "mathconfig": "BASE",
      "hits": 359400,
      "hit_rate_percent": 100,
      "lightning_triggered": 0,
      "jp_triggered": 0,
      "total_bet": 4851900000,
      "main_payout": 4560826000,
      "bonus_payout": 208350845,
      "grand_payout": 16171830,
      "rtp_percent_excl_grand": 98.29503586223953
    },
    {
      "code": 101,
      "mathconfig": "PRT1",
      "hits": 0,
      "hit_rate_percent": 0,
      "lightning_triggered": 0,
      "jp_triggered": 0,
      "total_bet": 0,
      "main_payout": 0,
      "bonus_payout": 0,
      "grand_payout": 0,
      "rtp_percent_excl_grand": 0
    },
    {
      "code": 102,
      "mathconfig": "PRT2",
      "hits": 0,
      "hit_rate_percent": 0,
      "lightning_triggered": 0,
      "jp_triggered": 0,
      "total_bet": 0,
      "main_payout": 0,
      "bonus_payout": 0,
      "grand_payout": 0,
      "rtp_percent_excl_grand": 0
    },
    {
      "code": 103,
      "mathconfig": "PRT3",
      "hits": 0,
      "hit_rate_percent": 0,
      "lightning_triggered": 0,
      "jp_triggered": 0,
      "total_bet": 0,
      "main_payout": 0,
      "bonus_payout": 0,
      "grand_payout": 0,
      "rtp_percent_excl_grand": 0
    },
    {
      "code": 201,
      "mathconfig": "BST1",
      "hits": 0,
      "hit_rate_percent": 0,
      "lightning_triggered": 0,
      "jp_triggered": 0,
      "total_bet": 0,
      "main_payout": 0,
      "bonus_payout": 0,
      "grand_payout": 0,
      "rtp_percent_excl_grand": 0
    },
    {
      "code": 202,
      "mathconfig": "BST2",
      "hits": 0,
      "hit_rate_percent": 0,
      "lightning_triggered": 0,
      "jp_triggered": 0,
      "total_bet": 0,
      "main_payout": 0,
      "bonus_payout": 0,
      "grand_payout": 0,
      "rtp_percent_excl_grand": 0
    },
    {
      "code": 203,
      "mathconfig": "BST3",
      "hits": 0,
      "hit_rate_percent": 0,
      "lightning_triggered": 0,
      "jp_triggered": 0,
      "total_bet": 0,
      "main_payout": 0,
      "bonus_payout": 0,
      "grand_payout": 0,
      "rtp_percent_excl_grand": 0
    }
  ],
  "old_rtp_trigger_counts": {
    "lightning_hits": 0,
    "jp_hits": 0
  },
  "ball_results": {
    "two_same_occurrences": 172800,
    "two_same_rate_percent": 48.080133555926544,
    "three_same_occurrences": 16200,
    "three_same_rate_percent": 4.507512520868113
  },
  "three_same_balls": {
    "occurrences": 16200,
    "rate_percent": 4.507512520868113
  },
  "bonus_detail": {
    "qualified_players": 16200000,
    "cashout_total": 2576939,
    "grand_total": 293125,
    "per_level": [
      {
        "level": 1,
        "enter": 16200000,
        "pass": 8101685,
        "fail": 8098315
      },
      {
        "level": 2,
        "enter": 6075006,
        "pass": 3038187,
        "fail": 3036819
      },
      {
        "level": 3,
        "enter": 2583178,
        "pass": 1292444,
        "fail": 1290734
      },
      {
        "level": 4,
        "enter": 1221611,
        "pass": 611041,
        "fail": 610570
      },
      {
        "level": 5,
        "enter": 586623,
        "pass": 293125,
        "fail": 293498
      }
    ]
  },
  "per_player_quantiles": {
    "min_rtp": 97.71658525526082,
    "p5": 98.00317401430367,
    "p25": 98.18351573610337,
    "p50": 98.29512149879429,
    "p75": 98.41332261588244,
    "p95": 98.56872565386756,
    "max_rtp": 98.76833817679672
  }
}
