NO,Game Code,Game Status,Start Time,End Time,RTP,Risk Control,Bet Player,Bet Avg,Jackpot Pool,Bettime Players,Endtime Players,Bet Amount,MG Win,BG Win,JP Win,Total Win,Result,FreeLightning,Extra Result,Jackpot Result,Jackpot,Jackpot Avg
1,LM01260821000304,Approved,2026-08-21T06:55:40+08:00,2026-08-21T08:02:56+08:00,82.03,OFF,16,73.91,1154731.30128,80,98,1182.5000,970.0000,0.0000,0.0000,970.0000,"6,7,9","1,9","(1,2),(7,2),(8,2)",,0,0.0000
2,LM01260821000303,Approved,2026-08-21T06:54:21+08:00,2026-08-21T06:55:35+08:00,123.00,PRT_L3,75,647.90,1154725.97628,164,164,48592.5000,59770.0000,0.0000,0.0000,59770.0000,"4,9,9","3,8","(7,2),(3,2),(6,2)",,0,0.0000
3,LM01260821000302,Approved,2026-08-21T06:53:04+08:00,2026-08-21T06:54:16+08:00,141.04,PRT_L3,82,514.48,1154530.50128,172,168,42187.5000,59500.0000,0.0000,0.0000,59500.0000,"4,8,9","5,9","(9,2),(6,2),(5,1)",,0,0.0000
4,LM01260821000301,Approved,2026-08-21T06:51:46+08:00,2026-08-21T06:52:59+08:00,114.62,PRT_L3,76,785.99,1154361.10128,172,179,59735.0000,68470.0000,0.0000,0.0000,68470.0000,"1,7,9","9,3","(5,2),(4,1),(6,2)",,0,0.0000
5,LM01260821000300,Approved,2026-08-21T06:50:25+08:00,2026-08-21T06:51:41+08:00,224.60,PRT_L3,78,549.65,1154110.55128,178,178,42872.5000,96290.0000,0.0000,0.0000,96290.0000,"3,7,9","4,5","(3,2),(9,2),(4,2)",,0,0.0000
6,LM01260821000299,Approved,2026-08-21T06:49:02+08:00,2026-08-21T06:50:20+08:00,76.17,PRT_L3,75,559.83,1153938.52628,181,179,41987.5000,31980.0000,0.0000,0.0000,31980.0000,"3,4,7","2,8","(8,1),(5,2),(6,2)",,0,0.0000
7,LM01260821000298,Approved,2026-08-21T06:47:41+08:00,2026-08-21T06:48:57+08:00,117.20,PRT_L3,80,490.19,1153769.70128,177,184,39215.0000,45960.0000,0.0000,0.0000,45960.0000,"3,3,6","7,9","(8,1),(2,2),(4,2)",,0,0.0000
8,LM01260821000297,Approved,2026-08-21T06:46:21+08:00,2026-08-21T06:47:36+08:00,188.24,PRT_L3,73,614.11,1153612.95128,177,176,44830.0000,84390.0000,0.0000,0.0000,84390.0000,"3,7,7","7,6","(6,2),(3,2),(1,2)",,0,0.0000
9,LM01260821000296,Approved,2026-08-21T06:45:07+08:00,2026-08-21T06:46:16+08:00,62.75,PRT_L3,73,552.98,1153435.25128,171,178,40367.5000,25330.0000,0.0000,0.0000,25330.0000,"5,5,6","2,5","(8,2),(6,1),(2,2)",,0,0.0000
10,LM01260821000295,Approved,2026-08-21T06:43:49+08:00,2026-08-21T06:45:02+08:00,58.15,PRT_L3,68,548.01,1153273.30128,168,173,37265.0000,21670.0000,0.0000,0.0000,21670.0000,"2,3,5","2,1","(1,1),(2,2),(7,2)",,0,0.0000
11,LM01260821000294,Approved,2026-08-21T06:42:30+08:00,2026-08-21T06:43:44+08:00,103.85,PRT_L3,80,515.75,1153121.10128,166,169,41260.0000,42850.0000,0.0000,0.0000,42850.0000,"1,2,4","6,9","(8,2),(5,2),(1,1)",,0,0.0000
12,LM01260821000293,Approved,2026-08-21T06:41:15+08:00,2026-08-21T06:42:25+08:00,56.03,PRT_L3,77,431.56,1152956.05128,174,169,33230.0000,18620.0000,0.0000,0.0000,18620.0000,"5,5,7","3,2","(7,2),(3,2),(2,2)",,0,0.0000
13,LM01260821000292,Approved,2026-08-21T06:40:02+08:00,2026-08-21T06:41:10+08:00,98.47,PRT_L3,81,516.30,1152821.95128,176,173,41820.0000,41180.0000,0.0000,0.0000,41180.0000,"4,7,7","7,1","(9,2),(2,2),(7,2)",,0,0.0000
14,LM01260821000291,Approved,2026-08-21T06:38:45+08:00,2026-08-21T06:39:57+08:00,97.92,PRT_L3,81,470.28,1152659.05128,172,178,38092.5000,37300.0000,0.0000,0.0000,37300.0000,"3,7,9","4,8","(8,2),(2,1),(9,2)",,0,0.0000
15,LM01260821000290,Approved,2026-08-21T06:37:28+08:00,2026-08-21T06:38:40+08:00,68.07,PRT_L3,72,444.62,1152505.27628,175,171,32012.5000,21790.0000,0.0000,0.0000,21790.0000,"3,5,6","1,6","(3,2),(6,2),(2,2)",,0,0.0000
16,LM01260821000289,Approved,2026-08-21T06:35:31+08:00,2026-08-21T06:37:23+08:00,85.78,PRT_L3,73,461.30,1152375.30128,164,172,33675.0000,28885.0000,0.0000,0.0000,28885.0000,"4,4,7","7,8","(9,2),(1,3),(5,1)",,0,0.0000
17,LM01260821000288,Approved,2026-08-21T06:34:13+08:00,2026-08-21T06:35:26+08:00,34.93,PRT_L3,71,472.57,1152238.60128,161,168,33552.5000,11720.0000,0.0000,0.0000,11720.0000,"1,4,5","7,8","(1,1),(2,2),(4,2)",,0,0.0000
18,LM01260821000287,Approved,2026-08-21T06:32:57+08:00,2026-08-21T06:34:08+08:00,140.22,PRT_L3,72,573.13,1152104.60128,156,163,41265.0000,57860.0000,0.0000,0.0000,57860.0000,"6,6,9","2,9","(3,2),(9,2),(5,2)",,0,0.0000
19,LM01260821000286,Approved,2026-08-21T06:31:44+08:00,2026-08-21T06:32:52+08:00,67.02,PRT_L3,61,402.75,1151930.75128,151,153,24567.5000,16465.0000,0.0000,0.0000,16465.0000,"3,6,6","8,5","(5,2),(2,1),(8,3)",,0,0.0000
20,LM01260821000285,Approved,2026-08-21T06:30:33+08:00,2026-08-21T06:31:39+08:00,141.13,PRT_L3,58,511.68,1151830.65128,155,153,29677.5000,41885.0000,0.0000,0.0000,41885.0000,"3,9,9","7,8","(6,2),(8,1),(4,3)",,0,0.0000
21,LM01260821000284,Approved,2026-08-21T06:29:24+08:00,2026-08-21T06:30:28+08:00,82.31,PRT_L3,72,418.89,1151707.97628,167,161,30160.0000,24825.0000,0.0000,0.0000,24825.0000,"4,4,8","3,1","(2,2),(3,2),(7,2)",,0,0.0000
22,LM01260821000283,Approved,2026-08-21T06:28:12+08:00,2026-08-21T06:29:19+08:00,127.68,PRT_L3,66,487.12,1151582.07628,169,168,32150.0000,41050.0000,0.0000,0.0000,41050.0000,"6,6,9","2,6","(1,2),(3,1),(8,2)",,0,0.0000
23,LM01260821000282,Approved,2026-08-21T06:26:51+08:00,2026-08-21T06:28:07+08:00,122.21,PRT_L3,68,511.07,1151445.57628,167,166,34752.5000,42470.0000,0.0000,0.0000,42470.0000,"2,3,5","2,7","(3,2),(9,2),(8,2)",,0,0.0000
24,LM01260821000281,Approved,2026-08-21T06:25:16+08:00,2026-08-21T06:26:46+08:00,119.34,PRT_L3,69,467.97,1151297.25128,166,166,32290.0000,38535.0000,0.0000,0.0000,38535.0000,"1,9,9","4,6","(9,1),(3,2),(6,2)",,0,0.0000
25,LM01260821000280,Approved,2026-08-21T06:24:02+08:00,2026-08-21T06:25:11+08:00,50.51,PRT_L3,73,433.63,1151160.60128,170,168,31655.0000,15990.0000,0.0000,0.0000,15990.0000,"4,6,6","4,5","(5,2),(1,2),(9,2)",,0,0.0000
26,LM01260821000279,Approved,2026-08-21T06:22:42+08:00,2026-08-21T06:23:57+08:00,46.58,PRT_L3,75,436.20,1151027.60128,175,176,32715.0000,15240.0000,0.0000,0.0000,15240.0000,"6,6,9","8,5","(7,1),(1,2),(6,3)",,0,0.0000
27,LM01260821000278,Approved,2026-08-21T06:21:17+08:00,2026-08-21T06:22:37+08:00,48.01,PRT_L3,78,464.62,1150889.75128,171,176,36240.0000,17400.0000,0.0000,0.0000,17400.0000,"7,7,8","2,5","(1,3),(2,1),(4,2)",,0,0.0000
28,LM01260821000277,Approved,2026-08-21T06:20:01+08:00,2026-08-21T06:21:12+08:00,41.91,PRT_L3,82,448.38,1150742.77628,168,172,36767.5000,15410.0000,0.0000,0.0000,15410.0000,"1,5,6","9,1","(1,2),(4,2),(2,2)",,0,0.0000
29,LM01260821000276,Approved,2026-08-21T06:18:42+08:00,2026-08-21T06:19:56+08:00,26.14,PRT_L3,79,467.22,1150594.87628,164,171,36910.0000,9650.0000,0.0000,0.0000,9650.0000,"1,5,7","1,8","(9,2),(1,2),(5,2)",,0,0.0000
30,LM01260821000275,Approved,2026-08-21T06:17:24+08:00,2026-08-21T06:18:37+08:00,50.96,PRT_L3,81,447.22,1150444.77628,169,169,36225.0000,18460.0000,0.0000,0.0000,18460.0000,"1,5,6","8,9","(3,2),(9,2),(8,2)",,0,0.0000
31,LM01260821000274,Approved,2026-08-21T06:16:06+08:00,2026-08-21T06:17:19+08:00,21.50,PRT_L3,75,463.80,1150297.20128,160,169,34785.0000,7480.0000,0.0000,0.0000,7480.0000,"4,5,7","9,1","(4,2),(2,2),(8,2)",,0,0.0000
32,LM01260821000273,Approved,2026-08-21T06:14:47+08:00,2026-08-21T06:16:01+08:00,217.74,PRT_L3,70,376.86,1150156.87628,164,160,26380.0000,57440.0000,0.0000,0.0000,57440.0000,"3,5,9","5,3","(8,2),(2,2),(4,2)",,0,0.0000
33,LM01260821000272,Approved,2026-08-21T06:13:32+08:00,2026-08-21T06:14:42+08:00,19.36,PRT_L3,66,373.75,1150053.40128,161,164,24667.5000,4775.0000,0.0000,0.0000,4775.0000,"2,7,7","1,8","(5,1),(4,3),(1,2)",,0,0.0000
34,LM01260821000271,Approved,2026-08-21T06:12:16+08:00,2026-08-21T06:13:27+08:00,188.29,PRT_L3,71,277.82,1149962.25128,168,166,19725.0000,37140.0000,0.0000,0.0000,37140.0000,"3,5,6","6,7","(6,2),(7,2),(3,2)",,0,0.0000
35,LM01260821000270,Approved,2026-08-21T06:10:55+08:00,2026-08-21T06:12:11+08:00,75.62,PRT_L3,76,288.65,1149887.02628,166,168,21937.5000,16590.0000,0.0000,0.0000,16590.0000,"3,4,7","9,6","(4,2),(5,2),(2,2)",,0,0.0000
36,LM01260821000269,Approved,2026-08-21T06:09:42+08:00,2026-08-21T06:10:50+08:00,285.70,PRT_L3,66,279.51,1149805.65128,154,163,18447.5000,52705.0000,0.0000,0.0000,52705.0000,"3,3,9","2,1","(9,2),(2,1),(5,2)",,0,0.0000
37,LM01260821000268,Approved,2026-08-21T06:08:25+08:00,2026-08-21T06:09:37+08:00,169.65,PRT_L3,69,264.31,1149740.20128,159,159,18237.5000,30940.0000,0.0000,0.0000,30940.0000,"3,4,9","4,7","(1,2),(7,2),(3,1)",,0,0.0000
38,LM01260821000267,Approved,2026-08-21T06:07:04+08:00,2026-08-21T06:08:20+08:00,28.31,PRT_L3,70,222.04,1149674.45128,159,163,15542.5000,4400.0000,0.0000,0.0000,4400.0000,"2,2,6","2,7","(3,2),(4,2),(8,2)",,0,0.0000
39,LM01260821000266,Approved,2026-08-21T06:05:43+08:00,2026-08-21T06:06:59+08:00,103.14,PRT_L3,68,266.07,1149617.80128,162,159,18092.5000,18660.0000,0.0000,0.0000,18660.0000,"7,9,9","3,2","(6,2),(5,2),(2,1)",,0,0.0000
40,LM01260821000265,Approved,2026-08-21T06:04:23+08:00,2026-08-21T06:05:38+08:00,32.50,PRT_L3,69,264.42,1149552.17628,165,161,18245.0000,5930.0000,0.0000,0.0000,5930.0000,"1,1,8","3,9","(1,2),(9,2),(7,2)",,0,0.0000
41,LM01260821000264,Approved,2026-08-21T06:02:53+08:00,2026-08-21T06:04:18+08:00,137.83,PRT_L3,68,273.90,1149484.80128,158,167,18625.0000,25670.0000,0.0000,0.0000,25670.0000,"2,3,9","9,2","(6,2),(7,2),(1,2)",,0,0.0000
42,LM01260821000263,Approved,2026-08-21T05:59:56+08:00,2026-08-21T06:02:48+08:00,24.57,PRT_L3,64,321.80,1149417.47628,155,160,20595.0000,5060.0000,0.0000,0.0000,5060.0000,"2,5,7","5,1","(5,2),(3,2),(7,2)",,0,0.0000
43,LM01260821000262,Approved,2026-08-21T05:58:37+08:00,2026-08-21T05:59:51+08:00,61.57,PRT_L3,61,415.86,1149343.50128,145,164,25367.5000,15620.0000,0.0000,0.0000,15620.0000,"1,2,9","8,9","(2,2),(8,2),(5,1)",,0,0.0000
44,LM01260821000261,Approved,2026-08-21T05:57:23+08:00,2026-08-21T05:58:32+08:00,67.21,PRT_L3,63,444.56,1149253.72628,151,145,28007.5000,18825.0000,0.0000,0.0000,18825.0000,"2,6,6","6,3","(5,2),(6,1),(9,2)",,0,0.0000
45,LM01260821000260,Approved,2026-08-21T05:56:10+08:00,2026-08-21T05:57:18+08:00,134.83,PRT_L3,66,389.05,1149154.07628,152,153,25677.5000,34620.0000,0.0000,0.0000,34620.0000,"3,3,7","1,5","(9,1),(8,2),(7,2)",,0,0.0000
46,LM01260821000259,Approved,2026-08-21T05:54:53+08:00,2026-08-21T05:56:05+08:00,45.40,PRT_L3,66,370.11,1149063.47628,155,154,24427.5000,11090.0000,0.0000,0.0000,11090.0000,"1,7,7","1,8","(6,1),(5,2),(7,2)",,0,0.0000
47,LM01260821000258,Approved,2026-08-21T05:53:36+08:00,2026-08-21T05:54:48+08:00,111.52,PRT_L3,59,417.03,1148975.40128,150,155,24605.0000,27440.0000,0.0000,0.0000,27440.0000,"1,1,3","3,8","(6,2),(1,1),(7,2)",,0,0.0000
48,LM01260821000257,Approved,2026-08-21T05:52:20+08:00,2026-08-21T05:53:31+08:00,67.78,PRT_L3,62,365.28,1148887.92628,148,154,22647.5000,15350.0000,0.0000,0.0000,15350.0000,"4,5,9","2,1","(2,2),(7,2),(6,2)",,0,0.0000
49,LM01260821000256,Approved,2026-08-21T05:51:05+08:00,2026-08-21T05:52:15+08:00,98.90,PRT_L3,56,336.74,1148805.60128,151,155,18857.5000,18650.0000,0.0000,0.0000,18650.0000,"1,4,8","2,8","(6,2),(4,3),(7,1)",,0,0.0000
50,LM01260821000255,Approved,2026-08-21T05:49:51+08:00,2026-08-21T05:51:00+08:00,96.50,PRT_L3,62,322.42,1148737.50128,146,152,19990.0000,19290.0000,0.0000,0.0000,19290.0000,"3,8,9","3,5","(1,2),(8,2),(7,2)",,0,0.0000
51,LM01260821000254,Approved,2026-08-21T05:48:34+08:00,2026-08-21T05:49:46+08:00,101.06,PRT_L3,63,314.92,1148665.10128,152,149,19840.0000,20050.0000,0.0000,0.0000,20050.0000,"1,4,5","3,1","(2,2),(6,2),(8,2)",,0,0.0000
52,LM01260821000253,Approved,2026-08-21T05:47:20+08:00,2026-08-21T05:48:29+08:00,141.45,PRT_L3,71,291.44,1148593.50128,159,153,20692.5000,29270.0000,0.0000,0.0000,29270.0000,"1,4,6","8,9","(1,2),(8,2),(4,2)",,0,0.0000
53,LM01260821000252,Approved,2026-08-21T05:46:01+08:00,2026-08-21T05:47:15+08:00,17.70,PRT_L3,65,388.50,1148517.82628,151,160,25252.5000,4470.0000,0.0000,0.0000,4470.0000,"4,7,8","3,5","(7,2),(9,2),(3,2)",,0,0.0000
54,LM01260821000251,Approved,2026-08-21T05:44:42+08:00,2026-08-21T05:45:56+08:00,184.31,PRT_L3,61,315.49,1148426.97628,154,151,19245.0000,35470.0000,0.0000,0.0000,35470.0000,"2,3,5","2,7","(3,2),(9,1),(5,2)",,0,0.0000
55,LM01260821000250,Approved,2026-08-21T05:43:20+08:00,2026-08-21T05:44:37+08:00,46.23,PRT_L3,69,133.55,1148356.97628,165,156,9215.0000,4260.0000,0.0000,0.0000,4260.0000,"2,4,7","8,3","(5,2),(7,1),(8,2)",,0,0.0000
56,LM01260821000249,Approved,2026-08-21T05:40:54+08:00,2026-08-21T05:43:15+08:00,376.92,PRT_L3,60,162.83,1148319.55128,146,163,9770.0000,35400.0000,1425.0000,0.0000,36825.0000,"4,4,4","9,4","(4,2),(7,1),(1,2)","result:(2,3),(1,2)",0,0.0000
57,LM01260821000248,Approved,2026-08-21T05:39:31+08:00,2026-08-21T05:40:49+08:00,13.79,PRT_L3,66,326.25,1148280.72628,148,146,21532.5000,2970.0000,0.0000,0.0000,2970.0000,"1,2,7","6,7","(7,2),(4,2),(3,2)",,0,0.0000
58,LM01260821000247,Approved,2026-08-21T05:38:14+08:00,2026-08-21T05:39:26+08:00,112.71,PRT_L3,59,292.42,1148202.60128,138,149,17252.5000,19445.0000,0.0000,0.0000,19445.0000,"4,4,6","6,9","(5,2),(4,3),(1,1)",,0,0.0000
59,LM01260821000246,Approved,2026-08-21T05:36:52+08:00,2026-08-21T05:38:09+08:00,42.53,PRT_L3,55,296.68,1148139.92628,135,139,16317.5000,6940.0000,0.0000,0.0000,6940.0000,"2,8,9","6,4","(3,2),(7,1),(6,2)",,0,0.0000
60,LM01260821000245,Approved,2026-08-21T05:35:36+08:00,2026-08-21T05:36:47+08:00,19.05,PRT_L3,49,340.61,1148082.25128,134,139,16690.0000,3180.0000,0.0000,0.0000,3180.0000,"1,4,5","5,7","(4,2),(3,1),(9,2)",,0,0.0000
61,LM01260821000244,Approved,2026-08-21T05:34:21+08:00,2026-08-21T05:35:31+08:00,193.82,PRT_L3,48,332.24,1148021.50128,135,136,15947.5000,30910.0000,0.0000,0.0000,30910.0000,"1,3,9","8,2","(1,2),(9,2),(8,1)",,0,0.0000
62,LM01260821000243,Approved,2026-08-21T05:33:01+08:00,2026-08-21T05:34:16+08:00,242.55,PRT_L3,48,318.49,1147964.42628,132,135,15287.5000,37080.0000,0.0000,0.0000,37080.0000,"3,6,6","2,3","(6,2),(3,1),(4,2)",,0,0.0000
63,LM01260821000242,Approved,2026-08-21T05:31:46+08:00,2026-08-21T05:32:56+08:00,131.76,PRT_L3,50,326.65,1147909.62628,132,133,16332.5000,21520.0000,0.0000,0.0000,21520.0000,"3,6,6","2,3","(5,2),(1,1),(9,2)",,0,0.0000
64,LM01260821000241,Approved,2026-08-21T05:30:30+08:00,2026-08-21T05:31:41+08:00,101.39,PRT_L3,51,420.83,1147850.37628,136,134,21462.5000,21760.0000,0.0000,0.0000,21760.0000,"1,3,3","4,2","(4,2),(6,1),(5,2)",,0,0.0000
65,LM01260821000240,Approved,2026-08-21T05:28:41+08:00,2026-08-21T05:30:25+08:00,91.81,PRT_L3,51,132.21,1147774.05128,146,133,6742.5000,6190.0000,0.0000,0.0000,6190.0000,"1,2,4","1,5","(7,2),(1,2),(6,2)",,0,0.0000
66,LM01260821000239,Approved,2026-08-21T05:27:27+08:00,2026-08-21T05:28:36+08:00,65.78,PRT_L3,48,145.68,1147747.12628,142,148,6992.5000,4600.0000,0.0000,0.0000,4600.0000,"5,6,7","3,1","(8,2),(2,2),(1,1)",,0,0.0000
67,LM01260821000238,Approved,2026-08-21T05:25:57+08:00,2026-08-21T05:27:22+08:00,95.22,PRT_L3,43,147.03,1147718.57628,144,143,6322.5000,6020.0000,0.0000,0.0000,6020.0000,"6,8,9","4,6","(4,2),(5,2),(9,1)",,0,0.0000
68,LM01260821000237,Approved,2026-08-21T05:24:48+08:00,2026-08-21T05:25:52+08:00,17.65,PRT_L3,57,316.14,1147694.40128,150,151,18020.0000,3180.0000,0.0000,0.0000,3180.0000,"1,1,2","9,4","(5,2),(2,2),(1,2)",,0,0.0000
69,LM01260821000236,Approved,2026-08-21T05:23:35+08:00,2026-08-21T05:24:43+08:00,159.35,PRT_L3,58,316.38,1147629.22628,149,151,18350.0000,29240.0000,0.0000,0.0000,29240.0000,"3,4,6","8,2","(3,2),(8,2),(1,2)",,0,0.0000
70,LM01260821000235,Approved,2026-08-21T05:22:19+08:00,2026-08-21T05:23:30+08:00,181.98,PRT_L3,53,311.98,1147561.90128,148,150,16535.0000,30090.0000,0.0000,0.0000,30090.0000,"3,6,7","9,6","(6,2),(3,2),(9,1)",,0,0.0000
71,LM01260821000234,Approved,2026-08-21T05:21:13+08:00,2026-08-21T05:22:14+08:00,373.76,PRT_L3,52,312.16,1147500.85128,145,148,16232.5000,60670.0000,0.0000,0.0000,60670.0000,"1,3,3","9,8","(6,1),(1,2),(3,2)",,0,0.0000
72,LM01260821000233,Approved,2026-08-21T05:19:57+08:00,2026-08-21T05:21:08+08:00,123.88,PRT_L3,48,328.96,1147440.45128,138,146,15790.0000,19560.0000,0.0000,0.0000,19560.0000,"3,6,6","9,3","(2,2),(6,2),(8,1)",,0,0.0000
73,LM01260821000232,Approved,2026-08-21T05:18:38+08:00,2026-08-21T05:19:52+08:00,80.21,PRT_L3,53,292.03,1147381.50128,149,141,15477.5000,12415.0000,0.0000,0.0000,12415.0000,"3,7,7","5,4","(9,2),(4,2),(7,1)",,0,0.0000
74,LM01260821000231,Approved,2026-08-21T05:17:20+08:00,2026-08-21T05:18:33+08:00,9.98,PRT_L3,63,264.76,1147325.00128,157,150,16680.0000,1665.0000,0.0000,0.0000,1665.0000,"2,2,6","1,8","(8,2),(3,1),(7,2)",,0,0.0000
75,LM01260821000230,Approved,2026-08-21T05:16:04+08:00,2026-08-21T05:17:15+08:00,37.53,PRT_L3,61,305.74,1147263.60128,158,157,18650.0000,7000.0000,0.0000,0.0000,7000.0000,"4,6,8","2,9","(8,2),(9,2),(6,1)",,0,0.0000
76,LM01260821000229,Approved,2026-08-21T05:14:51+08:00,2026-08-21T05:15:59+08:00,32.21,PRT_L3,65,237.62,1147195.15128,166,162,15445.0000,4975.0000,0.0000,0.0000,4975.0000,"2,2,9","5,9","(6,2),(2,2),(9,2)",,0,0.0000
77,LM01260821000228,Approved,2026-08-21T05:13:35+08:00,2026-08-21T05:14:46+08:00,198.71,PRT_L3,63,240.12,1147138.50128,161,168,15127.5000,30060.0000,0.0000,0.0000,30060.0000,"1,4,7","1,8","(7,1),(3,2),(9,2)",,0,0.0000
78,LM01260821000227,Approved,2026-08-21T05:12:21+08:00,2026-08-21T05:13:30+08:00,344.64,PRT_L3,64,245.82,1147082.72628,163,162,15732.5000,54220.0000,0.0000,0.0000,54220.0000,"1,1,7","2,5","(9,1),(1,2),(5,2)",,0,0.0000
79,LM01260821000226,Approved,2026-08-21T05:11:04+08:00,2026-08-21T05:12:16+08:00,33.97,PRT_L3,63,254.21,1147025.27628,167,171,16015.0000,5440.0000,0.0000,0.0000,5440.0000,"2,4,8","2,5","(2,1),(7,2),(8,2)",,0,0.0000
80,LM01260821000225,Approved,2026-08-21T05:09:44+08:00,2026-08-21T05:10:59+08:00,89.26,PRT_L3,68,295.40,1146966.20128,166,169,20087.5000,17930.0000,0.0000,0.0000,17930.0000,"1,9,9","2,7","(1,1),(7,2),(8,2)",,0,0.0000
81,LM01260821000224,Approved,2026-08-21T05:06:52+08:00,2026-08-21T05:09:39+08:00,5.25,PRT_L3,57,568.33,1146893.92628,159,164,32395.0000,1550.0000,150.0000,0.0000,1700.0000,"8,8,8","6,3","(6,2),(8,2),(2,1)","result:(1,4),(2,3),(3,4)",0,0.0000
82,LM01260821000223,Approved,2026-08-21T05:05:35+08:00,2026-08-21T05:06:47+08:00,244.76,PRT_L3,55,554.45,1146782.42628,157,161,30495.0000,74640.0000,0.0000,0.0000,74640.0000,"3,3,5","5,3","(8,2),(7,1),(9,2)",,0,0.0000
83,LM01260821000222,Approved,2026-08-21T05:04:18+08:00,2026-08-21T05:05:30+08:00,99.62,PRT_L3,52,570.43,1146677.77628,150,159,29662.5000,29550.0000,0.0000,0.0000,29550.0000,"2,4,9","7,4","(9,1),(4,2),(5,2)",,0,0.0000
84,LM01260821000221,Approved,2026-08-21T05:03:01+08:00,2026-08-21T05:04:13+08:00,46.41,PRT_L3,53,421.56,1146574.40128,141,147,22342.5000,10370.0000,0.0000,0.0000,10370.0000,"4,4,5","9,2","(1,1),(6,2),(5,2)",,0,0.0000
85,LM01260821000220,Approved,2026-08-21T05:01:49+08:00,2026-08-21T05:02:56+08:00,22.43,PRT_L3,52,478.03,1146495.10128,148,145,24857.5000,5575.0000,0.0000,0.0000,5575.0000,"5,5,6","7,4","(5,1),(3,2),(7,2)",,0,0.0000
86,LM01260821000219,Approved,2026-08-21T05:00:33+08:00,2026-08-21T05:01:44+08:00,26.25,PRT_L3,49,440.82,1146407.02628,150,150,21600.0000,5670.0000,0.0000,0.0000,5670.0000,"5,6,7","7,8","(7,2),(3,2),(6,1)",,0,0.0000
87,LM01260821000218,Approved,2026-08-21T04:59:20+08:00,2026-08-21T05:00:28+08:00,50.27,PRT_L3,46,326.09,1146328.87628,141,155,15000.0000,7540.0000,0.0000,0.0000,7540.0000,"4,4,8","4,7","(9,2),(7,2),(3,2)",,0,0.0000
88,LM01260821000217,Approved,2026-08-21T04:58:03+08:00,2026-08-21T04:59:15+08:00,95.89,PRT_L3,44,442.27,1146274.57628,139,139,19460.0000,18660.0000,0.0000,0.0000,18660.0000,"1,9,9","3,6","(2,1),(5,2),(6,2)",,0,0.0000
89,LM01260821000216,Approved,2026-08-21T04:56:45+08:00,2026-08-21T04:57:58+08:00,35.88,PRT_L3,45,125.72,1146196.87628,139,138,5657.5000,2030.0000,0.0000,0.0000,2030.0000,"4,8,9","7,1","(1,2),(2,2),(5,1)",,0,0.0000
90,LM01260821000215,Approved,2026-08-21T04:55:02+08:00,2026-08-21T04:56:40+08:00,55.13,PRT_L3,46,112.77,1146174.22628,139,141,5187.5000,2860.0000,0.0000,0.0000,2860.0000,"1,6,7","8,7","(2,2),(3,2),(9,1)",,0,0.0000
91,LM01260821000214,Approved,2026-08-21T04:53:43+08:00,2026-08-21T04:54:57+08:00,172.90,PRT_L3,43,301.16,1146154.25128,148,140,12950.0000,22390.0000,0.0000,0.0000,22390.0000,"1,4,8","3,5","(9,2),(1,2),(8,2)",,0,0.0000
92,LM01260821000213,Approved,2026-08-21T04:52:35+08:00,2026-08-21T04:53:38+08:00,6.30,PRT_L3,53,253.25,1146107.17628,150,155,13422.5000,845.0000,0.0000,0.0000,845.0000,"2,6,6","4,9","(2,2),(9,2),(5,2)",,0,0.0000
93,LM01260821000212,Approved,2026-08-21T04:50:21+08:00,2026-08-21T04:52:30+08:00,59.23,PRT_L3,48,342.08,1146059.15128,142,150,16420.0000,5700.0000,4025.0000,0.0000,9725.0000,"8,8,8","4,7","(7,1),(8,2),(1,2)","result:(2,4),(2,4)",0,0.0000
94,LM01260821000211,Approved,2026-08-21T04:48:00+08:00,2026-08-21T04:50:16+08:00,867.01,PRT_L3,46,396.41,1145997.27628,137,141,18235.0000,35750.0000,122350.0000,0.0000,158100.0000,"3,3,3","5,6","(4,2),(5,1),(6,2)","result:(1,4),(1,3)",0,0.0000
95,LM01260821000210,Approved,2026-08-21T04:46:41+08:00,2026-08-21T04:47:55+08:00,65.08,PRT_L3,50,519.20,1145933.55128,135,142,25960.0000,16895.0000,0.0000,0.0000,16895.0000,"1,5,5","7,6","(7,2),(6,1),(5,2)",,0,0.0000
96,LM01260821000209,Approved,2026-08-21T04:45:32+08:00,2026-08-21T04:46:36+08:00,26.90,PRT_L3,49,682.76,1145823.80128,139,141,33455.0000,9000.0000,0.0000,0.0000,9000.0000,"1,5,7","3,4","(7,2),(9,2),(2,2)",,0,0.0000
97,LM01260821000208,Approved,2026-08-21T04:44:21+08:00,2026-08-21T04:45:27+08:00,61.42,PRT_L3,44,663.86,1145689.75128,130,140,29210.0000,17940.0000,0.0000,0.0000,17940.0000,"1,5,8","3,9","(6,2),(4,2),(8,2)",,0,0.0000
98,LM01260821000207,Approved,2026-08-21T04:43:05+08:00,2026-08-21T04:44:16+08:00,87.51,PRT_L3,46,725.76,1145574.95128,131,130,33385.0000,29215.0000,0.0000,0.0000,29215.0000,"5,7,7","5,4","(9,2),(8,2),(2,2)",,0,0.0000
99,LM01260821000206,Approved,2026-08-21T04:41:54+08:00,2026-08-21T04:43:00+08:00,33.23,PRT_L3,54,594.91,1145441.47628,146,135,32125.0000,10675.0000,0.0000,0.0000,10675.0000,"3,5,5","7,6","(8,2),(7,2),(6,2)",,0,0.0000
100,LM01260821000205,Approved,2026-08-21T04:40:41+08:00,2026-08-21T04:41:49+08:00,144.33,PRT_L3,61,547.91,1145314.70128,151,147,33422.5000,48240.0000,0.0000,0.0000,48240.0000,"2,3,4","8,7","(8,2),(3,2),(9,2)",,0,0.0000
101,LM01260821000204,Approved,2026-08-21T04:39:26+08:00,2026-08-21T04:40:36+08:00,71.50,PRT_L3,57,582.28,1145183.57628,155,151,33190.0000,23730.0000,0.0000,0.0000,23730.0000,"1,2,3","7,9","(4,3),(1,2),(8,1)",,0,0.0000
102,LM01260821000203,Approved,2026-08-21T04:38:15+08:00,2026-08-21T04:39:21+08:00,92.72,PRT_L3,61,549.75,1145051.75128,155,160,33535.0000,31095.0000,0.0000,0.0000,31095.0000,"1,9,9","3,5","(9,1),(3,2),(4,2)",,0,0.0000
103,LM01260821000202,Approved,2026-08-21T04:37:03+08:00,2026-08-21T04:38:10+08:00,54.95,PRT_L3,66,517.16,1144916.47628,158,159,34132.5000,18755.0000,0.0000,0.0000,18755.0000,"5,5,9","6,7","(3,2),(7,2),(9,2)",,0,0.0000
104,LM01260821000201,Approved,2026-08-21T04:35:53+08:00,2026-08-21T04:36:58+08:00,48.62,PRT_L3,63,405.32,1144779.05128,163,160,25535.0000,12415.0000,0.0000,0.0000,12415.0000,"8,9,9","7,2","(3,1),(7,2),(2,2)",,0,0.0000
105,LM01260821000200,Approved,2026-08-21T04:34:40+08:00,2026-08-21T04:35:48+08:00,48.27,PRT_L3,62,415.00,1144683.47628,150,161,25730.0000,12420.0000,0.0000,0.0000,12420.0000,"5,6,6","5,3","(2,1),(4,2),(9,2)",,0,0.0000
106,LM01260821000199,Approved,2026-08-21T04:33:24+08:00,2026-08-21T04:34:35+08:00,282.02,PRT_L3,59,416.40,1144589.47628,151,150,24567.5000,69285.0000,0.0000,0.0000,69285.0000,"1,1,7","8,9","(7,2),(1,3),(3,1)",,0,0.0000
107,LM01260821000198,Approved,2026-08-21T04:32:09+08:00,2026-08-21T04:33:19+08:00,94.96,PRT_L3,58,400.73,1144500.30128,148,153,23242.5000,22070.0000,0.0000,0.0000,22070.0000,"1,2,7","2,4","(1,2),(9,2),(8,2)",,0,0.0000
108,LM01260821000197,Approved,2026-08-21T04:30:54+08:00,2026-08-21T04:32:04+08:00,44.07,PRT_L3,53,437.55,1144417.52628,137,146,23190.0000,10220.0000,0.0000,0.0000,10220.0000,"1,4,8","3,6","(7,2),(3,1),(5,2)",,0,0.0000
109,LM01260821000196,Approved,2026-08-21T04:29:40+08:00,2026-08-21T04:30:49+08:00,149.97,PRT_L3,53,400.90,1144335.00128,138,137,21247.5000,31865.0000,0.0000,0.0000,31865.0000,"3,6,6","5,7","(5,2),(6,2),(1,2)",,0,0.0000
110,LM01260821000195,Approved,2026-08-21T04:28:31+08:00,2026-08-21T04:29:35+08:00,36.94,PRT_L3,55,234.32,1144259.22628,133,140,12887.5000,4760.0000,0.0000,0.0000,4760.0000,"5,5,7","1,5","(1,2),(5,2),(9,2)",,0,0.0000
111,LM01260821000194,Approved,2026-08-21T04:27:15+08:00,2026-08-21T04:28:26+08:00,155.73,PRT_L3,48,271.04,1144212.07628,133,134,13010.0000,20260.0000,0.0000,0.0000,20260.0000,"1,3,6","3,2","(8,2),(2,2),(6,2)",,0,0.0000
112,LM01260821000193,Approved,2026-08-21T04:25:38+08:00,2026-08-21T04:27:10+08:00,187.15,PRT_L3,52,260.48,1144164.67628,131,135,13545.0000,25350.0000,0.0000,0.0000,25350.0000,"8,9,9","2,9","(3,2),(7,2),(6,2)",,0,0.0000
113,LM01260821000192,Approved,2026-08-21T04:24:15+08:00,2026-08-21T04:25:33+08:00,65.67,PRT_L3,51,124.51,1144115.57628,138,137,6350.0000,4170.0000,0.0000,0.0000,4170.0000,"1,2,8","3,5","(2,1),(8,2),(1,2)",,0,0.0000
114,LM01260821000191,Approved,2026-08-21T04:22:52+08:00,2026-08-21T04:24:10+08:00,82.59,PRT_L3,50,137.30,1144091.50128,133,138,6865.0000,5670.0000,0.0000,0.0000,5670.0000,"2,3,8","8,9","(4,2),(8,2),(6,2)",,0,0.0000
115,LM01260821000190,Approved,2026-08-21T04:21:29+08:00,2026-08-21T04:22:47+08:00,97.31,PRT_L3,49,140.10,1144065.57628,136,138,6865.0000,6680.0000,0.0000,0.0000,6680.0000,"4,6,9","3,1","(9,2),(4,2),(1,2)",,0,0.0000
116,LM01260821000189,Approved,2026-08-21T04:20:12+08:00,2026-08-21T04:21:24+08:00,50.09,PRT_L3,43,128.60,1144039.85128,126,138,5530.0000,2770.0000,0.0000,0.0000,2770.0000,"6,7,9","9,1","(3,2),(4,2),(2,2)",,0,0.0000
117,LM01260821000188,Approved,2026-08-21T04:19:01+08:00,2026-08-21T04:20:07+08:00,131.24,PRT_L3,47,149.31,1144018.60128,131,132,7017.5000,9210.0000,0.0000,0.0000,9210.0000,"3,3,9","1,9","(5,1),(1,2),(3,2)",,0,0.0000
118,LM01260821000187,Approved,2026-08-21T04:17:44+08:00,2026-08-21T04:18:56+08:00,11.84,PRT_L3,49,195.61,1143992.10128,132,132,9585.0000,1135.0000,0.0000,0.0000,1135.0000,"7,7,9","1,8","(3,3),(4,1),(6,2)",,0,0.0000
119,LM01260821000186,Approved,2026-08-21T04:16:26+08:00,2026-08-21T04:17:39+08:00,67.68,PRT_L3,50,256.20,1143956.97628,138,131,12810.0000,8670.0000,0.0000,0.0000,8670.0000,"1,2,7","9,7","(6,2),(4,2),(3,2)",,0,0.0000
120,LM01260821000185,Approved,2026-08-21T04:15:06+08:00,2026-08-21T04:16:21+08:00,63.52,PRT_L3,57,278.25,1143911.07628,152,141,15860.0000,10075.0000,0.0000,0.0000,10075.0000,"1,1,8","5,6","(7,2),(9,2),(4,2)",,0,0.0000
121,LM01260821000184,Approved,2026-08-21T04:13:47+08:00,2026-08-21T04:15:01+08:00,60.72,PRT_L3,64,272.77,1143852.12628,158,159,17457.5000,10600.0000,0.0000,0.0000,10600.0000,"1,4,5","2,4","(5,1),(4,2),(3,2)",,0,0.0000
122,LM01260821000183,Approved,2026-08-21T04:12:32+08:00,2026-08-21T04:13:42+08:00,85.34,PRT_L3,70,254.79,1143784.87628,162,161,17835.0000,15220.0000,0.0000,0.0000,15220.0000,"2,3,4","8,9","(8,2),(5,2),(6,2)",,0,0.0000
123,LM01260821000182,Approved,2026-08-21T04:11:16+08:00,2026-08-21T04:12:27+08:00,38.20,PRT_L3,75,330.87,1143715.82628,169,163,24815.0000,9480.0000,0.0000,0.0000,9480.0000,"1,4,5","3,7","(2,1),(1,2),(9,2)",,0,0.0000
124,LM01260821000181,Approved,2026-08-21T04:10:01+08:00,2026-08-21T04:11:11+08:00,34.42,PRT_L3,71,394.82,1143615.22628,155,165,28032.5000,9650.0000,0.0000,0.0000,9650.0000,"2,4,8","6,3","(4,2),(3,1),(7,2)",,0,0.0000
125,LM01260821000180,Approved,2026-08-21T04:08:46+08:00,2026-08-21T04:09:56+08:00,66.50,PRT_L3,70,423.39,1143512.20128,149,157,29637.5000,19710.0000,0.0000,0.0000,19710.0000,"1,2,6","7,8","(2,2),(7,1),(5,3)",,0,0.0000
126,LM01260821000179,Approved,2026-08-21T04:07:27+08:00,2026-08-21T04:08:41+08:00,60.92,PRT_L3,66,404.43,1143401.30128,153,153,26692.5000,16260.0000,0.0000,0.0000,16260.0000,"3,8,8","7,2","(4,2),(9,2),(5,2)",,0,0.0000
127,LM01260821000178,Approved,2026-08-21T04:06:11+08:00,2026-08-21T04:07:22+08:00,109.89,PRT_L3,65,417.35,1143302.57628,149,156,27127.5000,29810.0000,0.0000,0.0000,29810.0000,"2,3,6","4,8","(4,1),(2,2),(9,2)",,0,0.0000
128,LM01260821000177,Approved,2026-08-21T04:04:51+08:00,2026-08-21T04:06:06+08:00,79.26,PRT_L3,69,385.43,1143201.05128,161,153,26595.0000,21080.0000,0.0000,0.0000,21080.0000,"1,3,5","1,9","(7,2),(2,2),(4,2)",,0,0.0000
129,LM01260821000176,Approved,2026-08-21T04:03:35+08:00,2026-08-21T04:04:46+08:00,90.66,PRT_L3,68,372.61,1143103.30128,154,160,25337.5000,22970.0000,0.0000,0.0000,22970.0000,"3,4,4","7,1","(4,2),(1,2),(7,1)",,0,0.0000
130,LM01260821000175,Approved,2026-08-21T04:02:14+08:00,2026-08-21T04:03:30+08:00,70.92,PRT_L3,67,414.37,1143010.87628,153,155,27762.5000,19690.0000,0.0000,0.0000,19690.0000,"2,7,7","1,7","(4,2),(5,2),(2,2)",,0,0.0000
131,LM01260821000174,Approved,2026-08-21T04:00:54+08:00,2026-08-21T04:02:09+08:00,75.63,PRT_L3,66,391.06,1142912.60128,157,155,25810.0000,19520.0000,0.0000,0.0000,19520.0000,"3,5,6","1,5","(7,2),(1,2),(8,1)",,0,0.0000
132,LM01260821000173,Approved,2026-08-21T03:59:36+08:00,2026-08-21T04:00:49+08:00,45.05,PRT_L3,73,205.68,1142819.52628,159,156,15015.0000,6765.0000,0.0000,0.0000,6765.0000,"1,1,8","5,3","(6,2),(2,2),(9,2)",,0,0.0000
133,LM01260821000172,Approved,2026-08-21T03:58:12+08:00,2026-08-21T03:59:31+08:00,68.83,PRT_L3,73,136.34,1142761.80128,153,157,9952.5000,6850.0000,0.0000,0.0000,6850.0000,"2,4,8","5,2","(4,2),(5,2),(3,1)",,0,0.0000
134,LM01260821000171,Approved,2026-08-21T03:56:43+08:00,2026-08-21T03:58:07+08:00,15.86,PRT_L3,74,300.78,1142720.87628,162,156,22257.5000,3530.0000,0.0000,0.0000,3530.0000,"2,2,5","8,7","(1,3),(5,1),(7,2)",,0,0.0000
135,LM01260821000170,Approved,2026-08-21T03:55:18+08:00,2026-08-21T03:56:38+08:00,79.19,PRT_L3,72,300.80,1142640.37628,165,168,21657.5000,17150.0000,0.0000,0.0000,17150.0000,"2,3,6","5,1","(4,2),(9,2),(5,2)",,0,0.0000
136,LM01260821000169,Approved,2026-08-21T03:53:58+08:00,2026-08-21T03:55:13+08:00,77.95,PRT_L3,72,296.84,1142560.12628,159,167,21372.5000,16660.0000,0.0000,0.0000,16660.0000,"3,6,8","4,1","(1,1),(6,2),(9,3)",,0,0.0000
137,LM01260821000168,Approved,2026-08-21T03:52:47+08:00,2026-08-21T03:53:53+08:00,37.20,PRT_L3,66,297.77,1142482.17628,164,160,19652.5000,7310.0000,0.0000,0.0000,7310.0000,"2,2,8","7,2","(6,2),(8,2),(4,2)",,0,0.0000
138,LM01260821000167,Approved,2026-08-21T03:51:35+08:00,2026-08-21T03:52:42+08:00,22.81,PRT_L3,73,378.32,1142410.42628,163,169,27617.5000,6300.0000,0.0000,0.0000,6300.0000,"2,6,6","6,7","(2,1),(4,3),(8,2)",,0,0.0000
139,LM01260821000166,Approved,2026-08-21T03:50:23+08:00,2026-08-21T03:51:30+08:00,29.45,PRT_L3,68,325.55,1142311.82628,150,162,22137.5000,6520.0000,0.0000,0.0000,6520.0000,"2,3,6","3,6","(9,2),(8,2),(4,2)",,0,0.0000
140,LM01260821000165,Approved,2026-08-21T03:49:05+08:00,2026-08-21T03:50:18+08:00,129.01,PRT_L3,60,306.04,1142232.55128,145,149,18362.5000,23690.0000,0.0000,0.0000,23690.0000,"1,2,8","4,8","(5,2),(1,2),(4,2)",,0,0.0000
141,LM01260821000164,Approved,2026-08-21T03:47:42+08:00,2026-08-21T03:49:00+08:00,37.81,PRT_L3,60,286.50,1142165.50128,148,149,17190.0000,6500.0000,0.0000,0.0000,6500.0000,"4,4,7","6,4","(5,1),(4,2),(6,3)",,0,0.0000
142,LM01260821000163,Approved,2026-08-21T03:46:24+08:00,2026-08-21T03:47:37+08:00,107.72,PRT_L3,56,471.47,1142100.75128,150,151,26402.5000,28440.0000,0.0000,0.0000,28440.0000,"2,8,9","1,3","(6,2),(5,2),(9,2)",,0,0.0000
143,LM01260821000162,Approved,2026-08-21T03:45:07+08:00,2026-08-21T03:46:19+08:00,8.53,PRT_L3,60,428.75,1142006.50128,148,156,25725.0000,2195.0000,0.0000,0.0000,2195.0000,"2,2,5","7,6","(1,1),(5,2),(4,2)",,0,0.0000
144,LM01260821000161,Approved,2026-08-21T03:43:54+08:00,2026-08-21T03:45:02+08:00,210.56,PRT_L3,64,455.66,1141917.00128,149,151,29162.5000,61405.0000,0.0000,0.0000,61405.0000,"8,9,9","3,8","(4,2),(2,2),(9,1)",,0,0.0000
145,LM01260821000160,Approved,2026-08-21T03:42:41+08:00,2026-08-21T03:43:49+08:00,64.59,PRT_L3,58,469.83,1141812.80128,152,148,27250.0000,17600.0000,0.0000,0.0000,17600.0000,"1,2,9","7,3","(6,2),(1,3),(2,1)",,0,0.0000
146,LM01260821000159,Approved,2026-08-21T03:41:25+08:00,2026-08-21T03:42:36+08:00,63.10,PRT_L3,64,450.39,1141716.45128,157,154,28825.0000,18190.0000,0.0000,0.0000,18190.0000,"1,6,8","3,8","(1,2),(4,1),(5,2)",,0,0.0000
147,LM01260821000158,Approved,2026-08-21T03:38:10+08:00,2026-08-21T03:41:20+08:00,42.62,PRT_L3,70,470.11,1141614.65128,151,162,32907.5000,9700.0000,4325.0000,0.0000,14025.0000,"1,1,1","2,1","(2,2),(7,2),(6,2)","result:(1,2),(3,4)",0,0.0000
148,LM01260821000157,Approved,2026-08-21T03:36:57+08:00,2026-08-21T03:38:05+08:00,135.23,PRT_L3,64,385.00,1141496.45128,147,154,24640.0000,33320.0000,0.0000,0.0000,33320.0000,"7,8,8","8,6","(8,2),(2,2),(6,2)",,0,0.0000
149,LM01260821000156,Approved,2026-08-21T03:35:43+08:00,2026-08-21T03:36:52+08:00,63.36,PRT_L3,65,459.92,1141408.70128,153,152,29895.0000,18940.0000,0.0000,0.0000,18940.0000,"6,6,8","2,6","(9,2),(7,2),(8,2)",,0,0.0000
150,LM01260821000155,Approved,2026-08-21T03:34:29+08:00,2026-08-21T03:35:38+08:00,98.07,PRT_L3,62,440.28,1141296.57628,152,153,27297.5000,26770.0000,0.0000,0.0000,26770.0000,"1,3,5","4,1","(8,2),(1,1),(5,2)",,0,0.0000
151,LM01260821000154,Approved,2026-08-21T03:33:10+08:00,2026-08-21T03:34:24+08:00,23.21,PRT_L3,60,406.46,1141197.57628,141,151,24387.5000,5660.0000,0.0000,0.0000,5660.0000,"8,9,9","7,2","(2,2),(7,1),(5,2)",,0,0.0000
152,LM01260821000153,Approved,2026-08-21T03:31:56+08:00,2026-08-21T03:33:05+08:00,48.83,PRT_L3,68,418.60,1141107.75128,156,145,28465.0000,13900.0000,0.0000,0.0000,13900.0000,"1,7,8","3,9","(5,2),(6,2),(4,2)",,0,0.0000
153,LM01260821000152,Approved,2026-08-21T03:30:42+08:00,2026-08-21T03:31:51+08:00,61.69,PRT_L3,75,375.43,1141005.17628,162,161,28157.5000,17370.0000,0.0000,0.0000,17370.0000,"1,4,7","4,1","(9,2),(3,2),(5,2)",,0,0.0000
154,LM01260821000151,Approved,2026-08-21T03:29:28+08:00,2026-08-21T03:30:37+08:00,80.47,PRT_L3,67,404.14,1140901.67628,158,164,27077.5000,21790.0000,0.0000,0.0000,21790.0000,"3,4,5","6,5","(7,2),(8,1),(5,2)",,0,0.0000
155,LM01260821000150,Approved,2026-08-21T03:28:15+08:00,2026-08-21T03:29:23+08:00,69.51,PRT_L3,70,417.93,1140803.15128,160,165,29255.0000,20335.0000,0.0000,0.0000,20335.0000,"7,8,8","5,1","(4,2),(3,2),(9,2)",,0,0.0000
156,LM01260821000149,Approved,2026-08-21T03:26:55+08:00,2026-08-21T03:28:10+08:00,108.70,PRT_L3,74,464.70,1140695.85128,150,159,34387.5000,37380.0000,0.0000,0.0000,37380.0000,"5,7,8","6,8","(4,1),(2,2),(7,2)",,0,0.0000
157,LM01260821000148,Approved,2026-08-21T03:25:17+08:00,2026-08-21T03:26:50+08:00,25.21,PRT_L3,73,517.74,1140573.25128,152,155,37795.0000,9530.0000,0.0000,0.0000,9530.0000,"4,5,8","6,8","(7,1),(8,2),(2,2)",,0,0.0000
158,LM01260821000147,Approved,2026-08-21T03:24:03+08:00,2026-08-21T03:25:12+08:00,48.95,PRT_L3,73,484.11,1140438.15128,160,153,35340.0000,17300.0000,0.0000,0.0000,17300.0000,"4,4,6","5,8","(3,1),(7,2),(2,2)",,0,0.0000
159,LM01260821000146,Approved,2026-08-21T03:22:48+08:00,2026-08-21T03:23:58+08:00,172.88,PRT_L3,73,483.73,1140309.82628,154,158,35312.5000,61050.0000,0.0000,0.0000,61050.0000,"2,3,7","2,6","(3,2),(1,2),(5,2)",,0,0.0000
160,LM01260821000145,Approved,2026-08-21T03:21:39+08:00,2026-08-21T03:22:43+08:00,173.59,PRT_L3,70,446.18,1140182.77628,149,155,31232.5000,54215.0000,0.0000,0.0000,54215.0000,"3,3,6","2,7","(5,2),(1,2),(4,1)",,0,0.0000
161,LM01260821000144,Approved,2026-08-21T03:20:32+08:00,2026-08-21T03:21:34+08:00,148.97,PRT_L3,70,478.25,1140071.97628,156,149,33477.5000,49870.0000,0.0000,0.0000,49870.0000,"2,3,3","4,1","(4,1),(2,2),(5,3)",,0,0.0000
162,LM01260821000143,Approved,2026-08-21T03:19:21+08:00,2026-08-21T03:20:27+08:00,53.66,PRT_L3,67,376.90,1139949.72628,149,156,25252.5000,13550.0000,0.0000,0.0000,13550.0000,"1,2,4","9,7","(9,2),(4,2),(5,2)",,0,0.0000
163,LM01260821000142,Approved,2026-08-21T03:18:13+08:00,2026-08-21T03:19:16+08:00,99.38,PRT_L3,74,346.08,1139856.75128,163,149,25610.0000,25450.0000,0.0000,0.0000,25450.0000,"6,6,7","4,1","(8,2),(7,2),(2,1)",,0,0.0000
164,LM01260821000141,Approved,2026-08-21T03:16:57+08:00,2026-08-21T03:18:08+08:00,89.57,PRT_L3,68,320.00,1139761.55128,159,160,21760.0000,19490.0000,0.0000,0.0000,19490.0000,"2,4,6","4,1","(1,2),(6,2),(2,1)",,0,0.0000
165,LM01260821000140,Approved,2026-08-21T03:15:51+08:00,2026-08-21T03:16:52+08:00,18.49,PRT_L3,68,369.85,1139680.00128,153,160,25150.0000,4650.0000,0.0000,0.0000,4650.0000,"2,8,8","2,7","(1,2),(3,2),(4,1)",,0,0.0000
166,LM01260821000139,Approved,2026-08-21T03:14:42+08:00,2026-08-21T03:15:46+08:00,438.19,PRT_L3,67,365.04,1139589.37628,156,156,24457.5000,107170.0000,0.0000,0.0000,107170.0000,"1,3,3","2,4","(8,1),(1,2),(3,3)",,0,0.0000
167,LM01260821000138,Approved,2026-08-21T03:13:25+08:00,2026-08-21T03:14:37+08:00,85.20,PRT_L3,74,264.26,1139500.22628,157,163,19555.0000,16660.0000,0.0000,0.0000,16660.0000,"2,6,9","2,5","(1,2),(9,2),(4,2)",,0,0.0000
168,LM01260821000137,Approved,2026-08-21T03:12:14+08:00,2026-08-21T03:13:20+08:00,296.98,PRT_L3,74,431.96,1139426.75128,164,159,31965.0000,94930.0000,0.0000,0.0000,94930.0000,"1,3,9","9,8","(3,2),(7,2),(9,1)",,0,0.0000
169,LM01260821000136,Approved,2026-08-21T03:11:00+08:00,2026-08-21T03:12:09+08:00,66.21,PRT_L3,73,219.73,1139311.50128,160,165,16040.0000,10620.0000,0.0000,0.0000,10620.0000,"1,4,5","8,4","(6,2),(9,1),(5,3)",,0,0.0000
170,LM01260821000135,Approved,2026-08-21T03:09:49+08:00,2026-08-21T03:10:55+08:00,153.16,PRT_L3,71,172.61,1139246.77628,160,162,12255.0000,18770.0000,0.0000,0.0000,18770.0000,"3,9,9","3,4","(2,3),(8,2),(3,1)",,0,0.0000
171,LM01260821000134,Approved,2026-08-21T03:08:29+08:00,2026-08-21T03:09:44+08:00,143.11,PRT_L3,67,226.79,1139196.17628,161,164,15195.0000,21745.0000,0.0000,0.0000,21745.0000,"3,3,6","6,1","(4,1),(1,2),(8,2)",,0,0.0000
172,LM01260821000133,Approved,2026-08-21T03:07:15+08:00,2026-08-21T03:08:24+08:00,88.69,PRT_L3,67,190.34,1139131.05128,161,162,12752.5000,11310.0000,0.0000,0.0000,11310.0000,"4,6,9","4,6","(5,2),(8,2),(7,2)",,0,0.0000
173,LM01260821000132,Approved,2026-08-21T03:04:34+08:00,2026-08-21T03:07:10+08:00,401.63,PRT_L3,72,191.84,1139080.67628,158,163,13812.5000,29550.0000,25925.0000,0.0000,55475.0000,"6,6,6","8,7","(6,2),(4,2),(7,2)","result:(2,3),(1,3),(1,3)",0,0.0000
174,LM01260821000131,Approved,2026-08-21T03:03:25+08:00,2026-08-21T03:04:29+08:00,35.69,PRT_L3,70,267.39,1139023.30128,159,159,18717.5000,6680.0000,0.0000,0.0000,6680.0000,"5,9,9","2,8","(7,2),(2,2),(8,2)",,0,0.0000
175,LM01260821000130,Approved,2026-08-21T03:02:18+08:00,2026-08-21T03:03:20+08:00,112.25,PRT_L3,74,233.24,1138950.25128,166,159,17260.0000,19375.0000,0.0000,0.0000,19375.0000,"7,7,8","8,4","(2,2),(1,2),(8,2)",,0,0.0000
176,LM01260821000129,Approved,2026-08-21T03:01:07+08:00,2026-08-21T03:02:13+08:00,53.51,PRT_L3,72,202.99,1138876.92628,156,167,14615.0000,7820.0000,0.0000,0.0000,7820.0000,"1,5,8","6,4","(1,2),(6,1),(9,2)",,0,0.0000
177,LM01260821000128,Approved,2026-08-21T02:59:53+08:00,2026-08-21T03:01:02+08:00,83.00,PRT_L3,73,201.68,1138817.92628,164,164,14722.5000,12220.0000,0.0000,0.0000,12220.0000,"2,6,9","7,6","(6,2),(3,2),(7,2)",,0,0.0000
178,LM01260821000127,Approved,2026-08-21T02:58:42+08:00,2026-08-21T02:59:48+08:00,95.19,PRT_L3,70,183.54,1138757.65128,164,164,12847.5000,12230.0000,0.0000,0.0000,12230.0000,"3,4,9","5,9","(2,1),(9,2),(1,2)",,0,0.0000
179,LM01260821000126,Approved,2026-08-21T02:57:32+08:00,2026-08-21T02:58:37+08:00,72.92,PRT_L3,81,153.06,1138706.95128,176,167,12397.5000,9040.0000,0.0000,0.0000,9040.0000,"7,7,9","5,8","(4,2),(7,2),(5,2)",,0,0.0000
180,LM01260821000125,Approved,2026-08-21T02:55:50+08:00,2026-08-21T02:57:27+08:00,133.52,PRT_L3,79,158.42,1138657.22628,170,180,12515.0000,16710.0000,0.0000,0.0000,16710.0000,"1,3,5","5,6","(6,2),(4,1),(3,2)",,0,0.0000
181,LM01260821000124,Approved,2026-08-21T02:54:37+08:00,2026-08-21T02:55:45+08:00,65.09,PRT_L3,73,199.32,1138606.32628,178,171,14550.0000,9470.0000,0.0000,0.0000,9470.0000,"4,7,7","7,2","(8,2),(1,3),(9,1)",,0,0.0000
182,LM01260821000123,Approved,2026-08-21T02:53:16+08:00,2026-08-21T02:54:32+08:00,46.98,PRT_L3,68,252.61,1138545.10128,170,178,17177.5000,8070.0000,0.0000,0.0000,8070.0000,"1,6,8","8,4","(8,2),(5,1),(4,3)",,0,0.0000
183,LM01260821000122,Approved,2026-08-21T02:51:58+08:00,2026-08-21T02:53:11+08:00,636.66,PRT_L3,62,466.09,1138478.07628,154,169,28897.5000,183980.0000,0.0000,0.0000,183980.0000,"3,3,4","9,8","(3,2),(8,2),(6,2)",,0,0.0000
184,LM01260821000121,Approved,2026-08-21T02:50:40+08:00,2026-08-21T02:51:53+08:00,94.43,PRT_L3,69,234.06,1138369.42628,167,160,16150.0000,15250.0000,0.0000,0.0000,15250.0000,"4,6,7","6,9","(7,2),(2,1),(9,2)",,0,0.0000
185,LM01260821000120,Approved,2026-08-21T02:49:24+08:00,2026-08-21T02:50:35+08:00,40.53,PRT_L3,81,218.86,1138299.92628,173,165,17727.5000,7185.0000,0.0000,0.0000,7185.0000,"7,9,9","1,4","(1,2),(8,2),(3,2)",,0,0.0000
186,LM01260821000119,Approved,2026-08-21T02:48:05+08:00,2026-08-21T02:49:19+08:00,26.25,PRT_L3,81,247.38,1138224.10128,171,174,20037.5000,5260.0000,0.0000,0.0000,5260.0000,"4,5,7","2,9","(9,2),(7,2),(6,2)",,0,0.0000
187,LM01260821000118,Approved,2026-08-21T02:46:43+08:00,2026-08-21T02:48:00+08:00,62.51,PRT_L3,77,256.36,1138135.62628,176,172,19740.0000,12340.0000,0.0000,0.0000,12340.0000,"3,6,7","4,9","(8,1),(9,2),(4,2)",,0,0.0000
188,LM01260821000117,Approved,2026-08-21T02:45:23+08:00,2026-08-21T02:46:38+08:00,170.29,PRT_L3,83,392.74,1138057.30128,177,179,32597.5000,55510.0000,0.0000,0.0000,55510.0000,"2,3,5","3,8","(4,2),(6,2),(2,2)",,0,0.0000
189,LM01260821000116,Approved,2026-08-21T02:44:04+08:00,2026-08-21T02:45:18+08:00,140.45,PRT_L3,79,360.85,1137920.10128,170,174,28507.5000,40040.0000,0.0000,0.0000,40040.0000,"1,4,6","9,8","(8,1),(1,2),(4,3)",,0,0.0000
190,LM01260821000115,Approved,2026-08-21T02:42:50+08:00,2026-08-21T02:43:59+08:00,192.14,PRT_L3,77,364.48,1137797.02628,175,168,28065.0000,53925.0000,0.0000,0.0000,53925.0000,"3,8,8","9,7","(4,1),(3,2),(1,3)",,0,0.0000
191,LM01260821000114,Approved,2026-08-21T02:41:34+08:00,2026-08-21T02:42:45+08:00,85.71,PRT_L3,76,209.41,1137686.67628,177,177,15915.0000,13640.0000,0.0000,0.0000,13640.0000,"1,1,3","7,9","(9,2),(4,1),(2,2)",,0,0.0000
192,LM01260821000113,Approved,2026-08-21T02:40:13+08:00,2026-08-21T02:41:29+08:00,74.37,PRT_L3,84,258.27,1137616.82628,180,184,21695.0000,16135.0000,0.0000,0.0000,16135.0000,"6,6,9","9,7","(4,2),(2,2),(9,2)",,0,0.0000
193,LM01260821000112,Approved,2026-08-21T02:37:55+08:00,2026-08-21T02:40:08+08:00,85.87,PRT_L3,80,559.38,1137530.37628,175,181,44750.0000,37150.0000,1275.0000,0.0000,38425.0000,"5,5,5","8,4","(6,2),(1,1),(8,2)","result:(1,2),(1,2)",0,0.0000
194,LM01260821000111,Approved,2026-08-21T02:36:34+08:00,2026-08-21T02:37:50+08:00,30.37,PRT_L3,84,649.40,1137341.12628,175,176,54550.0000,16565.0000,0.0000,0.0000,16565.0000,"1,1,5","6,9","(8,2),(3,2),(2,1)",,0,0.0000
195,LM01260821000110,Approved,2026-08-21T02:35:14+08:00,2026-08-21T02:36:29+08:00,78.31,PRT_L3,76,585.92,1137112.10128,173,174,44530.0000,34870.0000,0.0000,0.0000,34870.0000,"3,4,5","4,1","(9,2),(1,2),(6,1)",,0,0.0000
196,LM01260821000109,Approved,2026-08-21T02:33:54+08:00,2026-08-21T02:35:09+08:00,145.31,PRT_L3,67,492.91,1136917.27628,163,168,33025.0000,47990.0000,0.0000,0.0000,47990.0000,"3,5,6","4,6","(7,2),(5,2),(8,1)",,0,0.0000
197,LM01260821000108,Approved,2026-08-21T02:32:28+08:00,2026-08-21T02:33:49+08:00,78.67,PRT_L3,69,502.90,1136773.15128,164,165,34700.0000,27300.0000,0.0000,0.0000,27300.0000,"3,7,9","3,5","(6,2),(2,2),(1,1)",,0,0.0000
198,LM01260821000107,Approved,2026-08-21T02:31:01+08:00,2026-08-21T02:32:23+08:00,115.62,PRT_L3,70,557.00,1136618.97628,172,168,38990.0000,45080.0000,0.0000,0.0000,45080.0000,"3,3,4","4,3","(7,2),(4,2),(9,2)",,0,0.0000
199,LM01260821000106,Approved,2026-08-21T02:28:35+08:00,2026-08-21T02:30:56+08:00,131.04,PRT_L3,66,542.88,1136457.02628,170,176,35830.0000,26050.0000,20900.0000,0.0000,46950.0000,"1,1,1","8,3","(7,2),(1,1),(5,2)","result:(2,4),(3,4)",0,0.0000
200,LM01260821000105,Approved,2026-08-21T02:27:16+08:00,2026-08-21T02:28:30+08:00,116.36,PRT_L3,75,546.70,1136297.80128,180,174,41002.5000,47710.0000,0.0000,0.0000,47710.0000,"6,9,9","5,2","(7,2),(1,2),(2,2)",,0,0.0000
201,LM01260821000104,Approved,2026-08-21T02:25:23+08:00,2026-08-21T02:27:11+08:00,48.91,PRT_L3,76,639.31,1136135.95128,177,182,48587.5000,23765.0000,0.0000,0.0000,23765.0000,"4,4,8","6,5","(5,2),(9,1),(3,2)",,0,0.0000
202,LM01260821000103,Approved,2026-08-21T02:24:06+08:00,2026-08-21T02:25:18+08:00,154.07,PRT_L3,85,609.65,1135948.92628,179,183,51820.0000,79840.0000,0.0000,0.0000,79840.0000,"2,2,5","2,5","(4,1),(5,2),(1,2)",,0,0.0000
203,LM01260821000102,Approved,2026-08-21T02:22:47+08:00,2026-08-21T02:24:01+08:00,88.34,PRT_L3,85,746.03,1135753.17628,187,180,63412.5000,56020.0000,0.0000,0.0000,56020.0000,"1,3,7","6,9","(4,2),(9,1),(8,2)",,0,0.0000
204,LM01260821000101,Approved,2026-08-21T02:21:30+08:00,2026-08-21T02:22:42+08:00,59.05,PRT_L3,94,395.43,1135507.82628,191,192,37170.0000,21950.0000,0.0000,0.0000,21950.0000,"5,8,9","1,6","(4,2),(6,2),(5,2)",,0,0.0000
205,LM01260821000100,Approved,2026-08-21T02:20:16+08:00,2026-08-21T02:21:25+08:00,114.15,PRT_L3,89,519.61,1135355.87628,196,195,46245.0000,52790.0000,0.0000,0.0000,52790.0000,"1,3,8","9,6","(8,2),(6,2),(7,1)",,0,0.0000
206,LM01260821000099,Approved,2026-08-21T02:19:01+08:00,2026-08-21T02:20:11+08:00,53.95,PRT_L3,91,215.11,1135189.10128,195,199,19575.0000,10560.0000,0.0000,0.0000,10560.0000,"5,6,7","2,6","(8,2),(7,1),(1,2)",,0,0.0000
207,LM01260821000098,Approved,2026-08-21T02:17:43+08:00,2026-08-21T02:18:56+08:00,49.16,PRT_L3,94,381.09,1135107.52628,196,197,35822.5000,17610.0000,0.0000,0.0000,17610.0000,"1,2,6","1,7","(8,2),(9,2),(4,2)",,0,0.0000
208,LM01260821000097,Approved,2026-08-21T02:16:29+08:00,2026-08-21T02:17:38+08:00,109.05,PRT_L3,99,436.64,1134978.47628,196,196,43227.5000,47140.0000,0.0000,0.0000,47140.0000,"5,5,7","1,8","(9,2),(6,2),(8,2)",,0,0.0000
209,LM01260821000096,Approved,2026-08-21T02:14:21+08:00,2026-08-21T02:16:24+08:00,83.73,PRT_L3,88,652.13,1134801.52628,195,196,57387.5000,48050.0000,0.0000,0.0000,48050.0000,"2,3,9","7,3","(8,2),(4,2),(9,2)",,0,0.0000
210,LM01260821000095,Approved,2026-08-21T02:13:08+08:00,2026-08-21T02:14:16+08:00,63.79,PRT_L3,87,702.39,1134580.47628,194,196,61107.5000,38980.0000,0.0000,0.0000,38980.0000,"1,3,8","8,6","(6,2),(7,2),(2,2)",,0,0.0000
211,LM01260821000094,Approved,2026-08-21T02:11:56+08:00,2026-08-21T02:13:03+08:00,55.61,PRT_L3,91,754.62,1134343.60128,192,199,68670.0000,38190.0000,0.0000,0.0000,38190.0000,"2,4,8","8,1","(1,2),(5,2),(4,2)",,0,0.0000
212,LM01260821000093,Approved,2026-08-21T02:10:35+08:00,2026-08-21T02:11:51+08:00,176.89,PRT_L3,99,1052.80,1134062.15128,202,200,104227.5000,184370.0000,0.0000,0.0000,184370.0000,"4,6,8","6,3","(9,2),(4,2),(6,1)",,0,0.0000
213,LM01260821000092,Approved,2026-08-21T02:09:20+08:00,2026-08-21T02:10:30+08:00,153.95,PRT_L3,101,263.29,1133679.25128,203,206,26592.5000,40940.0000,0.0000,0.0000,40940.0000,"4,6,9","3,4","(8,2),(6,2),(4,2)",,0,0.0000
214,LM01260821000091,Approved,2026-08-21T02:08:03+08:00,2026-08-21T02:09:15+08:00,27.74,PRT_L3,102,818.14,1133566.22628,200,204,83450.0000,23150.0000,0.0000,0.0000,23150.0000,"1,6,7","8,1","(1,2),(9,2),(2,2)",,0,0.0000
215,LM01260821000090,Approved,2026-08-21T02:06:45+08:00,2026-08-21T02:07:58+08:00,127.00,PRT_L3,107,771.07,1133267.75128,208,207,82505.0000,104780.0000,0.0000,0.0000,104780.0000,"1,3,9","7,3","(2,2),(4,2),(8,1)",,0,0.0000
216,LM01260821000089,Approved,2026-08-21T02:05:30+08:00,2026-08-21T02:06:40+08:00,96.51,PRT_L3,110,203.84,1132974.17628,213,208,22422.5000,21640.0000,0.0000,0.0000,21640.0000,"6,7,9","1,2","(3,2),(6,2),(8,1)",,0,0.0000
217,LM01260821000088,Approved,2026-08-21T02:04:14+08:00,2026-08-21T02:05:25+08:00,47.37,PRT_L3,106,313.66,1132882.00128,211,214,33247.5000,15750.0000,0.0000,0.0000,15750.0000,"3,4,5","7,2","(5,2),(2,2),(7,2)",,0,0.0000
218,LM01260821000087,Approved,2026-08-21T02:02:56+08:00,2026-08-21T02:04:09+08:00,11.97,PRT_L3,113,533.14,1132732.90128,214,215,60245.0000,7210.0000,0.0000,0.0000,7210.0000,"1,2,8","5,3","(3,2),(9,2),(7,1)",,0,0.0000
219,LM01260821000086,Approved,2026-08-21T02:01:37+08:00,2026-08-21T02:02:51+08:00,61.62,PRT_L3,114,343.14,1132481.25128,210,214,39117.5000,24105.0000,0.0000,0.0000,24105.0000,"4,4,7","8,6","(8,2),(4,2),(1,1)",,0,0.0000
220,LM01260821000085,Approved,2026-08-21T02:00:22+08:00,2026-08-21T02:01:32+08:00,21.81,PRT_L3,108,517.62,1132300.40128,208,209,55902.5000,12190.0000,0.0000,0.0000,12190.0000,"2,3,4","6,1","(8,2),(9,2),(2,2)",,0,0.0000
221,LM01260821000084,Approved,2026-08-21T01:59:07+08:00,2026-08-21T02:00:17+08:00,63.33,PRT_L3,106,491.93,1132059.42628,209,210,52145.0000,33025.0000,0.0000,0.0000,33025.0000,"1,1,3","4,9","(9,3),(5,2),(7,1)",,0,0.0000
222,LM01260821000083,Approved,2026-08-21T01:57:50+08:00,2026-08-21T01:59:02+08:00,73.81,PRT_L3,111,685.16,1131838.50128,210,210,76052.5000,56135.0000,0.0000,0.0000,56135.0000,"1,1,5","6,4","(2,2),(4,2),(5,1)",,0,0.0000
223,LM01260821000082,Approved,2026-08-21T01:56:03+08:00,2026-08-21T01:57:45+08:00,91.07,PRT_L3,106,404.50,1131524.12628,197,208,42877.5000,39050.0000,0.0000,0.0000,39050.0000,"4,8,9","2,5","(4,3),(7,2),(9,1)",,0,0.0000
224,LM01260821000081,Approved,2026-08-21T01:54:46+08:00,2026-08-21T01:55:58+08:00,78.28,PRT_L3,99,299.87,1131326.67628,197,203,29687.5000,23240.0000,0.0000,0.0000,23240.0000,"4,6,8","8,3","(5,2),(2,2),(7,2)",,0,0.0000
225,LM01260821000080,Approved,2026-08-21T01:53:27+08:00,2026-08-21T01:54:41+08:00,58.38,PRT_L3,101,606.31,1131197.70128,202,204,61237.5000,35750.0000,0.0000,0.0000,35750.0000,"2,6,7","8,5","(6,2),(4,3),(2,1)",,0,0.0000
226,LM01260821000079,Approved,2026-08-21T01:52:08+08:00,2026-08-21T01:53:22+08:00,110.13,PRT_L3,105,548.17,1130941.67628,211,207,57557.5000,63390.0000,0.0000,0.0000,63390.0000,"2,2,3","2,8","(9,2),(6,2),(4,2)",,0,0.0000
227,LM01260821000078,Approved,2026-08-21T01:50:59+08:00,2026-08-21T01:52:03+08:00,205.65,PRT_L3,105,468.74,1130704.32628,203,214,49217.5000,101215.0000,0.0000,0.0000,101215.0000,"6,6,9","5,3","(9,2),(5,2),(3,2)",,0,0.0000
228,LM01260821000077,Approved,2026-08-21T01:49:49+08:00,2026-08-21T01:50:54+08:00,44.24,PRT_L3,109,492.52,1130478.10128,213,214,53685.0000,23750.0000,0.0000,0.0000,23750.0000,"4,7,7","2,1","(6,1),(4,2),(5,2)",,0,0.0000
229,LM01260821000076,Approved,2026-08-21T01:48:34+08:00,2026-08-21T01:49:44+08:00,35.77,PRT_L3,113,622.72,1130261.75128,225,220,70367.5000,25170.0000,0.0000,0.0000,25170.0000,"1,3,8","3,1","(7,2),(9,2),(4,2)",,0,0.0000
230,LM01260821000075,Approved,2026-08-21T01:47:26+08:00,2026-08-21T01:48:29+08:00,85.28,PRT_L3,112,532.92,1129978.87628,224,227,59687.5000,50900.0000,0.0000,0.0000,50900.0000,"6,6,9","3,8","(8,2),(1,2),(2,2)",,0,0.0000
231,LM01260821000074,Approved,2026-08-21T01:46:11+08:00,2026-08-21T01:47:21+08:00,203.70,PRT_L3,104,270.50,1129743.90128,215,224,28132.5000,57305.0000,0.0000,0.0000,57305.0000,"3,6,6","6,1","(8,2),(7,2),(6,1)",,0,0.0000
232,LM01260821000073,Approved,2026-08-21T01:45:00+08:00,2026-08-21T01:46:06+08:00,57.46,PRT_L3,111,267.77,1129621.67628,212,222,29722.5000,17080.0000,0.0000,0.0000,17080.0000,"1,1,4","8,9","(4,3),(5,1),(2,2)",,0,0.0000
233,LM01260821000072,Approved,2026-08-21T01:43:46+08:00,2026-08-21T01:44:55+08:00,91.83,PRT_L3,103,268.01,1129488.90128,209,216,27605.0000,25350.0000,0.0000,0.0000,25350.0000,"3,4,6","7,8","(3,2),(4,1),(1,2)",,0,0.0000
234,LM01260821000071,Approved,2026-08-21T01:42:32+08:00,2026-08-21T01:43:41+08:00,107.27,PRT_L3,109,846.19,1129370.37628,207,218,92235.0000,98945.0000,0.0000,0.0000,98945.0000,"2,7,7","3,6","(8,2),(2,2),(6,2)",,0,0.0000
235,LM01260821000070,Approved,2026-08-21T01:41:24+08:00,2026-08-21T01:42:27+08:00,39.90,PRT_L3,118,285.89,1129011.00128,222,216,33735.0000,13460.0000,0.0000,0.0000,13460.0000,"4,8,9","3,5","(2,3),(6,1),(4,2)",,0,0.0000
236,LM01260821000069,Approved,2026-08-21T01:40:15+08:00,2026-08-21T01:41:19+08:00,108.30,PRT_L3,114,434.08,1128887.92628,221,235,49485.0000,53590.0000,0.0000,0.0000,53590.0000,"3,5,7","1,9","(9,2),(6,2),(5,2)",,0,0.0000
237,LM01260821000068,Approved,2026-08-21T01:39:02+08:00,2026-08-21T01:40:10+08:00,18.61,PRT_L3,124,356.07,1128706.87628,235,229,44152.5000,8215.0000,0.0000,0.0000,8215.0000,"6,9,9","1,5","(7,1),(4,2),(1,2)",,0,0.0000
238,LM01260821000067,Approved,2026-08-21T01:37:49+08:00,2026-08-21T01:38:57+08:00,78.20,PRT_L3,128,534.45,1128544.80128,240,239,68410.0000,53500.0000,0.0000,0.0000,53500.0000,"5,6,8","1,7","(2,2),(6,1),(7,2)",,0,0.0000
239,LM01260821000066,Approved,2026-08-21T01:36:31+08:00,2026-08-21T01:37:44+08:00,26.49,PRT_L3,125,437.70,1128302.80128,233,241,54712.5000,14495.0000,0.0000,0.0000,14495.0000,"4,4,7","6,5","(4,2),(6,2),(2,2)",,0,0.0000
240,LM01260821000065,Approved,2026-08-21T01:35:22+08:00,2026-08-21T01:36:26+08:00,62.57,PRT_L3,124,286.45,1128098.62628,227,235,35520.0000,22225.0000,0.0000,0.0000,22225.0000,"7,7,8","3,1","(3,2),(7,2),(8,1)",,0,0.0000
241,LM01260821000064,Approved,2026-08-21T01:34:12+08:00,2026-08-21T01:35:17+08:00,35.43,PRT_L3,122,263.52,1127948.67628,232,230,32150.0000,11390.0000,0.0000,0.0000,11390.0000,"7,8,8","5,8","(3,2),(4,2),(5,2)",,0,0.0000
242,LM01260821000063,Approved,2026-08-21T01:33:03+08:00,2026-08-21T01:34:07+08:00,68.07,PRT_L3,115,258.07,1127813.85128,226,242,29677.5000,20200.0000,0.0000,0.0000,20200.0000,"3,5,6","8,7","(8,2),(4,1),(2,3)",,0,0.0000
243,LM01260821000062,Approved,2026-08-21T01:31:50+08:00,2026-08-21T01:32:58+08:00,82.35,PRT_L3,113,216.44,1127687.02628,217,228,24457.5000,20140.0000,0.0000,0.0000,20140.0000,"5,5,6","4,5","(2,2),(9,2),(5,2)",,0,0.0000
244,LM01260821000061,Approved,2026-08-21T01:30:39+08:00,2026-08-21T01:31:45+08:00,82.74,PRT_L3,110,398.86,1127581.07628,222,223,43875.0000,36300.0000,0.0000,0.0000,36300.0000,"2,3,3","3,5","(4,2),(8,2),(2,2)",,0,0.0000
245,LM01260821000060,Approved,2026-08-21T01:29:30+08:00,2026-08-21T01:30:34+08:00,68.02,PRT_L3,120,265.85,1127377.40128,221,223,31902.5000,21700.0000,0.0000,0.0000,21700.0000,"2,7,9","4,2","(5,1),(2,2),(9,2)",,0,0.0000
246,LM01260821000059,Approved,2026-08-21T01:28:13+08:00,2026-08-21T01:29:25+08:00,18.42,PRT_L3,123,250.65,1127235.52628,227,225,30830.0000,5680.0000,0.0000,0.0000,5680.0000,"2,4,7","5,9","(5,2),(9,2),(3,2)",,0,0.0000
247,LM01260821000058,Approved,2026-08-21T01:27:00+08:00,2026-08-21T01:28:08+08:00,22.60,PRT_L3,132,397.31,1127099.55128,251,232,52445.0000,11850.0000,0.0000,0.0000,11850.0000,"1,1,8","9,4","(6,1),(1,2),(9,2)",,0,0.0000
248,LM01260821000057,Approved,2026-08-21T01:25:15+08:00,2026-08-21T01:26:55+08:00,52.44,PRT_L3,132,239.07,1126863.40128,245,252,31557.5000,16550.0000,0.0000,0.0000,16550.0000,"2,4,7","7,4","(5,2),(7,1),(8,2)",,0,0.0000
249,LM01260821000056,Approved,2026-08-21T01:23:55+08:00,2026-08-21T01:25:10+08:00,28.14,PRT_L3,140,355.32,1126732.40128,255,255,49745.0000,14000.0000,0.0000,0.0000,14000.0000,"1,4,4","6,5","(8,1),(2,2),(6,2)",,0,0.0000
250,LM01260821000055,Approved,2026-08-21T01:22:37+08:00,2026-08-21T01:23:50+08:00,198.82,PRT_L3,152,336.69,1126507.50128,275,260,51177.5000,101750.0000,0.0000,0.0000,101750.0000,"6,6,9","2,8","(4,2),(5,2),(3,2)",,0,0.0000
251,LM01260821000054,Approved,2026-08-21T01:21:12+08:00,2026-08-21T01:22:32+08:00,51.67,PRT_L3,154,547.94,1126277.72628,267,271,84382.5000,43600.0000,0.0000,0.0000,43600.0000,"5,7,9","1,6","(2,1),(9,2),(4,2)",,0,0.0000
252,LM01260821000053,Approved,2026-08-21T01:19:51+08:00,2026-08-21T01:21:07+08:00,356.16,PRT_L3,141,470.94,1125931.72628,250,263,66402.5000,236500.0000,0.0000,0.0000,236500.0000,"2,3,6","7,2","(2,2),(4,1),(6,3)",,0,0.0000
253,LM01260821000052,Approved,2026-08-21T01:18:35+08:00,2026-08-21T01:19:46+08:00,283.47,PRT_L3,143,531.42,1125671.80128,249,253,75992.5000,215415.0000,0.0000,0.0000,215415.0000,"3,5,5","7,2","(9,2),(5,1),(2,3)",,0,0.0000
254,LM01260821000051,Approved,2026-08-21T01:17:11+08:00,2026-08-21T01:18:30+08:00,37.63,PRT_L3,147,382.33,1125362.55128,246,252,56202.5000,21150.0000,0.0000,0.0000,21150.0000,"2,2,7","6,2","(2,2),(4,1),(8,2)",,0,0.0000
255,LM01260821000050,Approved,2026-08-21T01:15:51+08:00,2026-08-21T01:17:06+08:00,81.48,PRT_L3,154,285.16,1125141.60128,256,247,43915.0000,35780.0000,0.0000,0.0000,35780.0000,"1,3,6","5,2","(6,2),(8,2),(4,1)",,0,0.0000
256,LM01260821000049,Approved,2026-08-21T01:13:45+08:00,2026-08-21T01:15:46+08:00,19.09,PRT_L3,146,391.85,1124960.32628,256,271,57210.0000,10920.0000,0.0000,0.0000,10920.0000,"1,2,5","7,3","(1,2),(4,2),(8,2)",,0,0.0000
257,LM01260821000048,Approved,2026-08-21T01:12:27+08:00,2026-08-21T01:13:40+08:00,125.75,PRT_L3,147,263.45,1124712.70128,261,261,38727.5000,48700.0000,0.0000,0.0000,48700.0000,"3,6,7","8,5","(9,2),(3,2),(1,2)",,0,0.0000
258,LM01260821000047,Approved,2026-08-21T01:11:07+08:00,2026-08-21T01:12:22+08:00,58.74,PRT_L3,158,354.38,1124552.82628,269,267,55992.5000,32890.0000,0.0000,0.0000,32890.0000,"2,3,3","2,9","(1,1),(5,2),(8,2)",,0,0.0000
259,LM01260821000046,Approved,2026-08-21T01:09:44+08:00,2026-08-21T01:11:02+08:00,56.91,PRT_L3,155,365.31,1124307.62628,280,272,56622.5000,32225.0000,0.0000,0.0000,32225.0000,"2,2,3","1,7","(3,2),(7,2),(9,2)",,0,0.0000
260,LM01260821000045,Approved,2026-08-21T01:08:26+08:00,2026-08-21T01:09:39+08:00,150.89,PRT_L3,158,354.41,1124058.10128,281,277,55997.5000,84495.0000,0.0000,0.0000,84495.0000,"4,6,6","3,2","(6,2),(2,1),(5,2)",,0,0.0000
261,LM01260821000044,Approved,2026-08-21T01:07:00+08:00,2026-08-21T01:08:21+08:00,53.89,PRT_L3,161,340.81,1123813.50128,274,285,54870.0000,29570.0000,0.0000,0.0000,29570.0000,"1,4,6","8,1","(8,1),(7,2),(5,2)",,0,0.0000
262,LM01260821000043,Approved,2026-08-21T01:05:37+08:00,2026-08-21T01:06:55+08:00,220.74,PRT_L3,155,387.65,1123584.67628,265,270,60085.0000,132630.0000,0.0000,0.0000,132630.0000,"3,6,9","9,1","(4,2),(9,2),(8,2)",,0,0.0000
263,LM01260821000042,Approved,2026-08-21T01:04:21+08:00,2026-08-21T01:05:32+08:00,103.77,PRT_L3,160,297.36,1123327.65128,266,271,47577.5000,49370.0000,0.0000,0.0000,49370.0000,"3,4,5","5,2","(1,2),(3,2),(5,2)",,0,0.0000
264,LM01260821000041,Approved,2026-08-21T01:03:05+08:00,2026-08-21T01:04:16+08:00,33.29,PRT_L3,166,315.45,1123129.25128,281,273,52365.0000,17430.0000,0.0000,0.0000,17430.0000,"1,5,5","6,4","(5,1),(2,2),(4,2)",,0,0.0000
265,LM01260821000040,Approved,2026-08-21T01:01:46+08:00,2026-08-21T01:03:00+08:00,168.32,PRT_L3,170,333.07,1122904.87628,272,285,56622.5000,95305.0000,0.0000,0.0000,95305.0000,"2,9,9","2,3","(3,1),(2,3),(7,2)",,0,0.0000
266,LM01260821000039,Approved,2026-08-21T01:00:20+08:00,2026-08-21T01:01:41+08:00,65.69,PRT_L3,158,310.74,1122658.80128,255,270,49097.5000,32250.0000,0.0000,0.0000,32250.0000,"4,5,6","4,7","(1,2),(3,2),(4,2)",,0,0.0000
267,LM01260821000038,Approved,2026-08-21T00:58:59+08:00,2026-08-21T01:00:15+08:00,147.80,PRT_L3,151,276.24,1122450.42628,258,266,41712.5000,61650.0000,0.0000,0.0000,61650.0000,"2,3,3","6,3","(4,2),(6,1),(1,2)",,0,0.0000
268,LM01260821000037,Approved,2026-08-21T00:57:32+08:00,2026-08-21T00:58:54+08:00,148.11,PRT_L3,153,261.34,1122277.42628,263,261,39985.0000,59220.0000,0.0000,0.0000,59220.0000,"4,9,9","2,7","(1,2),(4,1),(3,2)",,0,0.0000
269,LM01260821000036,Approved,2026-08-21T00:55:56+08:00,2026-08-21T00:57:27+08:00,94.65,PRT_L3,154,129.04,1122110.00128,255,266,19872.5000,18810.0000,0.0000,0.0000,18810.0000,"2,3,6","4,1","(2,1),(9,3),(3,2)",,0,0.0000
270,LM01260821000035,Approved,2026-08-21T00:54:41+08:00,2026-08-21T00:55:51+08:00,26.10,PRT_L3,155,248.05,1122025.27628,265,266,38447.5000,10035.0000,0.0000,0.0000,10035.0000,"5,5,7","4,8","(3,2),(8,2),(4,2)",,0,0.0000
271,LM01260821000034,Approved,2026-08-21T00:53:28+08:00,2026-08-21T00:54:36+08:00,103.96,PRT_L3,166,264.46,1121867.62628,283,270,43900.0000,45640.0000,0.0000,0.0000,45640.0000,"8,8,9","7,2","(9,2),(4,2),(6,2)",,0,0.0000
272,LM01260821000033,Approved,2026-08-21T00:52:11+08:00,2026-08-21T00:53:23+08:00,48.62,PRT_L3,173,196.52,1121689.25128,287,282,33997.5000,16530.0000,0.0000,0.0000,16530.0000,"1,4,7","7,2","(2,2),(7,2),(5,2)",,0,0.0000
273,LM01260821000032,Approved,2026-08-21T00:50:49+08:00,2026-08-21T00:52:06+08:00,125.78,PRT_L3,169,242.47,1121555.57628,285,293,40977.5000,51540.0000,0.0000,0.0000,51540.0000,"3,4,7","5,3","(7,2),(4,2),(3,2)",,0,0.0000
274,LM01260821000031,Approved,2026-08-21T00:49:28+08:00,2026-08-21T00:50:44+08:00,19.47,PRT_L3,170,328.56,1121383.57628,287,286,55855.0000,10875.0000,0.0000,0.0000,10875.0000,"1,1,4","5,2","(2,2),(4,2),(6,2)",,0,0.0000
275,LM01260821000030,Approved,2026-08-21T00:46:24+08:00,2026-08-21T00:49:23+08:00,100.75,PRT_L3,173,237.95,1121152.92628,279,282,41165.0000,28800.0000,12675.0000,0.0000,41475.0000,"1,1,1","1,2","(2,2),(4,1),(9,2)","result:(1,3),(1,3),(2,3)",0,0.0000
276,LM01260821000029,Approved,2026-08-21T00:44:49+08:00,2026-08-21T00:46:19+08:00,78.44,PRT_L3,167,216.89,1120985.80128,285,293,36220.0000,28410.0000,0.0000,0.0000,28410.0000,"1,3,7","9,7","(5,2),(1,1),(7,2)",,0,0.0000
277,LM01260821000028,Approved,2026-08-21T00:40:51+08:00,2026-08-21T00:44:44+08:00,126.94,PRT_L3,158,155.68,1120838.65128,266,275,24597.5000,18450.0000,12775.0000,3037.0000,34262.0000,"9,9,9","7,4","(4,1),(1,2),(5,2)","result:(1,3),(2,4),(1,2),(2,3),(1,3)",1,67.4889
278,LM01260821000027,Approved,2026-08-21T00:39:35+08:00,2026-08-21T00:40:46+08:00,159.34,PRT_L3,157,161.04,1123774.15128,270,277,25282.5000,40285.0000,0.0000,0.0000,40285.0000,"2,2,6","7,6","(7,2),(5,2),(2,2)",,0,0.0000
279,LM01260821000026,Approved,2026-08-21T00:38:10+08:00,2026-08-21T00:39:30+08:00,108.59,PRT_L3,148,142.74,1123665.85128,269,272,21125.0000,22940.0000,0.0000,0.0000,22940.0000,"1,6,9","9,4","(3,2),(8,1),(9,2)",,0,0.0000
280,LM01260821000025,Approved,2026-08-21T00:36:54+08:00,2026-08-21T00:38:05+08:00,109.76,PRT_L3,145,125.03,1123574.47628,265,275,18130.0000,19900.0000,0.0000,0.0000,19900.0000,"2,6,6","2,9","(2,2),(5,2),(6,2)",,0,0.0000
281,LM01260821000024,Approved,2026-08-21T00:35:39+08:00,2026-08-21T00:36:49+08:00,79.79,PRT_L3,152,136.38,1123497.57628,271,275,20730.0000,16540.0000,0.0000,0.0000,16540.0000,"2,6,9","2,3","(6,2),(1,2),(2,2)",,0,0.0000
282,LM01260821000023,Approved,2026-08-21T00:34:23+08:00,2026-08-21T00:35:34+08:00,28.34,PRT_L3,166,177.27,1123409.02628,291,278,29427.5000,8340.0000,0.0000,0.0000,8340.0000,"2,2,8","4,8","(7,2),(8,2),(6,2)",,0,0.0000
283,LM01260821000022,Approved,2026-08-21T00:33:00+08:00,2026-08-21T00:34:18+08:00,65.64,PRT_L3,174,156.19,1123283.17628,310,295,27177.5000,17840.0000,0.0000,0.0000,17840.0000,"1,4,5","4,3","(6,1),(9,2),(7,3)",,0,0.0000
284,LM01260821000021,Approved,2026-08-21T00:31:43+08:00,2026-08-21T00:32:55+08:00,44.58,PRT_L3,181,147.43,1123172.15128,302,313,26685.0000,11895.0000,0.0000,0.0000,11895.0000,"1,1,5","6,4","(6,2),(5,2),(8,1)",,0,0.0000
285,LM01260821000020,Approved,2026-08-21T00:30:24+08:00,2026-08-21T00:31:38+08:00,77.24,PRT_L3,179,144.87,1123061.85128,306,306,25932.5000,20030.0000,0.0000,0.0000,20030.0000,"6,7,7","1,3","(6,2),(1,2),(3,2)",,0,0.0000
286,LM01260821000019,Approved,2026-08-21T00:28:12+08:00,2026-08-21T00:30:19+08:00,89.01,PRT_L3,156,145.22,1122951.80128,282,309,22655.0000,20165.0000,0.0000,0.0000,20165.0000,"3,4,4","2,7","(5,1),(1,2),(3,2)",,0,0.0000
287,LM01260821000018,Approved,2026-08-21T00:26:33+08:00,2026-08-21T00:28:07+08:00,34.39,PRT_L3,162,137.85,1122856.97628,285,289,22332.5000,7680.0000,0.0000,0.0000,7680.0000,"2,4,8","5,7","(6,2),(5,1),(2,2)",,0,0.0000
288,LM01260821000017,Approved,2026-08-21T00:23:42+08:00,2026-08-21T00:26:28+08:00,80.75,PRT_L3,162,194.37,1122763.80128,280,289,31487.5000,20550.0000,4875.0000,0.0000,25425.0000,"4,4,4","8,1","(1,1),(5,2),(3,2)","result:(2,4),(1,2),(2,3)",0,0.0000
289,LM01260821000016,Approved,2026-08-21T00:22:26+08:00,2026-08-21T00:23:37+08:00,59.95,PRT_L3,163,167.53,1122634.87628,275,281,27307.5000,16370.0000,0.0000,0.0000,16370.0000,"1,1,5","2,3","(1,2),(9,1),(7,2)",,0,0.0000
290,LM01260821000015,Approved,2026-08-21T00:21:18+08:00,2026-08-21T00:22:21+08:00,58.14,PRT_L3,159,161.93,1122523.10128,277,278,25747.5000,14970.0000,0.0000,0.0000,14970.0000,"4,5,6","1,8","(4,3),(5,2),(2,1)",,0,0.0000
291,LM01260821000014,Approved,2026-08-21T00:20:08+08:00,2026-08-21T00:21:13+08:00,48.26,PRT_L3,166,150.59,1122418.67628,286,284,24997.5000,12065.0000,0.0000,0.0000,12065.0000,"4,5,5","2,9","(6,2),(4,2),(7,2)",,0,0.0000
292,LM01260821000013,Approved,2026-08-21T00:18:54+08:00,2026-08-21T00:20:03+08:00,143.53,PRT_L3,163,150.37,1122316.92628,285,285,24510.0000,35180.0000,0.0000,0.0000,35180.0000,"1,6,9","7,6","(7,2),(9,2),(1,2)",,0,0.0000
293,LM01260821000012,Approved,2026-08-21T00:17:46+08:00,2026-08-21T00:18:49+08:00,91.98,PRT_L3,170,159.66,1122218.25128,294,288,27142.5000,24965.0000,0.0000,0.0000,24965.0000,"2,3,3","2,4","(5,2),(6,1),(7,2)",,0,0.0000
294,LM01260821000011,Approved,2026-08-21T00:16:39+08:00,2026-08-21T00:17:41+08:00,94.48,PRT_L3,174,173.36,1122105.30128,308,302,30165.0000,28500.0000,0.0000,0.0000,28500.0000,"1,1,7","8,7","(8,1),(1,2),(5,2)",,0,0.0000
295,LM01260821000010,Approved,2026-08-21T00:15:23+08:00,2026-08-21T00:16:34+08:00,44.96,PRT_L3,173,140.19,1121980.22628,302,310,24252.5000,10905.0000,0.0000,0.0000,10905.0000,"2,5,5","1,7","(2,2),(7,1),(5,3)",,0,0.0000
296,LM01260821000009,Approved,2026-08-21T00:14:05+08:00,2026-08-21T00:15:18+08:00,123.29,PRT_L3,173,138.54,1121876.50128,308,305,23967.5000,29550.0000,0.0000,0.0000,29550.0000,"7,9,9","4,6","(6,2),(4,2),(1,1)",,0,0.0000
297,LM01260821000008,Approved,2026-08-21T00:10:53+08:00,2026-08-21T00:14:00+08:00,453.29,OFF,168,126.95,1121774.52628,287,303,21327.5000,34900.0000,61775.0000,0.0000,96675.0000,"3,3,3","8,5","(6,2),(4,2),(9,2)","result:(1,3),(2,3),(1,4),(1,2)",0,0.0000
298,LM01260821000007,Approved,2026-08-21T00:09:38+08:00,2026-08-21T00:10:48+08:00,101.20,OFF,176,125.37,1121686.50128,292,289,22065.0000,22330.0000,0.0000,0.0000,22330.0000,"1,3,6","8,4","(4,2),(1,2),(3,2)",,0,0.0000
299,LM01260821000006,Approved,2026-08-21T00:08:28+08:00,2026-08-21T00:09:33+08:00,92.82,OFF,178,112.25,1121595.62628,289,294,19980.0000,18545.0000,0.0000,0.0000,18545.0000,"7,7,9","4,6","(6,2),(8,2),(9,1)",,0,0.0000
300,LM01260821000005,Approved,2026-08-21T00:07:17+08:00,2026-08-21T00:08:23+08:00,123.64,OFF,161,139.18,1121512.87628,289,291,22407.5000,27705.0000,0.0000,0.0000,27705.0000,"8,9,9","8,2","(8,2),(7,2),(1,2)",,0,0.0000
301,LM01260821000004,Approved,2026-08-21T00:06:04+08:00,2026-08-21T00:07:12+08:00,64.35,OFF,175,127.96,1121421.12628,298,299,22392.5000,14410.0000,0.0000,0.0000,14410.0000,"6,7,7","6,9","(9,2),(5,2),(4,2)",,0,0.0000
302,LM01260821000003,Approved,2026-08-21T00:04:47+08:00,2026-08-21T00:05:59+08:00,39.79,OFF,166,138.39,1121328.90128,296,299,22972.5000,9140.0000,0.0000,0.0000,9140.0000,"1,2,5","2,4","(8,2),(5,2),(9,2)",,0,0.0000
303,LM01260821000002,Approved,2026-08-21T00:03:35+08:00,2026-08-21T00:04:42+08:00,88.42,OFF,167,130.16,1121236.25128,280,300,21737.5000,19220.0000,0.0000,0.0000,19220.0000,"2,6,9","7,5","(5,2),(9,2),(7,2)",,0,0.0000
304,LM01260821000001,Approved,2026-08-21T00:02:21+08:00,2026-08-21T00:03:30+08:00,50.97,PRT_L3,163,118.31,1121149.97628,279,288,19285.0000,9830.0000,0.0000,0.0000,9830.0000,"1,7,8","4,3","(3,3),(6,1),(1,2)",,0,0.0000
305,LM01260821000000,Approved,2026-08-21T00:01:09+08:00,2026-08-21T00:02:16+08:00,28.97,PRT_L3,176,117.97,1121069.65128,289,293,20762.5000,6015.0000,0.0000,0.0000,6015.0000,"4,4,7","1,2","(3,1),(7,2),(5,2)",,0,0.0000
306,LM01260820000938,Approved,2026-08-21T00:00:00+08:00,2026-08-21T00:01:04+08:00,94.84,PRT_L3,174,129.74,1120983.95128,298,289,22575.0000,21410.0000,0.0000,0.0000,21410.0000,"6,7,9","2,5","(5,2),(9,2),(7,2)",,0,0.0000
307,LM01260820000937,Approved,2026-08-20T23:58:50+08:00,2026-08-20T23:59:55+08:00,201.54,PRT_L3,175,139.40,1120893.17628,305,302,24395.0000,49165.0000,0.0000,0.0000,49165.0000,"3,9,9","4,3","(8,2),(9,2),(4,2)",,0,0.0000
308,LM01260820000936,Approved,2026-08-20T23:57:36+08:00,2026-08-20T23:58:45+08:00,57.64,PRT_L3,169,126.38,1120791.17628,298,305,21357.5000,12310.0000,0.0000,0.0000,12310.0000,"2,5,8","3,1","(5,2),(1,2),(8,1)",,0,0.0000
309,LM01260820000935,Approved,2026-08-20T23:55:55+08:00,2026-08-20T23:57:31+08:00,132.34,PRT_L3,156,133.64,1120699.97628,278,308,20847.5000,27590.0000,0.0000,0.0000,27590.0000,"3,9,9","7,9","(8,2),(2,2),(4,2)",,0,0.0000
310,LM01260820000934,Approved,2026-08-20T23:54:35+08:00,2026-08-20T23:55:50+08:00,96.58,PRT_L3,162,130.32,1120613.97628,293,291,21112.5000,20390.0000,0.0000,0.0000,20390.0000,"3,6,9","2,4","(3,1),(5,2),(8,2)",,0,0.0000
311,LM01260820000933,Approved,2026-08-20T23:53:13+08:00,2026-08-20T23:54:30+08:00,81.33,PRT_L3,182,128.70,1120528.02628,307,297,23422.5000,19050.0000,0.0000,0.0000,19050.0000,"3,4,6","8,9","(9,2),(8,2),(5,2)",,0,0.0000
312,LM01260820000932,Approved,2026-08-20T23:51:52+08:00,2026-08-20T23:53:08+08:00,77.42,PRT_L3,175,145.11,1120432.57628,303,310,25395.0000,19660.0000,0.0000,0.0000,19660.0000,"1,2,7","7,9","(6,2),(8,1),(1,3)",,0,0.0000
313,LM01260820000931,Approved,2026-08-20T23:50:37+08:00,2026-08-20T23:51:47+08:00,71.57,PRT_L3,179,135.59,1120328.67628,297,306,24270.0000,17370.0000,0.0000,0.0000,17370.0000,"1,7,9","8,4","(7,1),(1,2),(8,2)",,0,0.0000
314,LM01260820000930,Approved,2026-08-20T23:49:18+08:00,2026-08-20T23:50:32+08:00,79.86,PRT_L3,176,137.10,1120226.77628,303,300,24130.0000,19270.0000,0.0000,0.0000,19270.0000,"3,5,7","2,3","(4,2),(7,2),(8,1)",,0,0.0000
315,LM01260820000929,Approved,2026-08-20T23:47:56+08:00,2026-08-20T23:49:13+08:00,92.41,PRT_L3,177,128.15,1120124.10128,296,310,22682.5000,20960.0000,0.0000,0.0000,20960.0000,"1,3,6","7,3","(6,2),(7,2),(9,2)",,0,0.0000
316,LM01260820000928,Approved,2026-08-20T23:46:33+08:00,2026-08-20T23:47:51+08:00,114.65,PRT_L3,169,146.39,1120027.40128,299,305,24740.0000,28365.0000,0.0000,0.0000,28365.0000,"7,7,9","9,3","(5,1),(4,2),(9,2)",,0,0.0000
317,LM01260820000927,Approved,2026-08-20T23:45:13+08:00,2026-08-20T23:46:28+08:00,81.06,PRT_L3,202,132.95,1119921.17628,324,309,26855.0000,21770.0000,0.0000,0.0000,21770.0000,"2,2,6","6,1","(4,2),(3,2),(2,1)",,0,0.0000
318,LM01260820000926,Approved,2026-08-20T23:43:58+08:00,2026-08-20T23:45:08+08:00,40.57,PRT_L3,200,121.53,1119805.80128,322,329,24305.0000,9860.0000,0.0000,0.0000,9860.0000,"1,2,5","4,9","(5,2),(6,2),(9,2)",,0,0.0000
319,LM01260820000925,Approved,2026-08-20T23:42:43+08:00,2026-08-20T23:43:53+08:00,96.49,PRT_L3,198,123.35,1119702.20128,314,321,24422.5000,23565.0000,0.0000,0.0000,23565.0000,"7,8,8","5,4","(4,2),(6,2),(5,2)",,0,0.0000
320,LM01260820000924,Approved,2026-08-20T23:41:26+08:00,2026-08-20T23:42:38+08:00,83.86,PRT_L3,196,127.33,1119596.22628,322,316,24957.5000,20930.0000,0.0000,0.0000,20930.0000,"3,3,9","1,4","(6,1),(4,2),(5,2)",,0,0.0000
321,LM01260820000923,Approved,2026-08-20T23:40:12+08:00,2026-08-20T23:41:21+08:00,70.37,PRT_L3,193,116.04,1119490.97628,309,315,22395.0000,15760.0000,0.0000,0.0000,15760.0000,"1,4,9","6,5","(1,2),(4,2),(9,1)",,0,0.0000
322,LM01260820000922,Approved,2026-08-20T23:38:59+08:00,2026-08-20T23:40:07+08:00,177.44,PRT_L3,195,123.76,1119396.20128,326,309,24132.5000,42820.0000,0.0000,0.0000,42820.0000,"6,9,9","9,5","(5,2),(1,2),(6,2)",,0,0.0000
323,LM01260820000921,Approved,2026-08-20T23:37:40+08:00,2026-08-20T23:38:54+08:00,124.41,PRT_L3,202,120.89,1119291.87628,331,332,24420.0000,30380.0000,0.0000,0.0000,30380.0000,"3,4,8","2,8","(9,2),(8,1),(6,2)",,0,0.0000
324,LM01260820000920,Approved,2026-08-20T23:36:18+08:00,2026-08-20T23:37:35+08:00,45.59,PRT_L3,205,123.48,1119186.30128,339,336,25312.5000,11540.0000,0.0000,0.0000,11540.0000,"5,7,9","2,6","(4,2),(6,2),(3,2)",,0,0.0000
325,LM01260820000919,Approved,2026-08-20T23:35:02+08:00,2026-08-20T23:36:13+08:00,73.47,PRT_L3,198,121.05,1119078.05128,325,339,23967.5000,17610.0000,0.0000,0.0000,17610.0000,"4,6,8","2,4","(9,1),(1,2),(4,2)",,0,0.0000
326,LM01260820000918,Approved,2026-08-20T23:33:45+08:00,2026-08-20T23:34:57+08:00,104.54,PRT_L3,207,127.05,1118974.50128,337,325,26300.0000,27495.0000,0.0000,0.0000,27495.0000,"6,6,9","8,4","(1,2),(6,1),(4,2)",,0,0.0000
327,LM01260820000917,Approved,2026-08-20T23:32:30+08:00,2026-08-20T23:33:40+08:00,87.73,PRT_L3,206,128.81,1118862.27628,333,335,26535.0000,23280.0000,0.0000,0.0000,23280.0000,"7,7,8","9,8","(3,2),(1,1),(2,2)",,0,0.0000
328,LM01260820000916,Approved,2026-08-20T23:31:11+08:00,2026-08-20T23:32:25+08:00,142.68,PRT_L3,213,122.62,1118748.75128,330,344,26117.5000,37265.0000,0.0000,0.0000,37265.0000,"2,8,8","6,1","(8,2),(2,2),(6,2)",,0,0.0000
329,LM01260820000915,Approved,2026-08-20T23:29:50+08:00,2026-08-20T23:31:06+08:00,63.86,PRT_L3,214,116.34,1118636.72628,339,340,24897.5000,15900.0000,0.0000,0.0000,15900.0000,"2,3,6","5,8","(8,1),(2,2),(5,2)",,0,0.0000
330,LM01260820000914,Approved,2026-08-20T23:28:28+08:00,2026-08-20T23:29:45+08:00,61.92,PRT_L3,220,142.45,1118525.45128,339,345,31340.0000,19405.0000,0.0000,0.0000,19405.0000,"7,8,8","2,9","(7,2),(5,2),(9,1)",,0,0.0000
331,LM01260820000913,Approved,2026-08-20T23:27:07+08:00,2026-08-20T23:28:23+08:00,141.30,PRT_L3,214,117.54,1118392.75128,338,339,25152.5000,35540.0000,0.0000,0.0000,35540.0000,"2,3,3","8,3","(2,2),(5,2),(7,1)",,0,0.0000
332,LM01260820000912,Approved,2026-08-20T23:25:22+08:00,2026-08-20T23:27:02+08:00,65.77,PRT_L3,221,140.84,1118282.82628,326,340,31125.0000,20470.0000,0.0000,0.0000,20470.0000,"6,9,9","2,6","(9,2),(6,2),(4,1)",,0,0.0000
333,LM01260820000911,Approved,2026-08-20T23:24:06+08:00,2026-08-20T23:25:17+08:00,82.81,PRT_L3,221,155.12,1118144.90128,358,343,34282.5000,28390.0000,0.0000,0.0000,28390.0000,"1,3,6","1,9","(6,1),(3,2),(5,2)",,0,0.0000
334,LM01260820000910,Approved,2026-08-20T23:22:50+08:00,2026-08-20T23:24:01+08:00,57.82,PRT_L3,232,132.18,1117994.67628,351,369,30665.0000,17730.0000,0.0000,0.0000,17730.0000,"1,2,4","1,6","(8,1),(3,2),(1,2)",,0,0.0000
335,LM01260820000909,Approved,2026-08-20T23:21:38+08:00,2026-08-20T23:22:45+08:00,71.82,PRT_L3,228,135.58,1117857.75128,356,362,30912.5000,22200.0000,0.0000,0.0000,22200.0000,"3,5,8","6,7","(7,2),(9,2),(3,1)",,0,0.0000
336,LM01260820000908,Approved,2026-08-20T23:20:20+08:00,2026-08-20T23:21:33+08:00,129.94,PRT_L3,232,123.73,1117717.00128,341,364,28705.0000,37300.0000,0.0000,0.0000,37300.0000,"8,8,9","1,2","(6,2),(8,2),(1,2)",,0,0.0000
337,LM01260820000907,Approved,2026-08-20T23:19:08+08:00,2026-08-20T23:20:15+08:00,109.29,PRT_L3,226,129.68,1117588.82628,349,343,29307.5000,32030.0000,0.0000,0.0000,32030.0000,"6,8,9","9,8","(8,2),(5,2),(4,1)",,0,0.0000
338,LM01260820000906,Approved,2026-08-20T23:17:50+08:00,2026-08-20T23:19:03+08:00,61.21,PRT_L3,226,116.94,1117456.02628,367,352,26427.5000,16175.0000,0.0000,0.0000,16175.0000,"1,7,7","8,6","(9,2),(2,2),(1,2)",,0,0.0000
339,LM01260820000905,Approved,2026-08-20T23:16:36+08:00,2026-08-20T23:17:45+08:00,24.99,PRT_L3,229,381.58,1117337.52628,354,370,87382.5000,21835.0000,0.0000,0.0000,21835.0000,"1,7,7","6,1","(1,2),(9,2),(2,2)",,0,0.0000
340,LM01260820000904,Approved,2026-08-20T23:15:24+08:00,2026-08-20T23:16:31+08:00,44.03,PRT_L3,225,198.26,1116914.65128,361,359,44607.5000,19640.0000,0.0000,0.0000,19640.0000,"2,7,7","3,6","(5,2),(9,2),(6,2)",,0,0.0000
341,LM01260820000903,Approved,2026-08-20T23:14:08+08:00,2026-08-20T23:15:19+08:00,65.12,PRT_L3,221,226.37,1116704.85128,347,369,50027.5000,32580.0000,0.0000,0.0000,32580.0000,"2,5,6","6,2","(4,2),(7,2),(2,2)",,0,0.0000
342,LM01260820000902,Approved,2026-08-20T23:12:50+08:00,2026-08-20T23:14:03+08:00,120.08,PRT_L3,222,109.35,1116466.92628,339,359,24275.0000,29150.0000,0.0000,0.0000,29150.0000,"8,8,9","8,6","(5,2),(2,1),(7,2)",,0,0.0000
343,LM01260820000901,Approved,2026-08-20T23:11:27+08:00,2026-08-20T23:12:45+08:00,74.11,PRT_L3,218,98.73,1116359.55128,334,342,21522.5000,15950.0000,0.0000,0.0000,15950.0000,"1,8,9","4,8","(1,1),(8,2),(6,2)",,0,0.0000
344,LM01260820000900,Approved,2026-08-20T23:10:06+08:00,2026-08-20T23:11:22+08:00,52.29,PRT_L3,202,90.22,1116266.20128,325,344,18225.0000,9530.0000,0.0000,0.0000,9530.0000,"7,8,9","7,2","(1,2),(9,1),(2,2)",,0,0.0000
345,LM01260820000899,Approved,2026-08-20T23:08:50+08:00,2026-08-20T23:10:01+08:00,88.08,PRT_L3,192,91.54,1116187.30128,318,328,17575.0000,15480.0000,0.0000,0.0000,15480.0000,"1,4,8","1,4","(8,3),(3,2),(1,1)",,0,0.0000
346,LM01260820000898,Approved,2026-08-20T23:07:33+08:00,2026-08-20T23:08:45+08:00,86.00,PRT_L3,186,80.93,1116111.30128,300,318,15052.5000,12945.0000,0.0000,0.0000,12945.0000,"3,8,8","6,9","(2,2),(5,1),(6,2)",,0,0.0000
347,LM01260820000897,Approved,2026-08-20T23:06:20+08:00,2026-08-20T23:07:28+08:00,40.79,PRT_L3,191,92.55,1116047.32628,309,320,17677.5000,7210.0000,0.0000,0.0000,7210.0000,"2,9,9","5,4","(5,1),(7,2),(6,2)",,0,0.0000
348,LM01260820000896,Approved,2026-08-20T23:05:05+08:00,2026-08-20T23:06:15+08:00,112.39,PRT_L3,206,86.88,1115968.87628,336,311,17897.5000,20115.0000,0.0000,0.0000,20115.0000,"3,3,6","6,8","(9,2),(4,2),(2,2)",,0,0.0000
349,LM01260820000895,Approved,2026-08-20T23:03:56+08:00,2026-08-20T23:05:00+08:00,79.27,PRT_L3,209,107.62,1115890.42628,335,347,22492.5000,17830.0000,0.0000,0.0000,17830.0000,"1,4,4","8,4","(5,2),(8,2),(3,2)",,0,0.0000
350,LM01260820000894,Approved,2026-08-20T23:02:43+08:00,2026-08-20T23:03:51+08:00,66.00,PRT_L3,224,118.71,1115791.32628,351,341,26590.0000,17550.0000,0.0000,0.0000,17550.0000,"2,7,8","5,3","(2,2),(7,2),(4,1)",,0,0.0000
351,LM01260820000893,Approved,2026-08-20T23:01:28+08:00,2026-08-20T23:02:38+08:00,53.39,PRT_L3,214,116.50,1115672.02628,347,368,24930.0000,13310.0000,0.0000,0.0000,13310.0000,"1,5,6","2,9","(8,2),(3,2),(4,2)",,0,0.0000
352,LM01260820000892,Approved,2026-08-20T23:00:18+08:00,2026-08-20T23:01:23+08:00,67.75,PRT_L3,216,103.87,1115561.10128,342,366,22435.0000,15200.0000,0.0000,0.0000,15200.0000,"2,5,6","7,6","(6,2),(9,1),(8,2)",,0,0.0000
353,LM01260820000891,Approved,2026-08-20T22:59:03+08:00,2026-08-20T23:00:13+08:00,48.21,PRT_L3,220,113.52,1115461.47628,352,349,24975.0000,12040.0000,0.0000,0.0000,12040.0000,"2,2,3","4,1","(6,3),(7,1),(1,2)",,0,0.0000
354,LM01260820000890,Approved,2026-08-20T22:57:47+08:00,2026-08-20T22:58:58+08:00,118.69,PRT_L3,221,103.70,1115350.55128,358,364,22917.5000,27200.0000,0.0000,0.0000,27200.0000,"4,7,8","1,8","(8,2),(1,1),(7,2)",,0,0.0000
355,LM01260820000889,Approved,2026-08-20T22:56:40+08:00,2026-08-20T22:57:42+08:00,29.40,PRT_L3,239,164.42,1115247.97628,380,370,39297.5000,11555.0000,0.0000,0.0000,11555.0000,"4,4,8","3,1","(2,1),(9,2),(6,2)",,0,0.0000
356,LM01260820000888,Approved,2026-08-20T22:54:52+08:00,2026-08-20T22:56:35+08:00,49.75,PRT_L3,254,137.70,1115087.67628,377,394,34975.0000,17400.0000,0.0000,0.0000,17400.0000,"4,6,7","8,7","(5,2),(2,1),(1,2)",,0,0.0000
357,LM01260820000887,Approved,2026-08-20T22:53:36+08:00,2026-08-20T22:54:47+08:00,140.60,PRT_L3,254,144.52,1114939.67628,393,412,36707.5000,51610.0000,0.0000,0.0000,51610.0000,"3,4,6","9,6","(3,2),(7,1),(8,3)",,0,0.0000
358,LM01260820000886,Approved,2026-08-20T22:52:12+08:00,2026-08-20T22:53:31+08:00,47.38,PRT_L3,256,139.01,1114787.12628,404,392,35587.5000,16860.0000,0.0000,0.0000,16860.0000,"5,6,9","4,6","(8,2),(4,1),(1,2)",,0,0.0000
359,LM01260820000885,Approved,2026-08-20T22:50:47+08:00,2026-08-20T22:52:07+08:00,77.56,PRT_L3,245,136.40,1114638.40128,393,410,33417.5000,25920.0000,0.0000,0.0000,25920.0000,"5,7,7","7,9","(1,1),(7,2),(6,3)",,0,0.0000
360,LM01260820000884,Approved,2026-08-20T22:49:26+08:00,2026-08-20T22:50:42+08:00,47.86,PRT_L3,247,140.60,1114499.20128,392,398,34727.5000,16620.0000,0.0000,0.0000,16620.0000,"2,7,9","7,9","(9,1),(2,2),(6,2)",,0,0.0000
361,LM01260820000883,Approved,2026-08-20T22:48:05+08:00,2026-08-20T22:49:21+08:00,50.15,PRT_L3,274,107.23,1114356.62628,414,393,29380.0000,14735.0000,0.0000,0.0000,14735.0000,"4,4,8","5,1","(4,2),(5,1),(2,2)",,0,0.0000
362,LM01260820000882,Approved,2026-08-20T22:46:48+08:00,2026-08-20T22:48:00+08:00,84.60,PRT_L3,255,104.53,1114224.30128,400,425,26655.0000,22550.0000,0.0000,0.0000,22550.0000,"3,8,9","7,8","(6,1),(4,2),(2,2)",,0,0.0000
363,LM01260820000881,Approved,2026-08-20T22:45:30+08:00,2026-08-20T22:46:43+08:00,85.17,PRT_L3,270,105.15,1114106.37628,412,413,28390.0000,24180.0000,0.0000,0.0000,24180.0000,"1,6,8","4,1","(9,2),(6,2),(8,2)",,0,0.0000
364,LM01260820000880,Approved,2026-08-20T22:44:11+08:00,2026-08-20T22:45:25+08:00,102.39,PRT_L3,269,98.58,1113978.42628,402,415,26517.5000,27150.0000,0.0000,0.0000,27150.0000,"3,4,6","2,9","(3,2),(2,2),(1,2)",,0,0.0000
365,LM01260820000879,Approved,2026-08-20T22:42:56+08:00,2026-08-20T22:44:06+08:00,29.39,PRT_L3,279,206.92,1113860.85128,395,414,57730.0000,16965.0000,0.0000,0.0000,16965.0000,"6,7,7","3,5","(7,1),(1,3),(5,2)",,0,0.0000
366,LM01260820000878,Approved,2026-08-20T22:41:35+08:00,2026-08-20T22:42:51+08:00,143.84,PRT_L3,247,154.21,1113588.10128,374,401,38090.0000,54790.0000,0.0000,0.0000,54790.0000,"2,3,5","8,7","(2,2),(5,1),(6,2)",,0,0.0000
367,LM01260820000877,Approved,2026-08-20T22:40:21+08:00,2026-08-20T22:41:30+08:00,185.75,PRT_L3,246,160.02,1113409.95128,389,373,39365.0000,73120.0000,0.0000,0.0000,73120.0000,"1,2,2","7,2","(4,1),(3,2),(9,2)",,0,0.0000
368,LM01260820000876,Approved,2026-08-20T22:39:07+08:00,2026-08-20T22:40:16+08:00,203.05,PRT_L3,243,136.97,1113223.35128,380,402,33282.5000,67580.0000,0.0000,0.0000,67580.0000,"2,3,4","3,1","(8,2),(3,2),(2,2)",,0,0.0000
369,LM01260820000875,Approved,2026-08-20T22:37:48+08:00,2026-08-20T22:39:02+08:00,177.72,PRT_L3,238,149.37,1113067.20128,365,384,35550.0000,63180.0000,0.0000,0.0000,63180.0000,"1,3,3","4,8","(8,2),(2,1),(5,2)",,0,0.0000
370,LM01260820000874,Approved,2026-08-20T22:36:30+08:00,2026-08-20T22:37:43+08:00,57.78,PRT_L3,235,206.36,1112901.37628,363,378,48495.0000,28020.0000,0.0000,0.0000,28020.0000,"2,4,5","5,4","(1,2),(2,2),(5,1)",,0,0.0000
371,LM01260820000873,Approved,2026-08-20T22:35:10+08:00,2026-08-20T22:36:25+08:00,143.59,PRT_L3,233,191.45,1112697.17628,364,370,44607.5000,64050.0000,0.0000,0.0000,64050.0000,"3,3,7","1,5","(4,2),(8,1),(1,2)",,0,0.0000
372,LM01260820000872,Approved,2026-08-20T22:33:54+08:00,2026-08-20T22:35:05+08:00,15.30,PRT_L3,235,226.65,1112514.17628,360,378,53262.5000,8150.0000,0.0000,0.0000,8150.0000,"6,8,8","3,7","(9,2),(1,2),(2,2)",,0,0.0000
373,LM01260820000871,Approved,2026-08-20T22:32:28+08:00,2026-08-20T22:33:49+08:00,134.63,PRT_L3,216,234.05,1112287.05128,341,360,50555.0000,68060.0000,0.0000,0.0000,68060.0000,"2,3,6","2,8","(6,2),(3,2),(9,2)",,0,0.0000
374,LM01260820000870,Approved,2026-08-20T22:31:16+08:00,2026-08-20T22:32:23+08:00,42.69,PRT_L3,237,208.27,1112071.95128,360,352,49360.0000,21070.0000,0.0000,0.0000,21070.0000,"1,2,8","9,5","(8,2),(3,2),(9,2)",,0,0.0000
375,LM01260820000869,Approved,2026-08-20T22:29:56+08:00,2026-08-20T22:31:11+08:00,84.92,PRT_L3,219,153.70,1111864.32628,366,368,33660.0000,28585.0000,0.0000,0.0000,28585.0000,"1,1,5","8,2","(2,2),(5,2),(9,2)",,0,0.0000
376,LM01260820000868,Approved,2026-08-20T22:28:40+08:00,2026-08-20T22:29:51+08:00,92.85,PRT_L3,224,155.06,1111709.25128,366,377,34732.5000,32250.0000,0.0000,0.0000,32250.0000,"1,3,9","2,5","(6,3),(5,1),(1,2)",,0,0.0000
377,LM01260820000867,Approved,2026-08-20T22:27:21+08:00,2026-08-20T22:28:35+08:00,111.65,PRT_L3,245,190.30,1111549.75128,399,381,46622.5000,52055.0000,0.0000,0.0000,52055.0000,"3,3,8","9,6","(7,2),(1,3),(5,1)",,0,0.0000
378,LM01260820000866,Approved,2026-08-20T22:25:26+08:00,2026-08-20T22:27:16+08:00,89.77,PRT_L3,263,174.43,1111353.80128,385,410,45875.0000,41180.0000,0.0000,0.0000,41180.0000,"6,7,9","7,6","(1,2),(3,2),(8,2)",,0,0.0000
379,LM01260820000865,Approved,2026-08-20T22:24:07+08:00,2026-08-20T22:25:21+08:00,42.46,PRT_L3,257,158.71,1111160.10128,386,394,40787.5000,17320.0000,0.0000,0.0000,17320.0000,"1,7,8","2,3","(5,3),(9,1),(1,2)",,0,0.0000
380,LM01260820000864,Approved,2026-08-20T22:22:53+08:00,2026-08-20T22:24:02+08:00,72.38,PRT_L3,253,168.75,1110986.82628,387,396,42692.5000,30900.0000,0.0000,0.0000,30900.0000,"1,2,4","5,4","(7,2),(5,2),(2,2)",,0,0.0000
381,LM01260820000863,Approved,2026-08-20T22:21:41+08:00,2026-08-20T22:22:48+08:00,66.92,PRT_L3,247,159.36,1110800.17628,375,387,39362.5000,26340.0000,0.0000,0.0000,26340.0000,"1,1,8","6,1","(5,2),(4,1),(6,2)",,0,0.0000
382,LM01260820000862,Approved,2026-08-20T22:20:26+08:00,2026-08-20T22:21:36+08:00,154.13,PRT_L3,245,195.99,1110630.67628,380,383,48017.5000,74010.0000,0.0000,0.0000,74010.0000,"2,3,9","6,9","(6,1),(1,2),(9,2)",,0,0.0000
383,LM01260820000861,Approved,2026-08-20T22:19:10+08:00,2026-08-20T22:20:21+08:00,84.20,PRT_L3,245,210.11,1110418.72628,388,392,51477.5000,43345.0000,0.0000,0.0000,43345.0000,"4,4,7","6,7","(7,1),(3,2),(4,2)",,0,0.0000
384,LM01260820000860,Approved,2026-08-20T22:17:58+08:00,2026-08-20T22:19:05+08:00,81.35,PRT_L3,260,196.65,1110195.35128,388,389,51130.0000,41595.0000,0.0000,0.0000,41595.0000,"4,7,7","5,4","(1,1),(8,2),(9,2)",,0,0.0000
385,LM01260820000859,Approved,2026-08-20T22:16:41+08:00,2026-08-20T22:17:53+08:00,59.63,PRT_L3,267,192.45,1109975.02628,382,393,51385.0000,30640.0000,0.0000,0.0000,30640.0000,"1,1,8","9,5","(7,2),(6,2),(5,2)",,0,0.0000
386,LM01260820000858,Approved,2026-08-20T22:15:25+08:00,2026-08-20T22:16:36+08:00,109.79,PRT_L3,247,192.79,1109754.77628,381,394,47620.0000,52280.0000,0.0000,0.0000,52280.0000,"3,3,5","9,2","(8,2),(4,2),(5,1)",,0,0.0000
387,LM01260820000857,Approved,2026-08-20T22:14:09+08:00,2026-08-20T22:15:20+08:00,235.54,PRT_L3,246,138.23,1109548.62628,381,398,34005.0000,80095.0000,0.0000,0.0000,80095.0000,"3,3,4","9,1","(4,1),(7,2),(3,2)",,0,0.0000
388,LM01260820000856,Approved,2026-08-20T22:12:54+08:00,2026-08-20T22:14:04+08:00,74.90,PRT_L3,251,162.39,1109408.00128,385,386,40760.0000,30530.0000,0.0000,0.0000,30530.0000,"3,4,8","2,7","(2,2),(9,2),(5,1)",,0,0.0000
389,LM01260820000855,Approved,2026-08-20T22:11:35+08:00,2026-08-20T22:12:49+08:00,95.93,PRT_L3,233,169.16,1109234.77628,366,389,39415.0000,37810.0000,0.0000,0.0000,37810.0000,"2,5,9","9,5","(3,2),(1,2),(7,2)",,0,0.0000
390,LM01260820000854,Approved,2026-08-20T22:10:14+08:00,2026-08-20T22:11:30+08:00,76.66,PRT_L3,229,114.66,1109067.45128,345,368,26257.5000,20130.0000,0.0000,0.0000,20130.0000,"5,6,6","5,9","(5,1),(1,2),(7,2)",,0,0.0000
391,LM01260820000853,Approved,2026-08-20T22:08:48+08:00,2026-08-20T22:10:09+08:00,63.42,PRT_L3,220,168.80,1108948.27628,337,352,37135.0000,23550.0000,0.0000,0.0000,23550.0000,"2,3,9","3,4","(5,2),(6,2),(8,2)",,0,0.0000
392,LM01260820000852,Approved,2026-08-20T22:07:27+08:00,2026-08-20T22:08:43+08:00,76.26,PRT_L3,214,127.09,1108775.10128,319,353,27197.5000,20740.0000,0.0000,0.0000,20740.0000,"6,7,9","5,7","(9,2),(4,2),(7,2)",,0,0.0000
393,LM01260820000851,Approved,2026-08-20T22:05:58+08:00,2026-08-20T22:07:22+08:00,80.60,PRT_L3,215,148.51,1108650.15128,334,322,31930.0000,25735.0000,0.0000,0.0000,25735.0000,"1,1,3","8,6","(7,1),(2,2),(3,2)",,0,0.0000
394,LM01260820000850,Approved,2026-08-20T22:04:47+08:00,2026-08-20T22:05:53+08:00,109.52,PRT_L3,212,147.12,1108502.50128,338,341,31190.0000,34160.0000,0.0000,0.0000,34160.0000,"3,4,6","4,3","(8,1),(3,2),(4,2)",,0,0.0000
395,LM01260820000849,Approved,2026-08-20T22:03:33+08:00,2026-08-20T22:04:42+08:00,48.24,PRT_L3,227,143.01,1108357.12628,365,351,32462.5000,15660.0000,0.0000,0.0000,15660.0000,"1,4,9","3,8","(1,2),(2,2),(6,2)",,0,0.0000
396,LM01260820000848,Approved,2026-08-20T21:59:43+08:00,2026-08-20T22:03:28+08:00,122.66,PRT_L3,203,149.20,1108205.40128,305,361,30287.5000,20150.0000,17000.0000,0.0000,37150.0000,"2,2,2","4,3","(3,1),(6,2),(9,2)","result:(2,3),(1,4)",0,0.0000
397,LM01260820000847,Approved,2026-08-20T21:58:20+08:00,2026-08-20T21:59:38+08:00,83.35,PRT_L3,197,202.17,1108070.05128,326,335,39827.5000,33195.0000,0.0000,0.0000,33195.0000,"5,7,7","1,9","(5,1),(3,2),(9,2)",,0,0.0000
398,LM01260820000846,Approved,2026-08-20T21:57:02+08:00,2026-08-20T21:58:15+08:00,32.07,PRT_L3,190,242.87,1107897.82628,320,336,46145.0000,14800.0000,0.0000,0.0000,14800.0000,"4,5,9","6,3","(6,2),(7,2),(2,2)",,0,0.0000
399,LM01260820000845,Approved,2026-08-20T21:55:45+08:00,2026-08-20T21:56:57+08:00,122.44,PRT_L3,191,191.53,1107682.12628,325,324,36582.5000,44790.0000,0.0000,0.0000,44790.0000,"2,2,6","7,8","(1,2),(6,1),(5,2)",,0,0.0000
400,LM01260820000844,Approved,2026-08-20T21:54:23+08:00,2026-08-20T21:55:40+08:00,69.65,PRT_L3,185,136.20,1107510.45128,314,325,25197.5000,17550.0000,0.0000,0.0000,17550.0000,"2,6,9","1,4","(6,2),(4,1),(5,2)",,0,0.0000
401,LM01260820000843,Approved,2026-08-20T21:52:00+08:00,2026-08-20T21:54:18+08:00,181.32,PRT_L3,180,203.60,1107395.47628,319,314,36647.5000,56600.0000,9850.0000,0.0000,66450.0000,"2,2,2","3,2","(5,2),(8,1),(3,2)","result:(2,3),(2,3)",0,0.0000
402,LM01260820000842,Approved,2026-08-20T21:50:47+08:00,2026-08-20T21:51:55+08:00,29.37,PRT_L3,186,246.96,1107234.25128,322,332,45935.0000,13490.0000,0.0000,0.0000,13490.0000,"6,6,8","5,4","(9,2),(1,2),(6,1)",,0,0.0000
403,LM01260820000841,Approved,2026-08-20T21:49:34+08:00,2026-08-20T21:50:42+08:00,57.06,PRT_L3,180,182.06,1107024.45128,309,324,32770.0000,18700.0000,0.0000,0.0000,18700.0000,"2,4,6","7,1","(4,2),(2,2),(3,2)",,0,0.0000
404,LM01260820000840,Approved,2026-08-20T21:48:16+08:00,2026-08-20T21:49:29+08:00,81.08,PRT_L3,187,200.17,1106875.37628,317,325,37432.5000,30350.0000,0.0000,0.0000,30350.0000,"4,7,9","9,6","(8,2),(5,2),(2,2)",,0,0.0000
405,LM01260820000839,Approved,2026-08-20T21:47:02+08:00,2026-08-20T21:48:11+08:00,63.33,PRT_L3,203,159.15,1106712.75128,320,326,32307.5000,20460.0000,0.0000,0.0000,20460.0000,"8,9,9","1,9","(8,2),(4,1),(7,2)",,0,0.0000
406,LM01260820000838,Approved,2026-08-20T21:45:48+08:00,2026-08-20T21:46:57+08:00,82.69,PRT_L3,205,203.70,1106574.27628,325,324,41757.5000,34530.0000,0.0000,0.0000,34530.0000,"2,3,4","8,9","(9,2),(4,1),(8,2)",,0,0.0000
407,LM01260820000837,Approved,2026-08-20T21:44:35+08:00,2026-08-20T21:45:43+08:00,142.16,PRT_L3,193,216.46,1106386.00128,314,327,41777.5000,59390.0000,0.0000,0.0000,59390.0000,"3,5,7","6,1","(3,2),(2,2),(7,2)",,0,0.0000
408,LM01260820000836,Approved,2026-08-20T21:43:22+08:00,2026-08-20T21:44:30+08:00,78.32,PRT_L3,189,203.20,1106206.47628,316,314,38405.0000,30080.0000,0.0000,0.0000,30080.0000,"2,2,3","1,7","(6,2),(8,1),(9,2)",,0,0.0000
409,LM01260820000835,Approved,2026-08-20T21:42:12+08:00,2026-08-20T21:43:17+08:00,186.57,PRT_L3,195,197.60,1106041.77628,309,321,38532.5000,71890.0000,0.0000,0.0000,71890.0000,"1,1,3","1,8","(9,2),(7,2),(1,2)",,0,0.0000
410,LM01260820000834,Approved,2026-08-20T21:40:58+08:00,2026-08-20T21:42:07+08:00,136.02,PRT_L3,190,167.47,1105877.20128,320,311,31820.0000,43280.0000,0.0000,0.0000,43280.0000,"1,1,3","7,6","(5,1),(6,2),(4,2)",,0,0.0000
411,LM01260820000833,Approved,2026-08-20T21:39:44+08:00,2026-08-20T21:40:53+08:00,62.82,PRT_L3,193,181.13,1105743.40128,313,322,34957.5000,21960.0000,0.0000,0.0000,21960.0000,"3,5,8","6,7","(8,2),(4,1),(6,3)",,0,0.0000
412,LM01260820000832,Approved,2026-08-20T21:38:30+08:00,2026-08-20T21:39:39+08:00,73.10,PRT_L3,190,186.68,1105596.50128,318,313,35470.0000,25930.0000,0.0000,0.0000,25930.0000,"1,2,7","9,3","(5,1),(6,2),(2,2)",,0,0.0000
413,LM01260820000831,Approved,2026-08-20T21:37:18+08:00,2026-08-20T21:38:25+08:00,110.52,PRT_L3,186,157.81,1105447.67628,316,325,29352.5000,32440.0000,0.0000,0.0000,32440.0000,"1,2,6","7,2","(6,2),(3,2),(4,2)",,0,0.0000
414,LM01260820000830,Approved,2026-08-20T21:36:05+08:00,2026-08-20T21:37:13+08:00,84.47,PRT_L3,193,169.57,1105321.67628,319,317,32727.5000,27645.0000,0.0000,0.0000,27645.0000,"1,6,6","1,9","(3,2),(4,2),(1,1)",,0,0.0000
415,LM01260820000829,Approved,2026-08-20T21:34:48+08:00,2026-08-20T21:36:00+08:00,81.41,PRT_L3,206,203.05,1105187.10128,328,327,41827.5000,34050.0000,0.0000,0.0000,34050.0000,"1,3,8","9,1","(8,2),(6,2),(2,2)",,0,0.0000
416,LM01260820000828,Approved,2026-08-20T21:33:31+08:00,2026-08-20T21:34:43+08:00,33.64,PRT_L3,211,191.80,1105018.05128,320,333,40470.0000,13615.0000,0.0000,0.0000,13615.0000,"2,2,7","1,3","(4,2),(8,2),(6,2)",,0,0.0000
417,LM01260820000827,Approved,2026-08-20T21:32:17+08:00,2026-08-20T21:33:26+08:00,68.73,PRT_L3,217,191.29,1104855.95128,317,328,41510.0000,28530.0000,0.0000,0.0000,28530.0000,"1,2,5","1,4","(6,2),(7,2),(5,1)",,0,0.0000
418,LM01260820000826,Approved,2026-08-20T21:31:07+08:00,2026-08-20T21:32:12+08:00,123.23,PRT_L3,220,194.24,1104683.60128,333,329,42732.5000,52660.0000,0.0000,0.0000,52660.0000,"3,6,9","3,2","(9,1),(8,2),(1,2)",,0,0.0000
419,LM01260820000825,Approved,2026-08-20T21:29:53+08:00,2026-08-20T21:31:02+08:00,86.18,PRT_L3,216,204.14,1104503.00128,327,336,44095.0000,38000.0000,0.0000,0.0000,38000.0000,"4,5,7","5,9","(9,2),(2,2),(1,2)",,0,0.0000
420,LM01260820000824,Approved,2026-08-20T21:28:37+08:00,2026-08-20T21:29:48+08:00,116.08,PRT_L3,192,177.54,1104317.92628,309,332,34087.5000,39570.0000,0.0000,0.0000,39570.0000,"3,4,7","6,4","(4,1),(6,2),(5,2)",,0,0.0000
421,LM01260820000823,Approved,2026-08-20T21:27:19+08:00,2026-08-20T21:28:32+08:00,111.27,PRT_L3,197,144.68,1104179.20128,304,317,28502.5000,31715.0000,0.0000,0.0000,31715.0000,"1,4,4","8,7","(9,2),(5,2),(4,2)",,0,0.0000
422,LM01260820000822,Approved,2026-08-20T21:25:35+08:00,2026-08-20T21:27:14+08:00,82.73,PRT_L3,205,156.05,1104058.62628,287,307,31990.0000,26465.0000,0.0000,0.0000,26465.0000,"4,6,6","8,5","(3,2),(2,2),(8,1)",,0,0.0000
423,LM01260820000821,Approved,2026-08-20T21:24:23+08:00,2026-08-20T21:25:30+08:00,102.42,PRT_L3,210,166.21,1103927.85128,314,310,34905.0000,35750.0000,0.0000,0.0000,35750.0000,"2,2,3","9,5","(7,2),(3,2),(1,1)",,0,0.0000
424,LM01260820000820,Approved,2026-08-20T21:23:04+08:00,2026-08-20T21:24:18+08:00,92.75,PRT_L3,205,172.99,1103784.27628,309,321,35462.5000,32890.0000,0.0000,0.0000,32890.0000,"4,6,7","7,1","(4,2),(1,2),(5,1)",,0,0.0000
425,LM01260820000819,Approved,2026-08-20T21:21:49+08:00,2026-08-20T21:22:59+08:00,52.54,PRT_L3,190,157.47,1103642.82628,305,319,29920.0000,15720.0000,0.0000,0.0000,15720.0000,"4,6,8","1,8","(8,1),(9,2),(2,2)",,0,0.0000
426,LM01260820000818,Approved,2026-08-20T21:18:17+08:00,2026-08-20T21:21:44+08:00,156.18,PRT_L3,185,193.65,1103518.47628,294,310,35825.0000,55950.0000,0.0000,0.0000,55950.0000,"1,3,9","9,3","(2,1),(5,2),(3,2)",,0,0.0000
427,LM01260820000817,Approved,2026-08-20T21:17:02+08:00,2026-08-20T21:18:12+08:00,77.57,PRT_L3,224,172.03,1103366.10128,321,316,38535.0000,29890.0000,0.0000,0.0000,29890.0000,"2,4,6","1,8","(7,2),(2,1),(6,2)",,0,0.0000
428,LM01260820000816,Approved,2026-08-20T21:15:45+08:00,2026-08-20T21:16:57+08:00,105.85,PRT_L3,221,135.89,1103205.70128,323,323,30032.5000,31790.0000,0.0000,0.0000,31790.0000,"2,4,6","4,9","(9,2),(6,2),(8,2)",,0,0.0000
429,LM01260820000815,Approved,2026-08-20T21:14:31+08:00,2026-08-20T21:15:40+08:00,113.28,PRT_L3,211,129.36,1103080.62628,336,328,27295.0000,30920.0000,0.0000,0.0000,30920.0000,"3,4,9","7,3","(7,1),(2,2),(1,2)",,0,0.0000
430,LM01260820000814,Approved,2026-08-20T21:13:17+08:00,2026-08-20T21:14:26+08:00,89.06,PRT_L3,216,272.01,1102965.25128,327,343,58755.0000,52330.0000,0.0000,0.0000,52330.0000,"3,4,4","2,7","(5,1),(7,2),(8,2)",,0,0.0000
431,LM01260820000813,Approved,2026-08-20T21:12:04+08:00,2026-08-20T21:13:12+08:00,58.27,PRT_L3,211,214.49,1102719.05128,323,332,45257.5000,26370.0000,0.0000,0.0000,26370.0000,"4,5,7","7,9","(6,2),(9,1),(3,2)",,0,0.0000
432,LM01260820000812,Approved,2026-08-20T21:10:40+08:00,2026-08-20T21:11:59+08:00,56.16,PRT_L3,214,216.24,1102533.25128,313,328,46275.0000,25990.0000,0.0000,0.0000,25990.0000,"4,8,9","2,8","(7,2),(4,2),(3,2)",,0,0.0000
433,LM01260820000811,Approved,2026-08-20T21:09:22+08:00,2026-08-20T21:10:35+08:00,49.23,PRT_L3,195,195.62,1102334.95128,307,321,38145.0000,18780.0000,0.0000,0.0000,18780.0000,"7,8,9","5,8","(9,2),(7,2),(3,2)",,0,0.0000
434,LM01260820000810,Approved,2026-08-20T21:08:11+08:00,2026-08-20T21:09:17+08:00,45.26,PRT_L3,206,215.44,1102166.10128,307,318,44380.0000,20085.0000,0.0000,0.0000,20085.0000,"1,8,8","2,4","(6,1),(5,2),(2,2)",,0,0.0000
435,LM01260820000809,Approved,2026-08-20T21:06:59+08:00,2026-08-20T21:08:06+08:00,69.71,PRT_L3,208,202.40,1101981.12628,313,303,42100.0000,29350.0000,0.0000,0.0000,29350.0000,"3,6,6","7,4","(9,2),(5,2),(4,2)",,0,0.0000
436,LM01260820000808,Approved,2026-08-20T21:05:41+08:00,2026-08-20T21:06:54+08:00,77.52,PRT_L3,204,307.37,1101800.02628,295,314,62702.5000,48605.0000,0.0000,0.0000,48605.0000,"1,9,9","2,1","(5,2),(9,1),(7,3)",,0,0.0000
437,LM01260820000807,Approved,2026-08-20T21:04:26+08:00,2026-08-20T21:05:36+08:00,86.86,PRT_L3,198,202.31,1101522.40128,300,296,40057.5000,34795.0000,0.0000,0.0000,34795.0000,"4,5,5","1,4","(9,1),(4,2),(1,2)",,0,0.0000
438,LM01260820000806,Approved,2026-08-20T21:03:14+08:00,2026-08-20T21:04:21+08:00,90.19,PRT_L3,204,141.69,1101359.75128,304,302,28905.0000,26070.0000,0.0000,0.0000,26070.0000,"4,5,9","3,5","(8,2),(3,2),(9,1)",,0,0.0000
439,LM01260820000805,Approved,2026-08-20T21:02:01+08:00,2026-08-20T21:03:09+08:00,48.62,PRT_L3,211,140.37,1101239.82628,314,306,29617.5000,14400.0000,0.0000,0.0000,14400.0000,"2,2,5","7,8","(7,2),(4,2),(6,2)",,0,0.0000
440,LM01260820000804,Approved,2026-08-20T21:00:42+08:00,2026-08-20T21:01:56+08:00,116.77,PRT_L3,194,128.02,1101117.17628,293,316,24835.0000,29000.0000,0.0000,0.0000,29000.0000,"3,4,5","6,5","(4,2),(7,2),(8,2)",,0,0.0000
441,LM01260820000803,Approved,2026-08-20T20:59:27+08:00,2026-08-20T21:00:37+08:00,240.30,PRT_L3,192,144.35,1101010.77628,300,301,27715.0000,66600.0000,0.0000,0.0000,66600.0000,"3,3,9","3,6","(5,2),(8,2),(6,2)",,0,0.0000
442,LM01260820000802,Approved,2026-08-20T20:57:05+08:00,2026-08-20T20:59:22+08:00,150.30,PRT_L3,192,128.13,1100894.65128,292,302,24600.0000,26800.0000,10175.0000,0.0000,36975.0000,"4,4,4","5,4","(7,2),(2,2),(3,1)","result:(1,3),(2,3)",0,0.0000
443,LM01260820000801,Approved,2026-08-20T20:55:22+08:00,2026-08-20T20:57:00+08:00,119.45,PRT_L3,186,136.96,1100797.30128,278,298,25475.0000,30430.0000,0.0000,0.0000,30430.0000,"1,1,3","6,5","(3,1),(9,2),(4,2)",,0,0.0000
444,LM01260820000800,Approved,2026-08-20T20:54:06+08:00,2026-08-20T20:55:17+08:00,46.52,PRT_L3,181,145.50,1100695.95128,289,298,26335.0000,12250.0000,0.0000,0.0000,12250.0000,"4,6,8","2,6","(8,2),(3,2),(1,2)",,0,0.0000
445,LM01260820000799,Approved,2026-08-20T20:52:53+08:00,2026-08-20T20:54:01+08:00,90.20,PRT_L3,194,131.66,1100584.75128,297,287,25542.5000,23040.0000,0.0000,0.0000,23040.0000,"1,7,7","1,6","(9,2),(1,2),(4,2)",,0,0.0000
446,LM01260820000798,Approved,2026-08-20T20:51:40+08:00,2026-08-20T20:52:48+08:00,104.18,PRT_L3,203,181.19,1100474.77628,297,298,36782.5000,38320.0000,0.0000,0.0000,38320.0000,"1,4,5","5,6","(4,2),(1,2),(8,2)",,0,0.0000
447,LM01260820000797,Approved,2026-08-20T20:50:35+08:00,2026-08-20T20:51:35+08:00,39.96,PRT_L3,198,152.10,1100322.82628,288,297,30115.0000,12035.0000,0.0000,0.0000,12035.0000,"4,4,5","8,9","(7,2),(6,1),(5,2)",,0,0.0000
448,LM01260820000796,Approved,2026-08-20T20:49:25+08:00,2026-08-20T20:50:30+08:00,132.72,PRT_L3,193,138.28,1100202.17628,282,296,26687.5000,35420.0000,0.0000,0.0000,35420.0000,"3,6,7","1,3","(7,1),(2,2),(8,2)",,0,0.0000
449,LM01260820000795,Approved,2026-08-20T20:48:19+08:00,2026-08-20T20:49:20+08:00,60.11,PRT_L3,186,140.99,1100093.15128,278,287,26225.0000,15765.0000,0.0000,0.0000,15765.0000,"2,5,5","3,6","(7,2),(2,2),(9,2)",,0,0.0000
450,LM01260820000794,Approved,2026-08-20T20:47:07+08:00,2026-08-20T20:48:14+08:00,130.53,PRT_L3,175,173.23,1099987.80128,260,278,30315.0000,39570.0000,0.0000,0.0000,39570.0000,"3,7,7","2,6","(7,2),(8,2),(9,2)",,0,0.0000
451,LM01260820000793,Approved,2026-08-20T20:45:51+08:00,2026-08-20T20:47:02+08:00,68.52,PRT_L3,175,182.40,1099866.65128,270,271,31920.0000,21870.0000,0.0000,0.0000,21870.0000,"4,4,9","4,5","(2,2),(9,1),(5,2)",,0,0.0000
452,LM01260820000792,Approved,2026-08-20T20:44:35+08:00,2026-08-20T20:45:46+08:00,94.43,PRT_L3,179,184.29,1099733.25128,269,278,32987.5000,31150.0000,0.0000,0.0000,31150.0000,"1,2,9","1,2","(8,2),(4,2),(2,1)",,0,0.0000
453,LM01260820000791,Approved,2026-08-20T20:41:56+08:00,2026-08-20T20:44:30+08:00,62.79,PRT_L3,179,170.39,1099592.17628,265,269,30500.0000,9450.0000,9700.0000,0.0000,19150.0000,"2,2,2","9,8","(8,2),(1,2),(7,1)","result:(1,2),(2,3),(1,3)",0,0.0000
454,LM01260820000790,Approved,2026-08-20T20:40:47+08:00,2026-08-20T20:41:51+08:00,71.28,PRT_L3,175,175.96,1099469.95128,276,265,30792.5000,21950.0000,0.0000,0.0000,21950.0000,"2,3,7","6,8","(1,2),(7,2),(5,1)",,0,0.0000
455,LM01260820000789,Approved,2026-08-20T20:39:40+08:00,2026-08-20T20:40:42+08:00,131.15,PRT_L3,168,150.55,1099346.12628,273,287,25292.5000,33170.0000,0.0000,0.0000,33170.0000,"3,7,7","3,5","(8,2),(6,2),(2,2)",,0,0.0000
456,LM01260820000788,Approved,2026-08-20T20:38:30+08:00,2026-08-20T20:39:35+08:00,136.18,PRT_L3,163,145.49,1099243.65128,272,283,23715.0000,32295.0000,0.0000,0.0000,32295.0000,"2,3,3","4,5","(8,2),(6,2),(2,1)",,0,0.0000
457,LM01260820000787,Approved,2026-08-20T20:37:19+08:00,2026-08-20T20:38:25+08:00,75.56,PRT_L3,174,163.84,1099146.82628,284,278,28507.5000,21540.0000,0.0000,0.0000,21540.0000,"1,8,9","1,5","(6,2),(8,2),(1,1)",,0,0.0000
458,LM01260820000786,Approved,2026-08-20T20:36:00+08:00,2026-08-20T20:37:14+08:00,80.14,PRT_L3,185,142.73,1099032.05128,285,294,26405.0000,21160.0000,0.0000,0.0000,21160.0000,"4,8,9","8,4","(7,3),(4,2),(6,1)",,0,0.0000
459,LM01260820000785,Approved,2026-08-20T20:34:48+08:00,2026-08-20T20:35:55+08:00,115.66,PRT_L3,168,141.43,1098923.10128,272,289,23760.0000,27480.0000,0.0000,0.0000,27480.0000,"3,6,9","1,5","(6,2),(5,2),(3,2)",,0,0.0000
460,LM01260820000784,Approved,2026-08-20T20:33:35+08:00,2026-08-20T20:34:43+08:00,29.02,PRT_L3,169,155.18,1098827.07628,267,278,26225.0000,7610.0000,0.0000,0.0000,7610.0000,"1,2,8","7,6","(4,2),(5,2),(7,2)",,0,0.0000
461,LM01260820000783,Approved,2026-08-20T20:32:27+08:00,2026-08-20T20:33:30+08:00,50.65,PRT_L3,182,170.27,1098719.37628,281,276,30990.0000,15695.0000,0.0000,0.0000,15695.0000,"1,1,3","6,2","(9,2),(7,1),(2,2)",,0,0.0000
462,LM01260820000782,Approved,2026-08-20T20:31:09+08:00,2026-08-20T20:32:22+08:00,98.60,PRT_L3,188,150.51,1098585.60128,303,292,28295.0000,27900.0000,0.0000,0.0000,27900.0000,"8,9,9","7,2","(6,2),(2,1),(9,2)",,0,0.0000
463,LM01260820000781,Approved,2026-08-20T20:29:58+08:00,2026-08-20T20:31:04+08:00,75.37,PRT_L3,200,138.57,1098467.05128,296,314,27715.0000,20890.0000,0.0000,0.0000,20890.0000,"1,4,7","4,3","(2,2),(1,2),(7,2)",,0,0.0000
464,LM01260820000780,Approved,2026-08-20T20:28:36+08:00,2026-08-20T20:29:53+08:00,72.80,PRT_L3,197,144.68,1098350.10128,292,304,28502.5000,20750.0000,0.0000,0.0000,20750.0000,"6,8,9","1,2","(1,2),(6,1),(5,2)",,0,0.0000
465,LM01260820000779,Approved,2026-08-20T20:27:26+08:00,2026-08-20T20:28:31+08:00,75.18,PRT_L3,190,153.82,1098229.62628,299,290,29225.0000,21970.0000,0.0000,0.0000,21970.0000,"1,3,7","9,5","(7,1),(1,2),(4,2)",,0,0.0000
466,LM01260820000778,Approved,2026-08-20T20:25:46+08:00,2026-08-20T20:27:21+08:00,143.86,PRT_L3,200,155.50,1098104.17628,290,298,31100.0000,44740.0000,0.0000,0.0000,44740.0000,"3,6,9","2,8","(3,2),(7,2),(5,2)",,0,0.0000
467,LM01260820000777,Approved,2026-08-20T20:24:29+08:00,2026-08-20T20:25:41+08:00,198.90,PRT_L3,185,140.24,1097972.02628,293,296,25945.0000,51605.0000,0.0000,0.0000,51605.0000,"3,3,4","2,6","(8,2),(2,1),(3,2)",,0,0.0000
468,LM01260820000776,Approved,2026-08-20T20:22:07+08:00,2026-08-20T20:24:24+08:00,74.04,PRT_L3,193,174.77,1097856.00128,295,297,33730.0000,19650.0000,5325.0000,0.0000,24975.0000,"8,8,8","7,9","(2,1),(1,2),(9,2)","result:(2,4),(2,3)",0,0.0000
469,LM01260820000775,Approved,2026-08-20T20:20:55+08:00,2026-08-20T20:22:02+08:00,101.66,PRT_L3,203,155.33,1097708.57628,298,301,31532.5000,32055.0000,0.0000,0.0000,32055.0000,"3,7,7","8,9","(2,2),(5,1),(4,2)",,0,0.0000
470,LM01260820000774,Approved,2026-08-20T20:19:45+08:00,2026-08-20T20:20:50+08:00,71.51,PRT_L3,194,143.76,1097573.90128,304,304,27890.0000,19945.0000,0.0000,0.0000,19945.0000,"4,4,5","1,5","(1,2),(8,2),(7,2)",,0,0.0000
471,LM01260820000773,Approved,2026-08-20T20:18:28+08:00,2026-08-20T20:19:40+08:00,55.78,PRT_L3,192,146.50,1097458.27628,300,305,28127.5000,15690.0000,0.0000,0.0000,15690.0000,"1,4,5","7,8","(5,1),(8,2),(9,2)",,0,0.0000
472,LM01260820000772,Approved,2026-08-20T20:17:16+08:00,2026-08-20T20:18:23+08:00,82.85,PRT_L3,211,154.17,1097332.80128,302,303,32530.0000,26950.0000,0.0000,0.0000,26950.0000,"1,9,9","4,7","(2,2),(6,1),(9,2)",,0,0.0000
473,LM01260820000771,Approved,2026-08-20T20:15:59+08:00,2026-08-20T20:17:11+08:00,47.17,PRT_L3,207,147.89,1097191.85128,313,309,30612.5000,14440.0000,0.0000,0.0000,14440.0000,"4,5,7","3,1","(6,1),(8,2),(2,2)",,0,0.0000
474,LM01260820000770,Approved,2026-08-20T20:14:47+08:00,2026-08-20T20:15:54+08:00,95.35,PRT_L3,191,163.63,1097062.97628,295,307,31252.5000,29800.0000,0.0000,0.0000,29800.0000,"1,3,6","4,2","(3,1),(7,2),(2,2)",,0,0.0000
475,LM01260820000769,Approved,2026-08-20T20:13:32+08:00,2026-08-20T20:14:42+08:00,65.08,PRT_L3,182,166.91,1096932.87628,288,299,30377.5000,19770.0000,0.0000,0.0000,19770.0000,"2,2,5","3,4","(1,2),(6,2),(2,1)",,0,0.0000
476,LM01260820000768,Approved,2026-08-20T20:12:11+08:00,2026-08-20T20:13:27+08:00,85.08,PRT_L3,178,170.03,1096802.97628,274,287,30265.0000,25750.0000,0.0000,0.0000,25750.0000,"2,3,7","7,9","(5,2),(7,2),(2,2)",,0,0.0000
477,LM01260820000767,Approved,2026-08-20T20:11:01+08:00,2026-08-20T20:12:06+08:00,102.84,PRT_L3,177,191.68,1096676.60128,276,275,33927.5000,34890.0000,0.0000,0.0000,34890.0000,"3,5,5","5,8","(4,3),(7,1),(9,2)",,0,0.0000
478,LM01260820000766,Approved,2026-08-20T20:09:41+08:00,2026-08-20T20:10:56+08:00,64.90,PRT_L3,176,179.12,1096533.65128,273,286,31525.0000,20460.0000,0.0000,0.0000,20460.0000,"2,4,5","3,5","(6,2),(5,2),(3,2)",,0,0.0000
479,LM01260820000765,Approved,2026-08-20T20:08:27+08:00,2026-08-20T20:09:36+08:00,106.92,PRT_L3,191,170.30,1096400.00128,286,277,32527.5000,34780.0000,0.0000,0.0000,34780.0000,"6,9,9","9,2","(6,2),(7,2),(5,2)",,0,0.0000
480,LM01260820000764,Approved,2026-08-20T20:07:08+08:00,2026-08-20T20:08:22+08:00,136.56,PRT_L3,195,155.92,1096263.77628,304,290,30405.0000,41520.0000,0.0000,0.0000,41520.0000,"3,4,4","4,8","(6,2),(3,2),(5,2)",,0,0.0000
481,LM01260820000763,Approved,2026-08-20T20:05:54+08:00,2026-08-20T20:07:03+08:00,60.75,PRT_L3,188,152.70,1096134.02628,296,297,28707.5000,17440.0000,0.0000,0.0000,17440.0000,"3,7,8","7,9","(2,2),(8,1),(5,2)",,0,0.0000
482,LM01260820000762,Approved,2026-08-20T20:03:09+08:00,2026-08-20T20:05:49+08:00,105.81,PRT_L3,197,134.81,1096013.47628,298,300,26557.5000,14050.0000,14050.0000,0.0000,28100.0000,"1,1,1","8,6","(4,2),(9,2),(6,1)","result:(1,4),(1,4),(1,2)",0,0.0000
483,LM01260820000761,Approved,2026-08-20T20:01:56+08:00,2026-08-20T20:03:04+08:00,44.13,PRT_L3,195,152.24,1095898.95128,303,307,29687.5000,13100.0000,0.0000,0.0000,13100.0000,"4,8,9","3,2","(5,2),(3,1),(2,3)",,0,0.0000
484,LM01260820000760,Approved,2026-08-20T20:00:46+08:00,2026-08-20T20:01:51+08:00,95.31,PRT_L3,193,157.60,1095766.60128,296,301,30417.5000,28990.0000,0.0000,0.0000,28990.0000,"1,3,5","5,2","(4,2),(6,2),(8,2)",,0,0.0000
485,LM01260820000759,Approved,2026-08-20T19:59:32+08:00,2026-08-20T20:00:41+08:00,101.98,PRT_L3,175,157.90,1095633.07628,276,301,27632.5000,28180.0000,0.0000,0.0000,28180.0000,"6,8,9","7,6","(2,1),(8,2),(9,2)",,0,0.0000
486,LM01260820000758,Approved,2026-08-20T19:58:15+08:00,2026-08-20T19:59:27+08:00,88.97,PRT_L3,177,188.22,1095515.70128,275,285,33315.0000,29640.0000,0.0000,0.0000,29640.0000,"1,3,7","2,1","(9,2),(4,1),(3,2)",,0,0.0000
487,LM01260820000757,Approved,2026-08-20T19:56:59+08:00,2026-08-20T19:58:10+08:00,165.44,PRT_L3,180,152.49,1095364.47628,295,280,27447.5000,45410.0000,0.0000,0.0000,45410.0000,"3,3,8","4,7","(9,2),(8,1),(7,3)",,0,0.0000
488,LM01260820000756,Approved,2026-08-20T19:55:13+08:00,2026-08-20T19:56:54+08:00,196.47,PRT_L3,172,140.00,1095246.97628,278,297,24080.0000,47310.0000,0.0000,0.0000,47310.0000,"4,9,9","4,9","(9,2),(2,1),(1,2)",,0,0.0000
489,LM01260820000755,Approved,2026-08-20T19:53:58+08:00,2026-08-20T19:55:08+08:00,190.84,PRT_L3,182,134.97,1095144.05128,294,288,24565.0000,46880.0000,0.0000,0.0000,46880.0000,"2,2,3","4,2,1","(6,2),(8,2),(4,2)",,0,0.0000
490,LM01260820000754,Approved,2026-08-20T19:52:38+08:00,2026-08-20T19:53:53+08:00,75.75,PRT_L3,196,128.71,1095042.10128,293,298,25227.5000,19110.0000,0.0000,0.0000,19110.0000,"4,6,8","1,5","(4,2),(9,2),(2,2)",,0,0.0000
491,LM01260820000753,Approved,2026-08-20T19:51:22+08:00,2026-08-20T19:52:33+08:00,70.79,PRT_L3,202,141.34,1094937.92628,295,302,28550.0000,20210.0000,0.0000,0.0000,20210.0000,"2,5,6","6,8","(9,1),(1,2),(8,2)",,0,0.0000
492,LM01260820000752,Approved,2026-08-20T19:50:11+08:00,2026-08-20T19:51:17+08:00,75.97,PRT_L3,195,127.76,1094821.45128,305,303,24912.5000,18925.0000,0.0000,0.0000,18925.0000,"3,9,9","8,4","(8,2),(6,1),(4,2)",,0,0.0000
493,LM01260820000751,Approved,2026-08-20T19:48:56+08:00,2026-08-20T19:50:06+08:00,75.94,PRT_L3,196,143.65,1094715.95128,304,310,28155.0000,21380.0000,0.0000,0.0000,21380.0000,"5,7,9","4,5","(7,2),(9,1),(2,2)",,0,0.0000
494,LM01260820000750,Approved,2026-08-20T19:47:40+08:00,2026-08-20T19:48:51+08:00,77.82,PRT_L3,190,126.00,1094595.90128,308,309,23940.0000,18630.0000,0.0000,0.0000,18630.0000,"1,2,6","7,2","(7,2),(1,2),(5,2)",,0,0.0000
495,LM01260820000749,Approved,2026-08-20T19:46:26+08:00,2026-08-20T19:47:35+08:00,53.33,PRT_L3,186,118.91,1094496.42628,296,306,22117.5000,11795.0000,0.0000,0.0000,11795.0000,"1,1,2","6,8","(2,1),(3,2),(7,2)",,0,0.0000
496,LM01260820000748,Approved,2026-08-20T19:43:05+08:00,2026-08-20T19:46:21+08:00,33.20,PRT_L3,171,181.89,1094401.32628,288,298,31102.5000,6550.0000,3775.0000,0.0000,10325.0000,"7,7,7","6,4","(5,2),(8,2),(1,2)","result:(2,3),(1,3),(2,4),(1,4)",0,0.0000
497,LM01260820000747,Approved,2026-08-20T19:39:30+08:00,2026-08-20T19:43:00+08:00,98.39,PRT_L3,181,204.39,1094265.50128,272,286,36995.0000,21600.0000,14800.0000,0.0000,36400.0000,"5,5,5","3,8","(5,2),(9,2),(8,1)","result:(2,3),(1,2),(2,3),(2,3)",0,0.0000
498,LM01260820000746,Approved,2026-08-20T19:38:19+08:00,2026-08-20T19:39:25+08:00,216.42,PRT_L3,185,160.19,1094104.47628,276,275,29635.0000,64135.0000,0.0000,0.0000,64135.0000,"3,3,7","9,5","(4,2),(3,2),(9,2)",,0,0.0000
499,LM01260820000745,Approved,2026-08-20T19:37:09+08:00,2026-08-20T19:38:14+08:00,64.65,PRT_L3,173,194.74,1093977.40128,258,274,33690.0000,21780.0000,0.0000,0.0000,21780.0000,"1,4,5","7,9","(1,2),(8,3),(3,1)",,0,0.0000
500,LM01260820000744,Approved,2026-08-20T19:35:56+08:00,2026-08-20T19:37:04+08:00,47.44,PRT_L3,168,200.89,1093830.50128,270,261,33750.0000,16010.0000,0.0000,0.0000,16010.0000,"1,1,6","5,8","(8,2),(9,2),(7,1)",,0,0.0000
501,LM01260820000743,Approved,2026-08-20T19:34:40+08:00,2026-08-20T19:35:51+08:00,61.91,PRT_L3,175,217.54,1093687.95128,263,271,38070.0000,23570.0000,0.0000,0.0000,23570.0000,"1,4,5","3,9","(5,2),(4,2),(9,1)",,0,0.0000
502,LM01260820000742,Approved,2026-08-20T19:33:26+08:00,2026-08-20T19:34:35+08:00,62.28,PRT_L3,166,242.41,1093528.60128,267,269,40240.0000,25060.0000,0.0000,0.0000,25060.0000,"6,7,9","4,1","(8,2),(9,2),(6,2)",,0,0.0000
503,LM01260820000741,Approved,2026-08-20T19:32:15+08:00,2026-08-20T19:33:21+08:00,48.31,PRT_L3,166,192.39,1093350.72628,265,272,31937.5000,15430.0000,0.0000,0.0000,15430.0000,"4,5,5","5,3","(8,1),(4,2),(1,2)",,0,0.0000
504,LM01260820000740,Approved,2026-08-20T19:31:00+08:00,2026-08-20T19:32:10+08:00,183.60,PRT_L3,155,177.21,1093213.82628,247,270,27467.5000,50430.0000,0.0000,0.0000,50430.0000,"3,3,6","9,6","(7,1),(4,2),(1,2)",,0,0.0000
505,LM01260820000739,Approved,2026-08-20T19:28:32+08:00,2026-08-20T19:30:55+08:00,51.97,PRT_L3,159,227.50,1093095.17628,250,248,36172.5000,11900.0000,6900.0000,0.0000,18800.0000,"1,1,1","3,4","(8,2),(9,2),(3,2)","result:(1,4),(2,4)",0,0.0000
506,LM01260820000738,Approved,2026-08-20T19:27:12+08:00,2026-08-20T19:28:27+08:00,141.13,PRT_L3,159,192.47,1092934.47628,243,254,30602.5000,43190.0000,0.0000,0.0000,43190.0000,"3,4,8","3,6","(4,1),(5,2),(2,2)",,0,0.0000
507,LM01260820000737,Approved,2026-08-20T19:25:29+08:00,2026-08-20T19:27:07+08:00,34.26,PRT_L3,149,506.83,1092803.95128,238,247,75517.5000,25875.0000,0.0000,0.0000,25875.0000,"7,7,8","2,1","(3,2),(5,3),(6,1)",,0,0.0000
508,LM01260820000736,Approved,2026-08-20T19:24:21+08:00,2026-08-20T19:25:24+08:00,95.83,PRT_L3,178,220.79,1092514.42628,257,255,39300.0000,37660.0000,0.0000,0.0000,37660.0000,"2,2,4","7,2","(7,2),(9,3),(3,1)",,0,0.0000
509,LM01260820000735,Approved,2026-08-20T19:23:09+08:00,2026-08-20T19:24:16+08:00,82.22,PRT_L3,168,253.54,1092337.52628,257,253,42595.0000,35020.0000,0.0000,0.0000,35020.0000,"2,6,7","2,1","(7,2),(4,2),(8,1)",,0,0.0000
510,LM01260820000734,Approved,2026-08-20T19:21:58+08:00,2026-08-20T19:23:04+08:00,339.45,PRT_L3,163,186.43,1092147.45128,246,261,30387.5000,103150.0000,0.0000,0.0000,103150.0000,"3,3,4","7,1","(3,2),(9,2),(7,2)",,0,0.0000
511,LM01260820000733,Approved,2026-08-20T19:20:50+08:00,2026-08-20T19:21:53+08:00,81.98,PRT_L3,155,180.77,1092019.17628,242,248,28020.0000,22970.0000,0.0000,0.0000,22970.0000,"1,3,9","4,7","(4,1),(5,2),(8,2)",,0,0.0000
512,LM01260820000732,Approved,2026-08-20T19:19:41+08:00,2026-08-20T19:20:45+08:00,54.25,PRT_L3,160,192.64,1091901.22628,243,248,30822.5000,16720.0000,0.0000,0.0000,16720.0000,"6,8,9","1,4","(2,2),(9,1),(8,2)",,0,0.0000
513,LM01260820000731,Approved,2026-08-20T19:18:34+08:00,2026-08-20T19:19:36+08:00,103.50,PRT_L3,158,212.01,1091771.97628,245,242,33497.5000,34670.0000,0.0000,0.0000,34670.0000,"2,3,3","4,6","(2,2),(8,2),(1,2)",,0,0.0000
514,LM01260820000730,Approved,2026-08-20T19:17:25+08:00,2026-08-20T19:18:29+08:00,107.27,PRT_L3,153,215.51,1091627.12628,237,249,32972.5000,35370.0000,0.0000,0.0000,35370.0000,"3,3,5","1,5","(6,2),(1,1),(8,2)",,0,0.0000
515,LM01260820000729,Approved,2026-08-20T19:16:13+08:00,2026-08-20T19:17:20+08:00,60.57,PRT_L3,158,220.49,1091485.65128,241,249,34837.5000,21100.0000,0.0000,0.0000,21100.0000,"4,6,8","4,7","(7,1),(1,2),(9,2)",,0,0.0000
516,LM01260820000728,Approved,2026-08-20T19:15:01+08:00,2026-08-20T19:16:08+08:00,195.39,PRT_L3,150,272.72,1091336.35128,231,246,40907.5000,79930.0000,0.0000,0.0000,79930.0000,"3,3,6","8,7","(8,2),(9,2),(7,2)",,0,0.0000
517,LM01260820000727,Approved,2026-08-20T19:13:54+08:00,2026-08-20T19:14:56+08:00,110.24,PRT_L3,151,173.79,1091166.87628,234,240,26242.5000,28930.0000,0.0000,0.0000,28930.0000,"3,4,4","8,7","(3,1),(8,2),(5,2)",,0,0.0000
518,LM01260820000726,Approved,2026-08-20T19:12:44+08:00,2026-08-20T19:13:49+08:00,76.12,PRT_L3,142,174.21,1091062.10128,238,244,24737.5000,18830.0000,0.0000,0.0000,18830.0000,"6,7,8","1,7","(4,2),(7,2),(2,1)",,0,0.0000
519,LM01260820000725,Approved,2026-08-20T19:11:34+08:00,2026-08-20T19:12:39+08:00,108.29,PRT_L2,148,151.25,1090959.75128,238,240,22385.0000,24240.0000,0.0000,0.0000,24240.0000,"3,6,6","9,2","(6,2),(5,2),(9,1)",,0,0.0000
520,LM01260820000724,Approved,2026-08-20T19:10:23+08:00,2026-08-20T19:11:29+08:00,92.02,PRT_L2,141,215.57,1090866.22628,230,241,30395.0000,27970.0000,0.0000,0.0000,27970.0000,"1,3,5","3,2","(4,1),(9,2),(6,2)",,0,0.0000
521,LM01260820000723,Approved,2026-08-20T19:09:12+08:00,2026-08-20T19:10:18+08:00,73.53,PRT_L2,154,194.11,1090730.07628,235,239,29892.5000,21980.0000,0.0000,0.0000,21980.0000,"7,8,9","2,8","(1,2),(9,2),(6,1)",,0,0.0000
522,LM01260820000722,Approved,2026-08-20T19:08:00+08:00,2026-08-20T19:09:07+08:00,62.82,PRT_L2,149,169.13,1090602.05128,236,237,25200.0000,15830.0000,0.0000,0.0000,15830.0000,"3,4,4","6,2","(9,1),(4,2),(2,3)",,0,0.0000
523,LM01260820000721,Approved,2026-08-20T19:06:53+08:00,2026-08-20T19:07:55+08:00,103.26,PRT_L2,148,184.04,1090488.00128,234,241,27237.5000,28125.0000,0.0000,0.0000,28125.0000,"2,6,6","4,8","(5,1),(4,2),(1,2)",,0,0.0000
524,LM01260820000720,Approved,2026-08-20T19:05:41+08:00,2026-08-20T19:06:48+08:00,27.99,PRT_L2,147,209.23,1090370.02628,239,243,30757.5000,8610.0000,0.0000,0.0000,8610.0000,"2,5,5","1,7","(8,2),(4,2),(3,2)",,0,0.0000
525,LM01260820000719,Approved,2026-08-20T19:04:32+08:00,2026-08-20T19:05:36+08:00,49.94,PRT_L2,143,195.63,1090235.95128,241,242,27975.0000,13970.0000,0.0000,0.0000,13970.0000,"2,5,6","9,3","(7,2),(9,2),(8,2)",,0,0.0000
526,LM01260820000718,Approved,2026-08-20T19:03:24+08:00,2026-08-20T19:04:27+08:00,81.53,PRT_L2,156,182.52,1090119.60128,245,246,28472.5000,23215.0000,0.0000,0.0000,23215.0000,"2,9,9","8,5","(3,2),(4,2),(6,1)",,0,0.0000
527,LM01260820000717,Approved,2026-08-20T19:02:12+08:00,2026-08-20T19:03:19+08:00,92.46,PRT_L2,154,197.06,1090000.72628,242,254,30347.5000,28060.0000,0.0000,0.0000,28060.0000,"4,6,9","8,2","(4,2),(9,2),(8,2)",,0,0.0000
528,LM01260820000716,Approved,2026-08-20T19:01:06+08:00,2026-08-20T19:02:07+08:00,27.86,PRT_L2,144,262.14,1089876.62628,239,245,37747.5000,10515.0000,0.0000,0.0000,10515.0000,"2,5,5","9,7","(3,2),(1,2),(5,2)",,0,0.0000
529,LM01260820000715,Approved,2026-08-20T18:59:14+08:00,2026-08-20T19:01:01+08:00,125.42,PRT_L2,146,208.56,1089719.60128,240,249,30450.0000,38190.0000,0.0000,0.0000,38190.0000,"3,4,7","9,7","(6,2),(4,2),(3,1)",,0,0.0000
530,LM01260820000714,Approved,2026-08-20T18:57:39+08:00,2026-08-20T18:59:09+08:00,185.27,PRT_L2,148,191.06,1089596.35128,222,238,28277.5000,52390.0000,0.0000,0.0000,52390.0000,"2,3,3","9,6","(2,2),(7,2),(3,1)",,0,0.0000
531,LM01260820000713,Approved,2026-08-20T18:56:21+08:00,2026-08-20T18:57:34+08:00,40.68,PRT_L2,140,274.70,1089478.95128,228,233,38457.5000,15645.0000,0.0000,0.0000,15645.0000,"4,7,7","2,5","(2,1),(6,2),(1,2)",,0,0.0000
532,LM01260820000712,Approved,2026-08-20T18:55:11+08:00,2026-08-20T18:56:16+08:00,106.06,PRT_L2,148,227.55,1089304.95128,225,232,33677.5000,35720.0000,0.0000,0.0000,35720.0000,"1,1,4","7,8","(9,1),(4,2),(2,2)",,0,0.0000
533,LM01260820000711,Approved,2026-08-20T18:53:56+08:00,2026-08-20T18:55:06+08:00,42.23,PRT_L2,140,233.43,1089155.57628,219,228,32680.0000,13800.0000,0.0000,0.0000,13800.0000,"2,2,4","2,6","(5,2),(8,2),(1,2)",,0,0.0000
534,LM01260820000710,Approved,2026-08-20T18:52:41+08:00,2026-08-20T18:53:51+08:00,128.68,PRT_L2,135,255.59,1089009.15128,228,222,34505.0000,44400.0000,0.0000,0.0000,44400.0000,"1,1,9","4,8","(8,1),(1,2),(7,2)",,0,0.0000
535,LM01260820000709,Approved,2026-08-20T18:51:28+08:00,2026-08-20T18:52:36+08:00,44.53,PRT_L2,140,358.09,1088855.20128,228,228,50132.5000,22325.0000,0.0000,0.0000,22325.0000,"1,1,3","2,7","(7,1),(5,2),(3,2)",,0,0.0000
536,LM01260820000708,Approved,2026-08-20T18:50:21+08:00,2026-08-20T18:51:23+08:00,41.60,PRT_L2,147,360.63,1088623.35128,243,233,53012.5000,22055.0000,0.0000,0.0000,22055.0000,"4,4,7","9,6","(5,2),(9,2),(1,1)",,0,0.0000
537,LM01260820000707,Approved,2026-08-20T18:49:10+08:00,2026-08-20T18:50:16+08:00,71.83,PRT_L2,159,309.97,1088377.30128,247,249,49285.0000,35400.0000,0.0000,0.0000,35400.0000,"4,6,7","8,2","(3,2),(8,2),(7,2)",,0,0.0000
538,LM01260820000706,Approved,2026-08-20T18:47:58+08:00,2026-08-20T18:49:05+08:00,85.96,PRT_L2,153,305.98,1088150.45128,239,249,46815.0000,40240.0000,0.0000,0.0000,40240.0000,"5,8,9","2,5","(3,2),(4,2),(1,1)",,0,0.0000
539,LM01260820000705,Approved,2026-08-20T18:46:49+08:00,2026-08-20T18:47:53+08:00,36.79,PRT_L2,158,660.08,1087932.50128,233,242,104292.5000,38370.0000,0.0000,0.0000,38370.0000,"2,5,5","2,5","(4,1),(7,2),(3,2)",,0,0.0000
540,LM01260820000704,Approved,2026-08-20T18:45:36+08:00,2026-08-20T18:46:44+08:00,24.22,PRT_L2,152,489.18,1087519.82628,233,245,74355.0000,18010.0000,0.0000,0.0000,18010.0000,"1,4,8","8,5","(6,2),(8,1),(5,2)",,0,0.0000
541,LM01260820000703,Approved,2026-08-20T18:44:21+08:00,2026-08-20T18:45:31+08:00,55.69,PRT_L2,150,310.58,1087207.65128,226,238,46587.5000,25945.0000,0.0000,0.0000,25945.0000,"1,1,5","5,9","(6,2),(8,2),(2,2)",,0,0.0000
542,LM01260820000702,Approved,2026-08-20T18:43:03+08:00,2026-08-20T18:44:16+08:00,41.21,PRT_L2,142,408.05,1087015.62628,239,236,57942.5000,23880.0000,0.0000,0.0000,23880.0000,"2,5,8","5,1","(7,2),(1,2),(5,2)",,0,0.0000
543,LM01260820000701,Approved,2026-08-20T18:41:49+08:00,2026-08-20T18:42:58+08:00,174.99,PRT_L2,144,490.56,1086762.55128,234,239,70640.0000,123615.0000,0.0000,0.0000,123615.0000,"3,3,6","2,5","(5,2),(9,1),(1,2)",,0,0.0000
544,LM01260820000700,Approved,2026-08-20T18:40:33+08:00,2026-08-20T18:41:44+08:00,41.73,PRT_L2,149,309.63,1086468.77628,234,233,46135.0000,19250.0000,0.0000,0.0000,19250.0000,"3,7,7","4,8","(8,1),(2,2),(6,2)",,0,0.0000
545,LM01260820000699,Approved,2026-08-20T18:39:17+08:00,2026-08-20T18:40:28+08:00,176.70,PRT_L2,144,247.41,1086264.92628,238,246,35627.5000,62955.0000,0.0000,0.0000,62955.0000,"1,6,6","2,8","(2,2),(9,1),(6,2)",,0,0.0000
546,LM01260820000698,Approved,2026-08-20T18:38:04+08:00,2026-08-20T18:39:12+08:00,184.98,PRT_L2,136,320.59,1086109.92628,238,243,43600.0000,80650.0000,0.0000,0.0000,80650.0000,"3,5,6","5,6","(8,1),(4,2),(3,2)",,0,0.0000
547,LM01260820000697,Approved,2026-08-20T18:36:47+08:00,2026-08-20T18:37:59+08:00,75.51,PRT_L2,133,375.19,1085909.45128,244,239,49900.0000,37680.0000,0.0000,0.0000,37680.0000,"3,4,6","8,9","(8,1),(4,2),(7,2)",,0,0.0000
548,LM01260820000696,Approved,2026-08-20T18:35:30+08:00,2026-08-20T18:36:42+08:00,36.59,PRT_L2,132,434.39,1085681.60128,236,253,57340.0000,20980.0000,0.0000,0.0000,20980.0000,"1,2,2","2,4","(2,2),(3,2),(7,2)",,0,0.0000
549,LM01260820000695,Approved,2026-08-20T18:34:13+08:00,2026-08-20T18:35:25+08:00,60.71,PRT_L2,129,841.10,1085420.10128,229,243,108502.5000,65870.0000,0.0000,0.0000,65870.0000,"2,5,6","6,8","(4,1),(2,2),(7,2)",,0,0.0000
550,LM01260820000694,Approved,2026-08-20T18:33:00+08:00,2026-08-20T18:34:08+08:00,123.26,PRT_L2,140,336.46,1085001.87628,227,228,47105.0000,58060.0000,0.0000,0.0000,58060.0000,"5,6,9","1,4","(7,2),(4,2),(5,1)",,0,0.0000
551,LM01260820000693,Approved,2026-08-20T18:31:46+08:00,2026-08-20T18:32:55+08:00,108.08,PRT_L2,138,331.87,1084793.10128,219,233,45797.5000,49500.0000,0.0000,0.0000,49500.0000,"1,6,8","9,4","(4,1),(1,2),(6,2)",,0,0.0000
552,LM01260820000692,Approved,2026-08-20T18:30:37+08:00,2026-08-20T18:31:41+08:00,16.22,PRT_L2,148,363.73,1084589.92628,237,227,53832.5000,8730.0000,0.0000,0.0000,8730.0000,"1,8,8","9,5","(2,2),(7,1),(6,2)",,0,0.0000
553,LM01260820000691,Approved,2026-08-20T18:29:23+08:00,2026-08-20T18:30:32+08:00,12.48,PRT_L2,148,394.07,1084347.57628,239,242,58322.5000,7280.0000,0.0000,0.0000,7280.0000,"4,7,8","9,5","(4,2),(1,2),(7,1)",,0,0.0000
554,LM01260820000690,Approved,2026-08-20T18:28:12+08:00,2026-08-20T18:29:18+08:00,131.22,PRT_L2,147,359.37,1084087.47628,231,239,52827.5000,69320.0000,0.0000,0.0000,69320.0000,"1,1,3","7,1","(8,2),(7,1),(1,2)",,0,0.0000
555,LM01260820000689,Approved,2026-08-20T18:26:58+08:00,2026-08-20T18:28:07+08:00,51.27,PRT_L2,134,326.38,1083850.12628,219,234,43735.0000,22425.0000,0.0000,0.0000,22425.0000,"1,4,4","9,1","(1,2),(9,2),(6,1)",,0,0.0000
556,LM01260820000688,Approved,2026-08-20T18:25:12+08:00,2026-08-20T18:26:53+08:00,272.41,PRT_L2,119,343.99,1083659.50128,207,225,40935.0000,111510.0000,0.0000,0.0000,111510.0000,"1,3,3","7,8","(2,2),(1,2),(3,1)",,0,0.0000
557,LM01260820000687,Approved,2026-08-20T18:23:57+08:00,2026-08-20T18:25:07+08:00,25.14,PRT_L2,140,242.75,1083490.95128,236,228,33985.0000,8545.0000,0.0000,0.0000,8545.0000,"1,1,8","8,4","(8,2),(7,2),(4,2)",,0,0.0000
558,LM01260820000686,Approved,2026-08-20T18:22:46+08:00,2026-08-20T18:23:52+08:00,100.32,PRT_L2,155,186.18,1083346.47628,245,245,28857.5000,28950.0000,0.0000,0.0000,28950.0000,"4,5,6","1,6","(2,1),(8,2),(4,2)",,0,0.0000
559,LM01260820000685,Approved,2026-08-20T18:21:33+08:00,2026-08-20T18:22:41+08:00,30.73,PRT_L2,152,241.96,1083220.00128,250,244,36777.5000,11300.0000,0.0000,0.0000,11300.0000,"5,7,7","3,1","(7,2),(1,2),(2,2)",,0,0.0000
560,LM01260820000684,Approved,2026-08-20T18:20:18+08:00,2026-08-20T18:21:28+08:00,127.09,PRT_L2,150,250.38,1083054.00128,242,248,37557.5000,47730.0000,0.0000,0.0000,47730.0000,"2,6,9","2,7","(4,2),(2,2),(3,1)",,0,0.0000
561,LM01260820000683,Approved,2026-08-20T18:18:58+08:00,2026-08-20T18:20:13+08:00,56.53,PRT_L2,144,291.86,1082884.42628,238,238,42027.5000,23760.0000,0.0000,0.0000,23760.0000,"5,6,8","3,8","(8,2),(9,2),(3,1)",,0,0.0000
562,LM01260820000682,Approved,2026-08-20T18:17:41+08:00,2026-08-20T18:18:53+08:00,95.08,PRT_L2,140,354.80,1082699.95128,241,245,49672.5000,47230.0000,0.0000,0.0000,47230.0000,"1,3,3","9,5","(3,1),(8,2),(4,2)",,0,0.0000
563,LM01260820000681,Approved,2026-08-20T18:16:27+08:00,2026-08-20T18:17:36+08:00,31.29,PRT_L2,131,368.38,1082473.47628,227,244,48257.5000,15100.0000,0.0000,0.0000,15100.0000,"1,4,8","8,4","(2,2),(3,2),(8,1)",,0,0.0000
564,LM01260820000680,Approved,2026-08-20T18:15:14+08:00,2026-08-20T18:16:22+08:00,146.30,PRT_L2,126,283.83,1082254.42628,220,220,35762.5000,52320.0000,0.0000,0.0000,52320.0000,"3,5,9","2,9","(7,2),(8,2),(1,1)",,0,0.0000
565,LM01260820000679,Approved,2026-08-20T18:14:00+08:00,2026-08-20T18:15:09+08:00,96.68,PRT_L2,131,310.46,1082089.07628,218,221,40670.0000,39320.0000,0.0000,0.0000,39320.0000,"3,3,7","1,8","(9,1),(8,2),(3,2)",,0,0.0000
566,LM01260820000678,Approved,2026-08-20T18:12:38+08:00,2026-08-20T18:13:55+08:00,23.26,PRT_L2,137,551.33,1081896.47628,227,228,75532.5000,17570.0000,0.0000,0.0000,17570.0000,"1,7,8","1,4","(4,1),(1,2),(6,2)",,0,0.0000
567,LM01260820000677,Approved,2026-08-20T18:11:26+08:00,2026-08-20T18:12:33+08:00,74.45,PRT_L2,145,514.57,1081586.75128,236,229,74612.5000,55550.0000,0.0000,0.0000,55550.0000,"1,5,9","1,6","(3,2),(4,2),(8,2)",,0,0.0000
568,LM01260820000676,Approved,2026-08-20T18:10:06+08:00,2026-08-20T18:11:21+08:00,160.69,PRT_L2,133,295.90,1081280.50128,233,235,39355.0000,63240.0000,0.0000,0.0000,63240.0000,"3,4,9","5,9","(4,1),(7,2),(8,2)",,0,0.0000
569,LM01260820000675,Approved,2026-08-20T18:08:48+08:00,2026-08-20T18:10:01+08:00,107.09,PRT_L2,135,327.37,1081097.87628,217,236,44195.0000,47330.0000,0.0000,0.0000,47330.0000,"3,4,6","9,3","(6,2),(4,1),(5,2)",,0,0.0000
570,LM01260820000674,Approved,2026-08-20T18:07:32+08:00,2026-08-20T18:08:43+08:00,41.75,PRT_L2,134,314.24,1080891.87628,216,222,42107.5000,17580.0000,0.0000,0.0000,17580.0000,"3,5,7","1,2","(9,2),(5,1),(8,2)",,0,0.0000
571,LM01260820000673,Approved,2026-08-20T18:06:12+08:00,2026-08-20T18:07:27+08:00,15.48,PRT_L2,130,290.75,1080696.95128,215,221,37797.5000,5850.0000,0.0000,0.0000,5850.0000,"1,4,8","2,7","(4,2),(9,2),(6,1)",,0,0.0000
572,LM01260820000672,Approved,2026-08-20T18:04:55+08:00,2026-08-20T18:06:07+08:00,134.50,PRT_L2,130,421.83,1080538.15128,226,217,54837.5000,73755.0000,0.0000,0.0000,73755.0000,"2,3,3","1,2","(5,2),(4,2),(9,1)",,0,0.0000
573,LM01260820000671,Approved,2026-08-20T18:03:37+08:00,2026-08-20T18:04:50+08:00,51.57,PRT_L2,141,471.84,1080313.15128,224,228,66530.0000,34310.0000,0.0000,0.0000,34310.0000,"1,3,4","7,9","(7,1),(8,2),(5,2)",,0,0.0000
574,LM01260820000670,Approved,2026-08-20T18:02:22+08:00,2026-08-20T18:03:32+08:00,62.35,PRT_L2,143,352.38,1080023.47628,213,223,50390.0000,31420.0000,0.0000,0.0000,31420.0000,"2,3,7","3,2","(9,2),(6,2),(2,2)",,0,0.0000
575,LM01260820000669,Approved,2026-08-20T18:01:08+08:00,2026-08-20T18:02:17+08:00,145.11,PRT_L2,145,310.67,1079785.72628,218,213,45047.5000,65370.0000,0.0000,0.0000,65370.0000,"1,5,9","9,8","(2,2),(9,2),(3,1)",,0,0.0000
576,LM01260820000668,Approved,2026-08-20T17:59:52+08:00,2026-08-20T18:01:03+08:00,72.67,PRT_L2,142,346.81,1079576.15128,222,219,49247.5000,35790.0000,0.0000,0.0000,35790.0000,"2,4,6","9,7","(4,1),(2,2),(9,2)",,0,0.0000
577,LM01260820000667,Approved,2026-08-20T17:58:36+08:00,2026-08-20T17:59:47+08:00,49.54,PRT_L2,149,297.94,1079347.65128,228,224,44392.5000,21990.0000,0.0000,0.0000,21990.0000,"1,2,3","6,8","(5,1),(9,2),(6,2)",,0,0.0000
578,LM01260820000666,Approved,2026-08-20T17:57:25+08:00,2026-08-20T17:58:31+08:00,32.78,PRT_L2,144,565.07,1079143.45128,232,231,81370.0000,26675.0000,0.0000,0.0000,26675.0000,"1,7,7","5,8","(4,2),(1,1),(3,2)",,0,0.0000
579,LM01260820000665,Approved,2026-08-20T17:55:29+08:00,2026-08-20T17:57:20+08:00,87.74,PRT_L2,143,241.78,1078806.80128,220,226,34575.0000,30335.0000,0.0000,0.0000,30335.0000,"7,7,9","4,5","(2,2),(6,2),(9,1)",,0,0.0000
580,LM01260820000664,Approved,2026-08-20T17:54:14+08:00,2026-08-20T17:55:24+08:00,81.80,PRT_L2,148,367.33,1078653.47628,237,224,54365.0000,44470.0000,0.0000,0.0000,44470.0000,"3,5,5","5,7","(6,1),(5,2),(2,2)",,0,0.0000
581,LM01260820000663,Approved,2026-08-20T17:53:00+08:00,2026-08-20T17:54:09+08:00,207.15,PRT_L2,142,294.33,1078399.20128,235,233,41795.0000,86580.0000,0.0000,0.0000,86580.0000,"3,6,9","6,3,7","(4,2),(7,2),(3,1)",,0,0.0000
582,LM01260820000662,Approved,2026-08-20T17:51:46+08:00,2026-08-20T17:52:55+08:00,76.04,PRT_L2,146,235.36,1078204.37628,231,240,34362.5000,26130.0000,0.0000,0.0000,26130.0000,"1,1,5","1,6","(4,1),(1,2),(6,2)",,0,0.0000
583,LM01260820000661,Approved,2026-08-20T17:50:30+08:00,2026-08-20T17:51:41+08:00,67.19,PRT_L2,136,234.52,1078049.35128,223,233,31895.0000,21430.0000,0.0000,0.0000,21430.0000,"4,5,6","8,9","(3,2),(8,1),(9,2)",,0,0.0000
584,LM01260820000660,Approved,2026-08-20T17:49:18+08:00,2026-08-20T17:50:25+08:00,46.55,PRT_L2,131,197.10,1077907.85128,223,220,25820.0000,12020.0000,0.0000,0.0000,12020.0000,"1,2,8","1,7","(4,2),(5,2),(6,2)",,0,0.0000
585,LM01260820000659,Approved,2026-08-20T17:46:35+08:00,2026-08-20T17:49:13+08:00,90.41,PRT_L2,134,237.93,1077790.45128,223,229,31882.5000,16650.0000,12175.0000,0.0000,28825.0000,"7,7,7","9,4","(4,1),(3,2),(2,2)","result:(1,2),(2,3),(2,4)",0,0.0000
586,LM01260820000658,Approved,2026-08-20T17:43:56+08:00,2026-08-20T17:46:30+08:00,573.27,PRT_L2,141,417.04,1077645.47628,227,222,58802.5000,141050.0000,196050.0000,0.0000,337100.0000,"6,6,6","5,4","(9,1),(2,2),(4,3)","result:(3,4),(2,3),(2,4)",0,0.0000
587,LM01260820000657,Approved,2026-08-20T17:42:47+08:00,2026-08-20T17:43:51+08:00,53.54,PRT_L2,132,420.81,1077390.80128,226,232,55547.5000,29740.0000,0.0000,0.0000,29740.0000,"3,4,7","8,9","(2,2),(8,2),(5,2)",,0,0.0000
588,LM01260820000656,Approved,2026-08-20T17:41:34+08:00,2026-08-20T17:42:42+08:00,144.28,PRT_L2,142,518.03,1077160.37628,235,229,73560.0000,106130.0000,0.0000,0.0000,106130.0000,"3,6,7","6,8","(9,2),(1,2),(5,1)",,0,0.0000
589,LM01260820000655,Approved,2026-08-20T17:40:17+08:00,2026-08-20T17:41:29+08:00,55.59,PRT_L2,132,431.50,1076855.20128,224,236,56957.5000,31660.0000,0.0000,0.0000,31660.0000,"5,6,7","2,9","(2,2),(8,1),(4,2)",,0,0.0000
590,LM01260820000654,Approved,2026-08-20T17:39:09+08:00,2026-08-20T17:40:12+08:00,59.78,PRT_L2,137,213.43,1076605.72628,229,221,29240.0000,17480.0000,0.0000,0.0000,17480.0000,"2,5,7","4,5","(5,2),(3,2),(7,2)",,0,0.0000
591,LM01260820000653,Approved,2026-08-20T17:38:00+08:00,2026-08-20T17:39:04+08:00,50.59,PRT_L2,124,416.41,1076473.92628,216,233,51635.0000,26120.0000,0.0000,0.0000,26120.0000,"2,2,3","1,4","(2,2),(5,2),(6,2)",,0,0.0000
592,LM01260820000652,Approved,2026-08-20T17:36:52+08:00,2026-08-20T17:37:55+08:00,90.84,PRT_L2,122,361.29,1076239.25128,221,219,44077.5000,40040.0000,0.0000,0.0000,40040.0000,"5,6,9","7,2","(2,3),(1,2),(4,1)",,0,0.0000
593,LM01260820000651,Approved,2026-08-20T17:35:43+08:00,2026-08-20T17:36:47+08:00,18.94,PRT_L2,113,547.28,1076047.67628,222,221,61842.5000,11715.0000,0.0000,0.0000,11715.0000,"1,1,7","5,7","(3,1),(1,2),(5,2)",,0,0.0000
594,LM01260820000650,Approved,2026-08-20T17:34:33+08:00,2026-08-20T17:35:38+08:00,93.14,PRT_L2,114,455.48,1075801.72628,220,226,51925.0000,48365.0000,0.0000,0.0000,48365.0000,"2,2,3","9,5","(3,3),(2,2),(5,1)",,0,0.0000
595,LM01260820000649,Approved,2026-08-20T17:33:24+08:00,2026-08-20T17:34:28+08:00,70.13,PRT_L2,117,779.53,1075579.32628,205,220,91205.0000,63960.0000,0.0000,0.0000,63960.0000,"2,5,6","3,6","(5,2),(6,1),(1,2)",,0,0.0000
596,LM01260820000648,Approved,2026-08-20T17:32:11+08:00,2026-08-20T17:33:19+08:00,41.07,PRT_L2,126,600.44,1075219.37628,221,213,75655.0000,31075.0000,0.0000,0.0000,31075.0000,"7,7,9","8,5","(3,2),(4,2),(5,2)",,0,0.0000
597,LM01260820000647,Approved,2026-08-20T17:29:58+08:00,2026-08-20T17:32:06+08:00,241.98,PRT_L2,119,488.61,1074909.37628,190,221,58145.0000,61000.0000,79700.0000,0.0000,140700.0000,"6,6,6","9,8","(3,2),(2,2),(1,1)","result:(1,2),(3,4)",0,0.0000
598,LM01260820000646,Approved,2026-08-20T17:28:46+08:00,2026-08-20T17:29:53+08:00,74.89,PRT_L2,111,182.61,1074683.40128,190,192,20270.0000,15180.0000,0.0000,0.0000,15180.0000,"1,2,2","7,6","(1,2),(4,2),(5,2)",,0,0.0000
599,LM01260820000645,Approved,2026-08-20T17:27:07+08:00,2026-08-20T17:28:41+08:00,61.54,PRT_L2,111,148.29,1074599.87628,179,197,16460.0000,10130.0000,0.0000,0.0000,10130.0000,"5,5,7","1,6","(1,1),(5,2),(8,2)",,0,0.0000
600,LM01260820000644,Approved,2026-08-20T17:25:52+08:00,2026-08-20T17:27:02+08:00,101.64,PRT_L2,116,197.03,1074535.07628,193,193,22855.0000,23230.0000,0.0000,0.0000,23230.0000,"2,2,3","1,2","(5,2),(4,2),(6,2)",,0,0.0000
601,LM01260820000643,Approved,2026-08-20T17:24:39+08:00,2026-08-20T17:25:47+08:00,46.11,PRT_L2,123,181.87,1074440.00128,216,197,22370.0000,10315.0000,0.0000,0.0000,10315.0000,"4,4,8","1,5","(8,2),(5,1),(6,2)",,0,0.0000
602,LM01260820000642,Approved,2026-08-20T17:23:21+08:00,2026-08-20T17:24:34+08:00,150.73,PRT_L2,115,207.22,1074346.47628,209,211,23830.0000,35920.0000,0.0000,0.0000,35920.0000,"3,8,9","3,9","(6,2),(5,1),(9,2)",,0,0.0000
603,LM01260820000641,Approved,2026-08-20T17:22:09+08:00,2026-08-20T17:23:16+08:00,63.12,PRT_L2,123,206.52,1074245.35128,208,210,25402.5000,16035.0000,0.0000,0.0000,16035.0000,"5,5,9","6,1","(4,2),(9,2),(5,1)",,0,0.0000
604,LM01260820000640,Approved,2026-08-20T17:20:47+08:00,2026-08-20T17:22:04+08:00,19.98,PRT_L2,123,228.66,1074140.90128,203,210,28125.0000,5620.0000,0.0000,0.0000,5620.0000,"4,8,8","3,7","(1,2),(2,2),(7,2)",,0,0.0000
605,LM01260820000639,Approved,2026-08-20T17:19:34+08:00,2026-08-20T17:20:42+08:00,98.43,PRT_L2,123,247.38,1074022.37628,206,208,30427.5000,29950.0000,0.0000,0.0000,29950.0000,"3,4,7","4,7","(8,2),(6,2),(2,1)",,0,0.0000
606,LM01260820000638,Approved,2026-08-20T17:18:23+08:00,2026-08-20T17:19:29+08:00,59.19,PRT_L2,124,270.93,1073891.70128,203,205,33595.0000,19885.0000,0.0000,0.0000,19885.0000,"6,8,8","3,9","(6,2),(5,1),(4,2)",,0,0.0000
607,LM01260820000637,Approved,2026-08-20T17:17:11+08:00,2026-08-20T17:18:18+08:00,53.07,PRT_L2,125,239.54,1073749.85128,213,206,29942.5000,15890.0000,0.0000,0.0000,15890.0000,"1,2,2","7,2","(8,2),(7,1),(5,2)",,0,0.0000
608,LM01260820000636,Approved,2026-08-20T17:15:57+08:00,2026-08-20T17:17:06+08:00,137.76,PRT_L2,125,195.18,1073622.97628,210,214,24397.5000,33610.0000,0.0000,0.0000,33610.0000,"3,6,9","6,7","(5,1),(6,2),(8,2)",,0,0.0000
609,LM01260820000635,Approved,2026-08-20T17:14:44+08:00,2026-08-20T17:15:52+08:00,71.62,PRT_L2,117,213.50,1073517.85128,210,215,24980.0000,17890.0000,0.0000,0.0000,17890.0000,"1,3,8","4,6","(1,2),(3,1),(5,2)",,0,0.0000
610,LM01260820000634,Approved,2026-08-20T17:13:31+08:00,2026-08-20T17:14:39+08:00,121.22,PRT_L2,119,179.52,1073409.67628,197,211,21362.5000,25895.0000,0.0000,0.0000,25895.0000,"6,9,9","4,1","(4,2),(6,2),(1,2)",,0,0.0000
611,LM01260820000633,Approved,2026-08-20T17:12:14+08:00,2026-08-20T17:13:26+08:00,49.64,PRT_L2,135,168.19,1073318.57628,219,205,22705.0000,11270.0000,0.0000,0.0000,11270.0000,"1,4,4","5,1","(1,2),(7,2),(5,2)",,0,0.0000
612,LM01260820000632,Approved,2026-08-20T17:11:02+08:00,2026-08-20T17:12:09+08:00,29.73,PRT_L2,139,191.44,1073219.20128,239,224,26610.0000,7910.0000,0.0000,0.0000,7910.0000,"2,5,8","7,6","(8,2),(6,2),(4,1)",,0,0.0000
613,LM01260820000631,Approved,2026-08-20T17:09:43+08:00,2026-08-20T17:10:57+08:00,69.12,PRT_L2,139,193.27,1073102.95128,230,244,26865.0000,18570.0000,0.0000,0.0000,18570.0000,"2,6,7","5,2","(3,1),(2,2),(8,2)",,0,0.0000
614,LM01260820000630,Approved,2026-08-20T17:08:32+08:00,2026-08-20T17:09:38+08:00,157.82,PRT_L2,147,165.63,1072986.45128,244,238,24347.5000,38425.0000,0.0000,0.0000,38425.0000,"1,3,3","4,8","(1,1),(4,2),(6,2)",,0,0.0000
615,LM01260820000629,Approved,2026-08-20T17:07:13+08:00,2026-08-20T17:08:27+08:00,105.88,PRT_L2,144,209.69,1072884.75128,229,245,30195.0000,31970.0000,0.0000,0.0000,31970.0000,"3,7,7","7,4","(6,2),(4,1),(8,2)",,0,0.0000
616,LM01260820000628,Approved,2026-08-20T17:05:59+08:00,2026-08-20T17:07:08+08:00,20.38,PRT_L2,138,208.39,1072752.07628,225,223,28757.5000,5860.0000,0.0000,0.0000,5860.0000,"1,2,8","4,9","(7,2),(6,2),(8,1)",,0,0.0000
617,LM01260820000627,Approved,2026-08-20T17:04:48+08:00,2026-08-20T17:05:54+08:00,238.50,PRT_L2,136,224.41,1072626.47628,222,228,30520.0000,72790.0000,0.0000,0.0000,72790.0000,"3,3,9","7,3","(2,2),(5,2),(9,1)",,0,0.0000
618,LM01260820000626,Approved,2026-08-20T17:03:32+08:00,2026-08-20T17:04:43+08:00,32.43,PRT_L2,128,210.33,1072490.60128,228,217,26922.5000,8730.0000,0.0000,0.0000,8730.0000,"1,1,7","7,2","(8,2),(9,1),(5,2)",,0,0.0000
619,LM01260820000625,Approved,2026-08-20T17:02:17+08:00,2026-08-20T17:03:27+08:00,89.17,PRT_L2,141,205.05,1072369.25128,225,233,28912.5000,25780.0000,0.0000,0.0000,25780.0000,"2,3,8","4,9","(5,2),(9,1),(3,3)",,0,0.0000
620,LM01260820000624,Approved,2026-08-20T17:01:06+08:00,2026-08-20T17:02:12+08:00,132.20,PRT_L2,124,201.37,1072237.00128,213,228,24970.0000,33010.0000,0.0000,0.0000,33010.0000,"1,3,9","1,5","(3,2),(4,1),(9,2)",,0,0.0000
621,LM01260820000623,Approved,2026-08-20T16:59:49+08:00,2026-08-20T17:01:01+08:00,38.33,PRT_L2,123,175.33,1072122.22628,208,220,21565.0000,8265.0000,0.0000,0.0000,8265.0000,"1,5,5","4,6","(8,1),(9,2),(5,3)",,0,0.0000
622,LM01260820000622,Approved,2026-08-20T16:58:42+08:00,2026-08-20T16:59:44+08:00,28.63,PRT_L2,120,173.77,1072022.82628,208,215,20852.5000,5970.0000,0.0000,0.0000,5970.0000,"1,1,2","6,9","(4,2),(2,2),(9,2)",,0,0.0000
623,LM01260820000621,Approved,2026-08-20T16:56:46+08:00,2026-08-20T16:58:37+08:00,316.24,PRT_L2,116,117.74,1071933.72628,199,210,13657.5000,43190.0000,0.0000,0.0000,43190.0000,"3,3,5","6,3","(6,1),(5,2),(2,2)",,0,0.0000
624,LM01260820000620,Approved,2026-08-20T16:53:56+08:00,2026-08-20T16:56:41+08:00,1139.04,PRT_L2,106,356.04,1071876.85128,203,208,37740.0000,177300.0000,252575.0000,0.0000,429875.0000,"3,3,3","2,7","(1,2),(4,2),(9,2)","result:(1,4),(1,2),(1,3)",0,0.0000
625,LM01260820000619,Approved,2026-08-20T16:52:45+08:00,2026-08-20T16:53:51+08:00,51.12,PRT_L2,111,224.50,1071740.20128,219,204,24920.0000,12740.0000,0.0000,0.0000,12740.0000,"4,6,7","1,3","(3,2),(6,2),(9,1)",,0,0.0000
626,LM01260820000618,Approved,2026-08-20T16:51:35+08:00,2026-08-20T16:52:40+08:00,131.93,PRT_L2,124,180.20,1071645.87628,219,224,22345.0000,29480.0000,0.0000,0.0000,29480.0000,"2,3,6","8,2","(7,2),(6,2),(9,1)",,0,0.0000
627,LM01260820000617,Approved,2026-08-20T16:50:17+08:00,2026-08-20T16:51:30+08:00,74.31,PRT_L2,132,189.43,1071556.62628,234,224,25005.0000,18580.0000,0.0000,0.0000,18580.0000,"1,5,9","5,7","(6,2),(2,2),(8,1)",,0,0.0000
628,LM01260820000616,Approved,2026-08-20T16:49:00+08:00,2026-08-20T16:50:12+08:00,54.64,PRT_L2,144,167.52,1071459.70128,234,240,24122.5000,13180.0000,0.0000,0.0000,13180.0000,"1,6,7","2,4","(2,1),(8,2),(4,2)",,0,0.0000
629,LM01260820000615,Approved,2026-08-20T16:47:51+08:00,2026-08-20T16:48:55+08:00,99.73,PRT_L2,140,171.25,1071358.67628,230,240,23975.0000,23910.0000,0.0000,0.0000,23910.0000,"3,7,9","8,2","(6,2),(7,2),(4,2)",,0,0.0000
630,LM01260820000614,Approved,2026-08-20T16:46:39+08:00,2026-08-20T16:47:46+08:00,48.33,PRT_L2,128,156.88,1071262.07628,209,231,20080.0000,9705.0000,0.0000,0.0000,9705.0000,"5,7,7","4,6","(1,2),(3,2),(4,1)",,0,0.0000
631,LM01260820000613,Approved,2026-08-20T16:45:20+08:00,2026-08-20T16:46:34+08:00,161.80,PRT_L2,119,164.64,1071181.77628,219,211,19592.5000,31700.0000,0.0000,0.0000,31700.0000,"3,5,8","3,2","(9,2),(3,2),(6,1)",,0,0.0000
632,LM01260820000612,Approved,2026-08-20T16:44:09+08:00,2026-08-20T16:45:15+08:00,63.10,PRT_L2,126,162.38,1071103.50128,214,222,20460.0000,12910.0000,0.0000,0.0000,12910.0000,"2,5,6","1,3","(8,1),(1,2),(7,2)",,0,0.0000
633,LM01260820000611,Approved,2026-08-20T16:43:00+08:00,2026-08-20T16:44:04+08:00,135.79,PRT_L2,129,127.31,1071015.75128,221,214,16422.5000,22300.0000,0.0000,0.0000,22300.0000,"2,3,6","8,3","(7,2),(1,1),(3,2)",,0,0.0000
634,LM01260820000610,Approved,2026-08-20T16:41:49+08:00,2026-08-20T16:42:55+08:00,81.42,PRT_L2,122,123.73,1070943.82628,216,216,15095.0000,12290.0000,0.0000,0.0000,12290.0000,"2,3,5","7,9","(6,2),(4,2),(7,1)",,0,0.0000
635,LM01260820000609,Approved,2026-08-20T16:40:39+08:00,2026-08-20T16:41:44+08:00,75.08,PRT_L2,145,120.33,1070877.37628,237,225,17447.5000,13100.0000,0.0000,0.0000,13100.0000,"5,7,7","9,6","(4,1),(2,2),(1,2)",,0,0.0000
636,LM01260820000608,Approved,2026-08-20T16:39:27+08:00,2026-08-20T16:40:34+08:00,70.70,PRT_L2,132,144.22,1070802.72628,238,244,19037.5000,13460.0000,0.0000,0.0000,13460.0000,"1,6,8","1,4","(6,1),(1,2),(4,2)",,0,0.0000
637,LM01260820000607,Approved,2026-08-20T16:38:15+08:00,2026-08-20T16:39:22+08:00,70.47,PRT_L2,143,169.30,1070724.75128,232,238,24210.0000,17060.0000,0.0000,0.0000,17060.0000,"4,5,6","9,6","(4,2),(9,2),(1,1)",,0,0.0000
638,LM01260820000606,Approved,2026-08-20T16:37:01+08:00,2026-08-20T16:38:10+08:00,80.11,PRT_L2,143,148.83,1070627.72628,243,234,21282.5000,17050.0000,0.0000,0.0000,17050.0000,"3,4,9","3,2","(6,2),(7,2),(8,2)",,0,0.0000
639,LM01260820000605,Approved,2026-08-20T16:35:46+08:00,2026-08-20T16:36:56+08:00,46.18,PRT_L2,136,161.29,1070541.50128,240,247,21935.0000,10130.0000,0.0000,0.0000,10130.0000,"2,5,8","9,4","(5,1),(2,2),(3,2)",,0,0.0000
640,LM01260820000604,Approved,2026-08-20T16:34:36+08:00,2026-08-20T16:35:41+08:00,34.20,PRT_L2,145,184.93,1070452.67628,235,241,26815.0000,9170.0000,0.0000,0.0000,9170.0000,"1,2,8","2,7","(5,2),(8,1),(7,2)",,0,0.0000
641,LM01260820000603,Approved,2026-08-20T16:33:28+08:00,2026-08-20T16:34:31+08:00,75.43,PRT_L2,144,175.38,1070348.30128,241,237,25255.0000,19050.0000,0.0000,0.0000,19050.0000,"1,3,6","9,1","(9,2),(7,2),(5,1)",,0,0.0000
642,LM01260820000602,Approved,2026-08-20T16:32:11+08:00,2026-08-20T16:33:23+08:00,45.49,PRT_L2,132,197.01,1070251.62628,220,244,26005.0000,11830.0000,0.0000,0.0000,11830.0000,"3,5,9","1,7","(8,1),(2,2),(6,3)",,0,0.0000
643,LM01260820000601,Approved,2026-08-20T16:31:01+08:00,2026-08-20T16:32:06+08:00,86.02,PRT_L2,128,209.08,1070151.87628,216,221,26762.5000,23020.0000,0.0000,0.0000,23020.0000,"4,5,6","9,6","(8,2),(1,2),(2,1)",,0,0.0000
644,LM01260820000600,Approved,2026-08-20T16:29:48+08:00,2026-08-20T16:30:56+08:00,98.61,PRT_L2,129,199.94,1070046.75128,220,217,25792.5000,25435.0000,0.0000,0.0000,25435.0000,"3,5,5","3,9","(7,2),(8,2),(6,1)",,0,0.0000
645,LM01260820000599,Approved,2026-08-20T16:28:34+08:00,2026-08-20T16:29:43+08:00,51.22,PRT_L2,128,204.24,1069945.55128,219,222,26142.5000,13390.0000,0.0000,0.0000,13390.0000,"2,7,9","5,2","(4,2),(8,1),(6,2)",,0,0.0000
646,LM01260820000598,Approved,2026-08-20T16:27:19+08:00,2026-08-20T16:28:29+08:00,126.54,PRT_L2,123,171.42,1069841.17628,211,223,21085.0000,26680.0000,0.0000,0.0000,26680.0000,"4,6,7","4,1","(4,2),(3,1),(7,2)",,0,0.0000
647,LM01260820000597,Approved,2026-08-20T16:26:11+08:00,2026-08-20T16:27:14+08:00,86.47,PRT_L2,125,191.88,1069759.35128,197,214,23985.0000,20740.0000,0.0000,0.0000,20740.0000,"1,6,6","8,3","(4,2),(6,1),(7,2)",,0,0.0000
648,LM01260820000596,Approved,2026-08-20T16:24:33+08:00,2026-08-20T16:26:06+08:00,65.70,PRT_L2,121,171.45,1069667.07628,191,199,20745.0000,13630.0000,0.0000,0.0000,13630.0000,"1,5,7","8,9","(7,1),(5,2),(2,2)",,0,0.0000
649,LM01260820000595,Approved,2026-08-20T16:23:22+08:00,2026-08-20T16:24:28+08:00,121.22,PRT_L2,112,186.72,1069586.62628,206,202,20912.5000,25350.0000,0.0000,0.0000,25350.0000,"1,2,2","6,2","(7,1),(6,2),(2,2)",,0,0.0000
650,LM01260820000594,Approved,2026-08-20T16:22:07+08:00,2026-08-20T16:23:17+08:00,125.51,PRT_L2,118,189.13,1069504.00128,216,211,22317.5000,28010.0000,0.0000,0.0000,28010.0000,"2,2,4","4,2,1","(7,2),(9,1),(2,2)",,0,0.0000
651,LM01260820000593,Approved,2026-08-20T16:20:55+08:00,2026-08-20T16:22:02+08:00,92.64,PRT_L2,114,168.93,1069415.55128,212,220,19257.5000,17840.0000,0.0000,0.0000,17840.0000,"2,3,4","8,5","(7,2),(2,2),(4,2)",,0,0.0000
652,LM01260820000592,Approved,2026-08-20T16:19:47+08:00,2026-08-20T16:20:50+08:00,59.96,PRT_L2,126,204.11,1069336.55128,217,218,25717.5000,15420.0000,0.0000,0.0000,15420.0000,"6,7,9","9,5","(9,2),(2,2),(6,1)",,0,0.0000
653,LM01260820000591,Approved,2026-08-20T16:17:35+08:00,2026-08-20T16:19:42+08:00,159.02,PRT_L2,135,195.93,1069233.05128,229,223,26450.0000,42060.0000,0.0000,0.0000,42060.0000,"1,1,9","1,3","(3,2),(4,1),(7,2)",,0,0.0000
654,LM01260820000590,Approved,2026-08-20T16:16:25+08:00,2026-08-20T16:17:30+08:00,47.14,PRT_L2,135,180.56,1069129.42628,227,233,24375.0000,11490.0000,0.0000,0.0000,11490.0000,"3,6,9","2,8","(1,2),(4,1),(7,2)",,0,0.0000
655,LM01260820000589,Approved,2026-08-20T16:15:10+08:00,2026-08-20T16:16:20+08:00,119.15,PRT_L2,128,165.29,1069028.22628,210,228,21157.5000,25210.0000,0.0000,0.0000,25210.0000,"3,4,7","2,9","(7,2),(1,1),(4,2)",,0,0.0000
656,LM01260820000588,Approved,2026-08-20T16:13:57+08:00,2026-08-20T16:15:05+08:00,50.24,PRT_L2,123,150.75,1068943.87628,228,222,18542.5000,9315.0000,0.0000,0.0000,9315.0000,"3,8,8","5,1","(9,2),(4,2),(8,2)",,0,0.0000
657,LM01260820000587,Approved,2026-08-20T16:12:40+08:00,2026-08-20T16:13:52+08:00,65.33,PRT_L2,143,161.36,1068871.17628,246,234,23075.0000,15075.0000,0.0000,0.0000,15075.0000,"1,6,6","1,2","(9,2),(7,2),(1,1)",,0,0.0000
658,LM01260820000586,Approved,2026-08-20T16:11:26+08:00,2026-08-20T16:12:35+08:00,71.64,PRT_L2,140,163.63,1068775.72628,227,253,22907.5000,16410.0000,0.0000,0.0000,16410.0000,"1,2,6","4,5","(9,1),(6,3),(2,2)",,0,0.0000
659,LM01260820000585,Approved,2026-08-20T16:10:15+08:00,2026-08-20T16:11:21+08:00,83.87,PRT_L2,137,144.12,1068681.95128,231,227,19745.0000,16560.0000,0.0000,0.0000,16560.0000,"1,2,5","7,5","(1,2),(6,2),(8,1)",,0,0.0000
660,LM01260820000584,Approved,2026-08-20T16:08:17+08:00,2026-08-20T16:10:10+08:00,105.35,PRT_L2,118,193.03,1068596.92628,210,236,22777.5000,23995.0000,0.0000,0.0000,23995.0000,"4,5,5","7,6","(2,2),(5,2),(8,2)",,0,0.0000
661,LM01260820000583,Approved,2026-08-20T16:07:07+08:00,2026-08-20T16:08:12+08:00,110.66,PRT_L2,110,172.23,1068506.75128,205,206,18945.0000,20965.0000,0.0000,0.0000,20965.0000,"4,7,7","1,8","(6,2),(8,2),(9,2)",,0,0.0000
662,LM01260820000582,Approved,2026-08-20T16:03:48+08:00,2026-08-20T16:07:02+08:00,234.62,PRT_L2,104,173.15,1068429.05128,202,204,18007.5000,23650.0000,18600.0000,0.0000,42250.0000,"8,8,8","6,3","(8,2),(5,2),(6,1)","result:(1,3),(1,4),(2,3),(2,3)",0,0.0000
663,LM01260820000581,Approved,2026-08-20T16:02:36+08:00,2026-08-20T16:03:43+08:00,74.46,PRT_L2,121,207.79,1068353.62628,204,208,25142.5000,18720.0000,0.0000,0.0000,18720.0000,"4,8,9","8,4","(7,1),(1,2),(2,2)",,0,0.0000
664,LM01260820000580,Approved,2026-08-20T16:01:24+08:00,2026-08-20T16:02:31+08:00,62.30,PRT_L2,124,170.75,1068246.57628,216,211,21172.5000,13190.0000,0.0000,0.0000,13190.0000,"2,6,9","1,3","(8,2),(6,2),(1,1)",,0,0.0000
665,LM01260820000579,Approved,2026-08-20T16:00:08+08:00,2026-08-20T16:01:19+08:00,47.20,PRT_L2,129,170.33,1068156.97628,215,220,21972.5000,10370.0000,0.0000,0.0000,10370.0000,"1,2,7","4,9","(1,2),(4,2),(6,1)",,0,0.0000
666,LM01260820000578,Approved,2026-08-20T15:58:57+08:00,2026-08-20T16:00:03+08:00,50.56,PRT_L2,130,174.06,1068069.55128,217,216,22627.5000,11440.0000,0.0000,0.0000,11440.0000,"2,5,6","9,3","(3,2),(6,1),(1,2)",,0,0.0000
667,LM01260820000577,Approved,2026-08-20T15:57:43+08:00,2026-08-20T15:58:52+08:00,53.82,PRT_L2,138,179.49,1067977.60128,217,218,24770.0000,13330.0000,0.0000,0.0000,13330.0000,"4,5,5","9,2","(9,2),(1,2),(4,1)",,0,0.0000
668,LM01260820000576,Approved,2026-08-20T15:56:33+08:00,2026-08-20T15:57:38+08:00,105.95,PRT_L2,135,173.59,1067876.90128,216,225,23435.0000,24830.0000,0.0000,0.0000,24830.0000,"5,6,7","7,1","(7,2),(9,1),(2,3)",,0,0.0000
669,LM01260820000575,Approved,2026-08-20T15:54:50+08:00,2026-08-20T15:56:28+08:00,90.84,PRT_L2,135,172.94,1067782.77628,216,218,23347.5000,21210.0000,0.0000,0.0000,21210.0000,"2,7,7","2,4","(6,2),(1,2),(2,1)",,0,0.0000
670,LM01260820000574,Approved,2026-08-20T15:53:33+08:00,2026-08-20T15:54:45+08:00,77.51,PRT_L2,124,187.50,1067686.95128,211,218,23250.0000,18020.0000,0.0000,0.0000,18020.0000,"6,7,9","6,2","(2,1),(8,2),(5,2)",,0,0.0000
671,LM01260820000573,Approved,2026-08-20T15:52:21+08:00,2026-08-20T15:53:28+08:00,49.72,PRT_L2,124,209.09,1067593.45128,217,218,25927.5000,12890.0000,0.0000,0.0000,12890.0000,"5,9,9","2,5","(9,2),(4,1),(1,2)",,0,0.0000
672,LM01260820000572,Approved,2026-08-20T15:51:00+08:00,2026-08-20T15:52:16+08:00,117.52,PRT_L2,125,188.90,1067492.25128,211,221,23612.5000,27750.0000,0.0000,0.0000,27750.0000,"2,3,8","7,1","(5,1),(2,2),(8,3)",,0,0.0000
673,LM01260820000571,Approved,2026-08-20T15:47:37+08:00,2026-08-20T15:50:55+08:00,718.51,PRT_L2,114,228.57,1067400.25128,199,215,26057.5000,141500.0000,45725.0000,0.0000,187225.0000,"3,3,3","4,1","(1,2),(3,2),(4,2)","result:(2,4),(2,3),(1,2),(2,4)",0,0.0000
674,LM01260820000570,Approved,2026-08-20T15:46:25+08:00,2026-08-20T15:47:32+08:00,23.50,PRT_L2,117,212.18,1067294.05128,203,204,24825.0000,5835.0000,0.0000,0.0000,5835.0000,"6,8,8","1,5","(5,1),(9,2),(6,2)",,0,0.0000
675,LM01260820000569,Approved,2026-08-20T15:45:15+08:00,2026-08-20T15:46:20+08:00,65.58,PRT_L2,116,221.77,1067191.35128,201,204,25725.0000,16870.0000,0.0000,0.0000,16870.0000,"7,7,9","9,3","(6,2),(3,1),(7,2)",,0,0.0000
676,LM01260820000568,Approved,2026-08-20T15:43:59+08:00,2026-08-20T15:45:10+08:00,36.04,PRT_L2,123,167.83,1067081.92628,208,208,20642.5000,7440.0000,0.0000,0.0000,7440.0000,"6,6,9","5,8","(2,2),(7,2),(8,1)",,0,0.0000
677,LM01260820000567,Approved,2026-08-20T15:42:48+08:00,2026-08-20T15:43:54+08:00,35.08,PRT_L2,138,189.82,1066998.07628,216,208,26195.0000,9190.0000,0.0000,0.0000,9190.0000,"1,1,4","2,9","(4,2),(3,2),(8,1)",,0,0.0000
678,LM01260820000566,Approved,2026-08-20T15:41:32+08:00,2026-08-20T15:42:43+08:00,34.64,PRT_L2,143,212.38,1066888.37628,220,220,30370.0000,10520.0000,0.0000,0.0000,10520.0000,"4,7,8","7,6","(9,1),(1,2),(8,2)",,0,0.0000
679,LM01260820000565,Approved,2026-08-20T15:40:15+08:00,2026-08-20T15:41:27+08:00,132.19,PRT_L2,137,197.19,1066755.97628,226,218,27015.0000,35710.0000,0.0000,0.0000,35710.0000,"3,4,7","6,5","(4,1),(7,2),(3,2)",,0,0.0000
680,LM01260820000564,Approved,2026-08-20T15:38:59+08:00,2026-08-20T15:40:10+08:00,138.56,PRT_L2,137,172.15,1066639.95128,228,234,23585.0000,32680.0000,0.0000,0.0000,32680.0000,"3,5,6","2,1","(4,1),(9,2),(3,2)",,0,0.0000
681,LM01260820000563,Approved,2026-08-20T15:37:46+08:00,2026-08-20T15:38:54+08:00,72.39,PRT_L2,139,161.83,1066536.12628,224,231,22495.0000,16285.0000,0.0000,0.0000,16285.0000,"7,9,9","7,2","(5,2),(3,2),(9,1)",,0,0.0000
682,LM01260820000562,Approved,2026-08-20T15:36:35+08:00,2026-08-20T15:37:41+08:00,90.57,PRT_L2,138,177.46,1066436.05128,232,227,24490.0000,22180.0000,0.0000,0.0000,22180.0000,"3,7,9","9,8","(8,2),(6,2),(9,1)",,0,0.0000
683,LM01260820000561,Approved,2026-08-20T15:35:22+08:00,2026-08-20T15:36:30+08:00,116.50,PRT_L2,144,123.21,1066326.07628,235,233,17742.5000,20670.0000,0.0000,0.0000,20670.0000,"1,3,8","3,2","(6,2),(9,2),(5,1)",,0,0.0000
684,LM01260820000560,Approved,2026-08-20T15:34:11+08:00,2026-08-20T15:35:17+08:00,165.33,PRT_L2,147,169.23,1066249.75128,239,236,24877.5000,41130.0000,0.0000,0.0000,41130.0000,"2,2,4","5,2","(4,1),(8,2),(7,2)",,0,0.0000
685,LM01260820000559,Approved,2026-08-20T15:32:55+08:00,2026-08-20T15:34:06+08:00,81.31,PRT_L2,140,200.30,1066140.57628,228,240,28042.5000,22800.0000,0.0000,0.0000,22800.0000,"1,2,4","1,2","(4,2),(9,1),(2,2)",,0,0.0000
686,LM01260820000558,Approved,2026-08-20T15:31:41+08:00,2026-08-20T15:32:50+08:00,90.81,PRT_L2,134,180.22,1066020.55128,241,235,24150.0000,21930.0000,0.0000,0.0000,21930.0000,"2,3,4","2,1","(6,2),(8,1),(9,2)",,0,0.0000
687,LM01260820000557,Approved,2026-08-20T15:30:15+08:00,2026-08-20T15:31:36+08:00,58.50,PRT_L2,132,227.41,1065914.67628,234,244,30017.5000,17560.0000,0.0000,0.0000,17560.0000,"3,5,6","7,8","(4,2),(8,2),(9,1)",,0,0.0000
688,LM01260820000556,Approved,2026-08-20T15:29:00+08:00,2026-08-20T15:30:10+08:00,71.61,PRT_L2,150,173.45,1065777.15128,231,234,26017.5000,18630.0000,0.0000,0.0000,18630.0000,"3,3,7","5,6","(9,2),(2,2),(7,2)",,0,0.0000
689,LM01260820000555,Approved,2026-08-20T15:27:43+08:00,2026-08-20T15:28:55+08:00,111.27,PRT_L2,144,156.09,1065659.35128,236,236,22477.5000,25010.0000,0.0000,0.0000,25010.0000,"1,3,7","8,7","(8,2),(7,1),(6,2)",,0,0.0000
690,LM01260820000554,Approved,2026-08-20T15:25:58+08:00,2026-08-20T15:27:38+08:00,58.00,PRT_L2,134,158.00,1065557.17628,235,243,21172.5000,12280.0000,0.0000,0.0000,12280.0000,"1,4,5","1,8","(8,2),(6,2),(9,2)",,0,0.0000
691,LM01260820000553,Approved,2026-08-20T15:24:49+08:00,2026-08-20T15:25:53+08:00,110.92,PRT_L2,138,154.24,1065459.75128,236,248,21285.0000,23610.0000,0.0000,0.0000,23610.0000,"3,5,9","4,1","(3,2),(8,2),(2,2)",,0,0.0000
692,LM01260820000552,Approved,2026-08-20T15:23:32+08:00,2026-08-20T15:24:44+08:00,87.47,PRT_L2,134,198.69,1065362.65128,229,246,26625.0000,23290.0000,0.0000,0.0000,23290.0000,"1,6,7","1,6","(2,2),(9,2),(6,1)",,0,0.0000
693,LM01260820000551,Approved,2026-08-20T15:22:19+08:00,2026-08-20T15:23:27+08:00,107.43,PRT_L2,130,185.85,1065238.47628,229,230,24160.0000,25955.0000,0.0000,0.0000,25955.0000,"5,5,6","4,6","(5,2),(9,1),(2,2)",,0,0.0000
694,LM01260820000550,Approved,2026-08-20T15:21:05+08:00,2026-08-20T15:22:14+08:00,79.26,PRT_L2,134,179.27,1065127.15128,231,243,24022.5000,19040.0000,0.0000,0.0000,19040.0000,"4,4,5","5,4","(8,2),(5,2),(3,1)",,0,0.0000
695,LM01260820000549,Approved,2026-08-20T15:19:53+08:00,2026-08-20T15:21:00+08:00,87.81,PRT_L2,127,190.91,1065019.82628,230,229,24245.0000,21290.0000,0.0000,0.0000,21290.0000,"1,3,4","4,1","(5,2),(9,2),(1,2)",,0,0.0000
696,LM01260820000548,Approved,2026-08-20T15:18:33+08:00,2026-08-20T15:19:48+08:00,194.19,PRT_L2,123,151.85,1064909.72628,222,230,18677.5000,36270.0000,0.0000,0.0000,36270.0000,"1,2,3","1,4","(7,2),(3,3),(5,1)",,0,0.0000
697,LM01260820000547,Approved,2026-08-20T15:17:20+08:00,2026-08-20T15:18:28+08:00,83.98,PRT_L2,127,143.07,1064825.90128,228,224,18170.0000,15260.0000,0.0000,0.0000,15260.0000,"4,8,9","1,7","(5,2),(7,2),(1,2)",,0,0.0000
698,LM01260820000546,Approved,2026-08-20T15:16:09+08:00,2026-08-20T15:17:15+08:00,95.53,PRT_L2,125,194.62,1064744.22628,219,227,24327.5000,23240.0000,0.0000,0.0000,23240.0000,"1,1,5","5,7","(9,2),(3,1),(6,2)",,0,0.0000
699,LM01260820000545,Approved,2026-08-20T15:14:54+08:00,2026-08-20T15:16:04+08:00,27.60,PRT_L1,128,235.08,1064639.07628,225,224,30090.0000,8305.0000,0.0000,0.0000,8305.0000,"1,1,9","3,8","(4,1),(6,2),(8,2)",,0,0.0000
700,LM01260820000544,Approved,2026-08-20T15:13:35+08:00,2026-08-20T15:14:49+08:00,69.61,PRT_L1,132,218.41,1064516.65128,238,230,28830.0000,20070.0000,0.0000,0.0000,20070.0000,"2,4,7","8,4","(2,2),(5,1),(8,2)",,0,0.0000
701,LM01260820000543,Approved,2026-08-20T15:12:20+08:00,2026-08-20T15:13:30+08:00,112.34,PRT_L1,137,218.91,1064395.77628,237,237,29990.0000,33690.0000,0.0000,0.0000,33690.0000,"4,4,5","4,6","(1,2),(7,1),(3,2)",,0,0.0000
702,LM01260820000542,Approved,2026-08-20T15:11:06+08:00,2026-08-20T15:12:15+08:00,77.07,PRT_L1,148,261.20,1064271.27628,240,240,38657.5000,29795.0000,0.0000,0.0000,29795.0000,"5,6,6","2,8","(8,1),(1,2),(5,2)",,0,0.0000
703,LM01260820000541,Approved,2026-08-20T15:09:52+08:00,2026-08-20T15:11:01+08:00,57.98,PRT_L1,165,237.65,1064119.12628,251,244,39212.5000,22735.0000,0.0000,0.0000,22735.0000,"1,6,6","8,5","(2,2),(1,2),(3,1)",,0,0.0000
704,LM01260820000540,Approved,2026-08-20T15:08:38+08:00,2026-08-20T15:09:47+08:00,49.68,PRT_L1,169,263.11,1063962.65128,252,256,44465.0000,22090.0000,0.0000,0.0000,22090.0000,"1,2,5","8,4","(7,2),(9,2),(5,1)",,0,0.0000
705,LM01260820000539,Approved,2026-08-20T15:07:19+08:00,2026-08-20T15:08:33+08:00,34.96,PRT_L1,159,233.85,1063789.80128,260,256,37182.5000,13000.0000,0.0000,0.0000,13000.0000,"1,4,9","9,1","(1,2),(8,2),(5,1)",,0,0.0000
706,LM01260820000538,Approved,2026-08-20T15:06:06+08:00,2026-08-20T15:07:14+08:00,83.86,PRT_L1,173,217.82,1063645.12628,263,270,37682.5000,31600.0000,0.0000,0.0000,31600.0000,"6,7,9","7,8","(5,2),(7,1),(3,2)",,0,0.0000
707,LM01260820000537,Approved,2026-08-20T15:04:56+08:00,2026-08-20T15:06:01+08:00,154.90,PRT_L1,170,202.82,1063497.85128,272,274,34480.0000,53410.0000,0.0000,0.0000,53410.0000,"3,4,8","6,7","(4,2),(3,2),(7,1)",,0,0.0000
708,LM01260820000536,Approved,2026-08-20T15:02:30+08:00,2026-08-20T15:04:51+08:00,276.16,PRT_L1,169,226.21,1063362.45128,256,267,38230.0000,82400.0000,23175.0000,0.0000,105575.0000,"3,3,3","6,9","(8,2),(7,2),(2,2)","result:(1,3),(1,4)",0,0.0000
709,LM01260820000535,Approved,2026-08-20T15:01:15+08:00,2026-08-20T15:02:25+08:00,82.29,PRT_L1,162,186.40,1063212.32628,251,260,30197.5000,24850.0000,0.0000,0.0000,24850.0000,"2,6,7","4,8","(7,1),(2,2),(1,2)",,0,0.0000
710,LM01260820000534,Approved,2026-08-20T15:00:02+08:00,2026-08-20T15:01:10+08:00,106.87,PRT_L1,152,195.26,1063087.60128,249,253,29680.0000,31720.0000,0.0000,0.0000,31720.0000,"2,3,5","1,7","(8,1),(2,2),(4,2)",,0,0.0000
711,LM01260820000533,Approved,2026-08-20T14:58:46+08:00,2026-08-20T14:59:57+08:00,140.55,PRT_L1,154,190.76,1062964.20128,242,255,29377.5000,41290.0000,0.0000,0.0000,41290.0000,"2,5,6","2,6","(6,2),(9,2),(4,2)",,0,0.0000
712,LM01260820000532,Approved,2026-08-20T14:57:33+08:00,2026-08-20T14:58:41+08:00,25.88,PRT_L1,158,279.76,1062840.07628,249,249,44202.5000,11440.0000,0.0000,0.0000,11440.0000,"1,7,8","3,5","(6,2),(5,1),(1,2)",,0,0.0000
713,LM01260820000531,Approved,2026-08-20T14:56:19+08:00,2026-08-20T14:57:28+08:00,65.09,PRT_L1,154,353.56,1062663.15128,238,252,54447.5000,35440.0000,0.0000,0.0000,35440.0000,"3,5,5","1,4","(9,1),(8,2),(1,2)",,0,0.0000
714,LM01260820000530,Approved,2026-08-20T14:54:30+08:00,2026-08-20T14:56:14+08:00,52.17,PRT_L1,143,325.30,1062449.60128,226,236,46517.5000,24270.0000,0.0000,0.0000,24270.0000,"4,5,9","7,6","(5,2),(2,1),(7,2)",,0,0.0000
715,LM01260820000529,Approved,2026-08-20T14:53:15+08:00,2026-08-20T14:54:25+08:00,64.03,PRT_L1,158,409.24,1062268.12628,248,241,64660.0000,41400.0000,0.0000,0.0000,41400.0000,"2,3,7","1,9","(8,2),(1,2),(7,1)",,0,0.0000
716,LM01260820000528,Approved,2026-08-20T14:52:06+08:00,2026-08-20T14:53:10+08:00,90.11,PRT_L1,152,371.91,1062013.70128,246,245,56530.0000,50940.0000,0.0000,0.0000,50940.0000,"2,2,4","2,5","(6,2),(9,1),(3,2)",,0,0.0000
717,LM01260820000527,Approved,2026-08-20T14:51:00+08:00,2026-08-20T14:52:01+08:00,26.45,PRT_L1,158,297.10,1061791.37628,262,247,46942.5000,12415.0000,0.0000,0.0000,12415.0000,"2,7,7","6,8","(2,2),(8,2),(1,1)",,0,0.0000
718,LM01260820000526,Approved,2026-08-20T14:49:47+08:00,2026-08-20T14:50:55+08:00,45.45,PRT_L1,165,348.67,1061613.12628,266,270,57530.0000,26150.0000,0.0000,0.0000,26150.0000,"1,2,4","2,6","(2,2),(8,1),(7,2)",,0,0.0000
719,LM01260820000525,Approved,2026-08-20T14:48:39+08:00,2026-08-20T14:49:42+08:00,152.79,PRT_L1,172,290.92,1061386.40128,265,271,50037.5000,76450.0000,0.0000,0.0000,76450.0000,"5,6,6","6,8","(3,2),(8,1),(6,2)",,0,0.0000
720,LM01260820000524,Approved,2026-08-20T14:47:26+08:00,2026-08-20T14:48:34+08:00,49.51,PRT_L1,178,241.49,1061185.82628,275,272,42985.0000,21280.0000,0.0000,0.0000,21280.0000,"1,2,6","2,4","(6,2),(4,2),(8,1)",,0,0.0000
721,LM01260820000523,Approved,2026-08-20T14:46:15+08:00,2026-08-20T14:47:21+08:00,40.85,PRT_L1,190,189.89,1061013.80128,278,277,36080.0000,14740.0000,0.0000,0.0000,14740.0000,"2,9,9","9,6","(5,2),(6,1),(7,2)",,0,0.0000
722,LM01260820000522,Approved,2026-08-20T14:43:16+08:00,2026-08-20T14:46:10+08:00,148.89,PRT_L1,183,220.94,1060871.60128,280,275,40432.5000,26550.0000,33650.0000,0.0000,60200.0000,"6,6,6","3,2","(9,2),(2,2),(5,2)","result:(2,4),(2,4),(1,2)",0,0.0000
723,LM01260820000521,Approved,2026-08-20T14:42:03+08:00,2026-08-20T14:43:11+08:00,176.40,PRT_L1,180,248.86,1060711.57628,272,279,44795.0000,79020.0000,0.0000,0.0000,79020.0000,"1,2,3","4,5","(6,2),(3,2),(9,1)",,0,0.0000
724,LM01260820000520,Approved,2026-08-20T14:40:53+08:00,2026-08-20T14:41:58+08:00,14.04,PRT_L1,167,284.42,1060530.82628,252,273,47497.5000,6670.0000,0.0000,0.0000,6670.0000,"8,8,9","2,3","(5,2),(2,1),(3,2)",,0,0.0000
725,LM01260820000519,Approved,2026-08-20T14:39:41+08:00,2026-08-20T14:40:48+08:00,79.21,PRT_L1,163,211.21,1060344.87628,258,253,34427.5000,27270.0000,0.0000,0.0000,27270.0000,"5,5,6","2,4","(3,2),(7,2),(1,1)",,0,0.0000
726,LM01260820000518,Approved,2026-08-20T14:38:34+08:00,2026-08-20T14:39:36+08:00,203.77,PRT_L1,166,194.80,1060210.37628,250,266,32337.5000,65895.0000,0.0000,0.0000,65895.0000,"2,3,3","7,4","(1,1),(6,2),(7,3)",,0,0.0000
727,LM01260820000517,Approved,2026-08-20T14:37:22+08:00,2026-08-20T14:38:29+08:00,112.63,PRT_L1,162,198.72,1060068.20128,240,249,32192.5000,36260.0000,0.0000,0.0000,36260.0000,"1,3,5","1,2","(7,2),(1,2),(4,1)",,0,0.0000
728,LM01260820000516,Approved,2026-08-20T14:36:08+08:00,2026-08-20T14:37:17+08:00,80.61,PRT_L1,148,128.58,1059927.05128,242,243,19030.0000,15340.0000,0.0000,0.0000,15340.0000,"1,2,4","9,4","(2,1),(4,3),(9,2)",,0,0.0000
729,LM01260820000515,Approved,2026-08-20T14:35:02+08:00,2026-08-20T14:36:03+08:00,132.77,PRT_L1,153,134.40,1059849.17628,235,245,20562.5000,27300.0000,0.0000,0.0000,27300.0000,"3,7,8","3,4","(7,1),(1,2),(6,2)",,0,0.0000
730,LM01260820000514,Approved,2026-08-20T14:33:47+08:00,2026-08-20T14:34:57+08:00,50.85,PRT_L1,150,128.48,1059765.12628,236,242,19272.5000,9800.0000,0.0000,0.0000,9800.0000,"1,5,5","2,4","(8,1),(5,2),(2,2)",,0,0.0000
731,LM01260820000513,Approved,2026-08-20T14:32:32+08:00,2026-08-20T14:33:42+08:00,37.27,PRT_L1,149,131.09,1059683.40128,232,244,19532.5000,7280.0000,0.0000,0.0000,7280.0000,"5,7,8","2,4","(8,1),(4,2),(2,2)",,0,0.0000
732,LM01260820000512,Approved,2026-08-20T14:31:23+08:00,2026-08-20T14:32:27+08:00,188.37,PRT_L1,147,118.45,1059605.37628,246,237,17412.5000,32800.0000,0.0000,0.0000,32800.0000,"2,3,4","2,3","(9,2),(7,1),(2,2)",,0,0.0000
733,LM01260820000511,Approved,2026-08-20T14:30:07+08:00,2026-08-20T14:31:18+08:00,67.26,PRT_L1,150,118.93,1059531.67628,233,249,17840.0000,12000.0000,0.0000,0.0000,12000.0000,"1,2,5","8,9","(1,1),(8,2),(5,2)",,0,0.0000
734,LM01260820000510,Approved,2026-08-20T14:28:55+08:00,2026-08-20T14:30:02+08:00,28.60,PRT_L1,145,154.81,1059457.92628,236,240,22447.5000,6420.0000,0.0000,0.0000,6420.0000,"6,7,8","5,6","(1,2),(4,2),(3,1)",,0,0.0000
735,LM01260820000509,Approved,2026-08-20T14:27:46+08:00,2026-08-20T14:28:50+08:00,224.89,PRT_L1,147,135.97,1059362.65128,242,241,19987.5000,44950.0000,0.0000,0.0000,44950.0000,"3,3,6","2,3","(7,2),(2,2),(8,1)",,0,0.0000
736,LM01260820000508,Approved,2026-08-20T14:26:34+08:00,2026-08-20T14:27:41+08:00,39.83,PRT_L1,150,123.37,1059276.85128,237,242,18505.0000,7370.0000,0.0000,0.0000,7370.0000,"2,8,9","6,4","(1,2),(5,1),(9,2)",,0,0.0000
737,LM01260820000507,Approved,2026-08-20T14:24:57+08:00,2026-08-20T14:26:29+08:00,216.65,PRT_L1,149,144.11,1059198.65128,235,243,21472.5000,46520.0000,0.0000,0.0000,46520.0000,"3,3,5","3,8","(8,1),(2,2),(4,2)",,0,0.0000
738,LM01260820000506,Approved,2026-08-20T14:23:43+08:00,2026-08-20T14:24:52+08:00,114.95,PRT_L1,151,202.10,1059108.97628,229,251,30517.5000,35080.0000,0.0000,0.0000,35080.0000,"1,3,5","6,3","(7,2),(2,1),(4,2)",,0,0.0000
739,LM01260820000505,Approved,2026-08-20T14:22:30+08:00,2026-08-20T14:23:38+08:00,63.64,PRT_L1,146,144.21,1058984.12628,234,238,21055.0000,13400.0000,0.0000,0.0000,13400.0000,"3,5,8","9,7","(1,2),(6,2),(7,1)",,0,0.0000
740,LM01260820000504,Approved,2026-08-20T14:21:18+08:00,2026-08-20T14:22:25+08:00,132.87,PRT_L1,137,143.14,1058898.82628,223,246,19610.0000,26055.0000,0.0000,0.0000,26055.0000,"1,1,3","3,8","(4,2),(3,1),(1,2)",,0,0.0000
741,LM01260820000503,Approved,2026-08-20T14:20:06+08:00,2026-08-20T14:21:13+08:00,95.36,PRT_L1,134,129.83,1058819.05128,230,217,17397.5000,16590.0000,0.0000,0.0000,16590.0000,"1,3,4","2,4","(4,1),(3,2),(2,2)",,0,0.0000
742,LM01260820000502,Approved,2026-08-20T14:18:54+08:00,2026-08-20T14:20:01+08:00,45.57,PRT_L1,133,131.02,1058743.75128,225,234,17425.0000,7940.0000,0.0000,0.0000,7940.0000,"2,6,9","1,5","(3,1),(9,2),(4,2)",,0,0.0000
743,LM01260820000501,Approved,2026-08-20T14:17:40+08:00,2026-08-20T14:18:49+08:00,85.61,PRT_L1,135,121.57,1058667.30128,215,225,16412.5000,14050.0000,0.0000,0.0000,14050.0000,"3,4,6","1,2","(3,2),(6,1),(8,2)",,0,0.0000
744,LM01260820000500,Approved,2026-08-20T14:16:24+08:00,2026-08-20T14:17:35+08:00,68.03,PRT_L1,150,121.37,1058595.07628,221,226,18205.0000,12385.0000,0.0000,0.0000,12385.0000,"2,2,6","7,6","(2,1),(5,2),(6,3)",,0,0.0000
745,LM01260820000499,Approved,2026-08-20T14:15:08+08:00,2026-08-20T14:16:19+08:00,33.31,PRT_L1,150,172.32,1058515.45128,232,225,25847.5000,8610.0000,0.0000,0.0000,8610.0000,"1,2,5","8,3","(7,2),(8,1),(5,2)",,0,0.0000
746,LM01260820000498,Approved,2026-08-20T14:13:51+08:00,2026-08-20T14:15:03+08:00,97.20,PRT_L1,151,143.66,1058414.47628,241,244,21692.5000,21085.0000,0.0000,0.0000,21085.0000,"1,1,9","8,7","(7,2),(9,1),(8,2)",,0,0.0000
747,LM01260820000497,Approved,2026-08-20T14:12:37+08:00,2026-08-20T14:13:46+08:00,31.29,PRT_L1,148,150.73,1058319.27628,235,237,22307.5000,6980.0000,0.0000,0.0000,6980.0000,"5,7,8","4,3","(4,2),(1,2),(2,1)",,0,0.0000
748,LM01260820000496,Approved,2026-08-20T14:11:23+08:00,2026-08-20T14:12:32+08:00,74.89,PRT_L1,148,162.31,1058225.75128,235,239,24022.5000,17990.0000,0.0000,0.0000,17990.0000,"3,5,9","1,7","(8,2),(4,2),(6,1)",,0,0.0000
749,LM01260820000495,Approved,2026-08-20T14:10:05+08:00,2026-08-20T14:11:18+08:00,70.72,PRT_L1,145,164.03,1058123.80128,229,238,23785.0000,16820.0000,0.0000,0.0000,16820.0000,"1,6,8","3,8","(5,1),(1,2),(8,2)",,0,0.0000
750,LM01260820000494,Approved,2026-08-20T14:08:55+08:00,2026-08-20T14:10:00+08:00,81.73,PRT_L1,136,128.92,1058021.97628,234,238,17532.5000,14330.0000,0.0000,0.0000,14330.0000,"1,2,3","5,2","(1,1),(8,2),(7,2)",,0,0.0000
751,LM01260820000493,Approved,2026-08-20T14:06:40+08:00,2026-08-20T14:08:50+08:00,37.55,PRT_L1,150,167.32,1057943.15128,238,234,25097.5000,5600.0000,3825.0000,0.0000,9425.0000,"1,1,1","3,5","(6,2),(9,2),(3,2)","result:(2,4),(3,4)",0,0.0000
752,LM01260820000492,Approved,2026-08-20T14:05:25+08:00,2026-08-20T14:06:35+08:00,110.71,PRT_L1,144,168.85,1057845.75128,240,240,24315.0000,26920.0000,0.0000,0.0000,26920.0000,"4,7,7","6,7","(2,2),(8,2),(7,2)",,0,0.0000
753,LM01260820000491,Approved,2026-08-20T14:04:10+08:00,2026-08-20T14:05:20+08:00,63.00,PRT_L1,135,175.78,1057747.92628,216,240,23730.0000,14950.0000,0.0000,0.0000,14950.0000,"3,5,8","6,9","(7,2),(4,2),(2,1)",,0,0.0000
754,LM01260820000490,Approved,2026-08-20T14:02:56+08:00,2026-08-20T14:04:05+08:00,165.46,PRT_L1,136,167.32,1057652.67628,225,223,22755.0000,37650.0000,0.0000,0.0000,37650.0000,"3,6,6","6,9","(1,1),(2,2),(5,2)",,0,0.0000
755,LM01260820000489,Approved,2026-08-20T14:01:47+08:00,2026-08-20T14:02:51+08:00,70.54,PRT_L1,141,178.05,1057560.70128,226,232,25105.0000,17710.0000,0.0000,0.0000,17710.0000,"7,9,9","4,8","(7,2),(2,1),(8,2)",,0,0.0000
756,LM01260820000488,Approved,2026-08-20T14:00:37+08:00,2026-08-20T14:01:42+08:00,71.96,PRT_L1,131,157.00,1057460.72628,210,230,20567.5000,14800.0000,0.0000,0.0000,14800.0000,"2,3,6","4,9","(2,2),(5,1),(9,2)",,0,0.0000
757,LM01260820000487,Approved,2026-08-20T13:57:20+08:00,2026-08-20T14:00:32+08:00,64.65,PRT_L1,113,168.10,1057381.12628,194,219,18995.0000,12280.0000,0.0000,0.0000,12280.0000,"2,7,8","1,7","(1,2),(8,2),(9,1)",,0,0.0000
758,LM01260820000486,Approved,2026-08-20T13:56:02+08:00,2026-08-20T13:57:15+08:00,12.16,PRT_L1,115,534.35,1057299.37628,205,202,61450.0000,7475.0000,0.0000,0.0000,7475.0000,"2,6,6","3,9","(4,2),(2,2),(5,1)",,0,0.0000
759,LM01260820000485,Approved,2026-08-20T13:53:59+08:00,2026-08-20T13:55:57+08:00,38.69,PRT_L1,125,387.02,1057009.70128,217,212,48377.5000,18715.0000,0.0000,0.0000,18715.0000,"3,6,6","5,2","(5,2),(3,1),(9,2)",,0,0.0000
760,LM01260820000484,Approved,2026-08-20T13:52:44+08:00,2026-08-20T13:53:54+08:00,153.12,PRT_L1,131,498.57,1056782.12628,216,213,65312.5000,100005.0000,0.0000,0.0000,100005.0000,"1,1,2","2,3","(2,2),(5,1),(6,2)",,0,0.0000
761,LM01260820000483,Approved,2026-08-20T13:51:24+08:00,2026-08-20T13:52:39+08:00,64.44,PRT_L1,145,523.95,1056468.65128,235,219,75972.5000,48960.0000,0.0000,0.0000,48960.0000,"1,1,9","3,1","(2,2),(9,2),(3,1)",,0,0.0000
762,LM01260820000482,Approved,2026-08-20T13:50:04+08:00,2026-08-20T13:51:19+08:00,84.58,PRT_L1,156,534.92,1056118.72628,239,251,83447.5000,70580.0000,0.0000,0.0000,70580.0000,"2,3,9","6,5","(1,1),(7,2),(5,2)",,0,0.0000
763,LM01260820000481,Approved,2026-08-20T13:48:43+08:00,2026-08-20T13:49:59+08:00,30.24,PRT_L1,151,501.24,1055747.90128,237,239,75687.5000,22890.0000,0.0000,0.0000,22890.0000,"1,4,6","7,9","(1,2),(4,2),(7,2)",,0,0.0000
764,LM01260820000480,Approved,2026-08-20T13:47:26+08:00,2026-08-20T13:48:38+08:00,81.94,PRT_L1,153,456.50,1055405.30128,239,236,69845.0000,57230.0000,0.0000,0.0000,57230.0000,"4,6,7","2,3","(9,2),(3,1),(1,2)",,0,0.0000
765,LM01260820000479,Approved,2026-08-20T13:46:01+08:00,2026-08-20T13:47:21+08:00,77.07,PRT_L1,146,457.04,1055082.45128,229,239,66727.5000,51430.0000,0.0000,0.0000,51430.0000,"1,8,9","1,7","(2,1),(7,2),(6,2)",,0,0.0000
766,LM01260820000478,Approved,2026-08-20T13:44:47+08:00,2026-08-20T13:45:56+08:00,145.45,PRT_L1,149,443.57,1054770.62628,238,235,66092.5000,96130.0000,0.0000,0.0000,96130.0000,"1,7,7","4,1","(3,2),(6,3),(2,1)",,0,0.0000
767,LM01260820000477,Approved,2026-08-20T13:43:27+08:00,2026-08-20T13:44:42+08:00,69.46,PRT_L1,159,190.60,1054465.50128,246,243,30305.0000,21050.0000,0.0000,0.0000,21050.0000,"2,2,4","6,4","(8,1),(1,2),(6,2)",,0,0.0000
768,LM01260820000476,Approved,2026-08-20T13:41:59+08:00,2026-08-20T13:43:22+08:00,101.82,PRT_L1,154,180.80,1054343.30128,250,250,27842.5000,28350.0000,0.0000,0.0000,28350.0000,"5,5,9","5,6","(1,2),(2,1),(8,2)",,0,0.0000
769,LM01260820000475,Approved,2026-08-20T13:40:38+08:00,2026-08-20T13:41:54+08:00,38.38,PRT_L1,148,182.21,1054230.45128,233,250,26967.5000,10350.0000,0.0000,0.0000,10350.0000,"5,5,9","1,3","(2,2),(7,1),(8,2)",,0,0.0000
770,LM01260820000474,Approved,2026-08-20T13:39:18+08:00,2026-08-20T13:40:33+08:00,147.28,PRT_L1,140,170.66,1054122.67628,230,230,23892.5000,35190.0000,0.0000,0.0000,35190.0000,"3,6,9","3,2","(2,2),(1,2),(3,1)",,0,0.0000
771,LM01260820000473,Approved,2026-08-20T13:37:55+08:00,2026-08-20T13:39:13+08:00,34.16,PRT_L1,133,286.33,1054024.10128,223,236,38082.5000,13010.0000,0.0000,0.0000,13010.0000,"4,5,6","9,5","(2,2),(4,1),(8,2)",,0,0.0000
772,LM01260820000472,Approved,2026-08-20T13:36:30+08:00,2026-08-20T13:37:50+08:00,90.83,PRT_L1,128,282.13,1053876.75128,218,224,36112.5000,32800.0000,0.0000,0.0000,32800.0000,"2,2,9","6,9","(1,1),(7,2),(8,2)",,0,0.0000
773,LM01260820000471,Approved,2026-08-20T13:35:11+08:00,2026-08-20T13:36:25+08:00,80.36,PRT_L1,143,299.25,1053736.72628,226,229,42792.5000,34390.0000,0.0000,0.0000,34390.0000,"4,6,9","4,1","(5,1),(6,2),(4,2)",,0,0.0000
774,LM01260820000470,Approved,2026-08-20T13:33:51+08:00,2026-08-20T13:35:06+08:00,105.79,PRT_L1,141,296.99,1053573.45128,225,231,41875.0000,44300.0000,0.0000,0.0000,44300.0000,"1,4,9","3,9","(6,2),(4,2),(5,1)",,0,0.0000
775,LM01260820000469,Approved,2026-08-20T13:32:24+08:00,2026-08-20T13:33:46+08:00,21.94,PRT_L1,147,300.14,1053405.72628,229,227,44120.0000,9680.0000,0.0000,0.0000,9680.0000,"1,4,4","7,1","(5,1),(8,2),(6,2)",,0,0.0000
776,LM01260820000468,Approved,2026-08-20T13:31:06+08:00,2026-08-20T13:32:19+08:00,33.09,PRT_L1,154,285.86,1053229.35128,248,233,44022.5000,14565.0000,0.0000,0.0000,14565.0000,"2,2,7","7,4","(3,2),(9,2),(5,1)",,0,0.0000
777,LM01260820000467,Approved,2026-08-20T13:29:43+08:00,2026-08-20T13:31:01+08:00,79.88,PRT_L1,143,305.31,1053057.47628,227,247,43660.0000,34875.0000,0.0000,0.0000,34875.0000,"6,6,8","1,9","(6,2),(4,1),(8,2)",,0,0.0000
778,LM01260820000466,Approved,2026-08-20T13:28:25+08:00,2026-08-20T13:29:38+08:00,127.87,PRT_L1,140,270.63,1052889.62628,229,232,37887.5000,48445.0000,0.0000,0.0000,48445.0000,"3,3,4","1,7","(9,1),(6,2),(1,2)",,0,0.0000
779,LM01260820000465,Approved,2026-08-20T13:27:02+08:00,2026-08-20T13:28:20+08:00,27.40,PRT_L1,132,325.11,1052741.80128,225,237,42915.0000,11760.0000,0.0000,0.0000,11760.0000,"5,7,8","8,6","(6,2),(5,2),(3,1)",,0,0.0000
780,LM01260820000464,Approved,2026-08-20T13:25:47+08:00,2026-08-20T13:26:57+08:00,40.87,PRT_L1,125,298.92,1052570.15128,213,224,37365.0000,15270.0000,0.0000,0.0000,15270.0000,"2,7,7","7,9","(2,2),(9,2),(6,1)",,0,0.0000
781,LM01260820000463,Approved,2026-08-20T13:23:58+08:00,2026-08-20T13:25:42+08:00,11.42,PRT_L1,124,291.21,1052418.27628,214,216,36110.0000,4125.0000,0.0000,0.0000,4125.0000,"1,1,7","4,3","(6,2),(8,1),(5,2)",,0,0.0000
782,LM01260820000462,Approved,2026-08-20T13:21:28+08:00,2026-08-20T13:23:53+08:00,306.36,PRT_L1,150,233.93,1052265.87628,237,225,35090.0000,66900.0000,40600.0000,0.0000,107500.0000,"9,9,9","8,2","(6,2),(8,2),(3,1)","result:(2,4),(2,3)",0,0.0000
783,LM01260820000461,Approved,2026-08-20T13:20:10+08:00,2026-08-20T13:21:23+08:00,15.42,PRT_L1,172,292.95,1052116.85128,256,247,50387.5000,7770.0000,0.0000,0.0000,7770.0000,"4,7,8","2,1","(2,1),(9,2),(1,2)",,0,0.0000
784,LM01260820000460,Approved,2026-08-20T13:18:54+08:00,2026-08-20T13:20:05+08:00,74.42,PRT_L1,170,272.84,1051910.07628,256,260,46382.5000,34520.0000,0.0000,0.0000,34520.0000,"1,3,4","4,5","(5,1),(8,2),(6,2)",,0,0.0000
785,LM01260820000459,Approved,2026-08-20T13:17:36+08:00,2026-08-20T13:18:49+08:00,30.85,PRT_L1,170,253.81,1051721.20128,266,258,43147.5000,13310.0000,0.0000,0.0000,13310.0000,"1,2,4","9,4","(1,2),(9,2),(6,1)",,0,0.0000
786,LM01260820000458,Approved,2026-08-20T13:16:13+08:00,2026-08-20T13:17:31+08:00,208.52,PRT_L1,164,231.16,1051547.57628,268,267,37910.0000,79050.0000,0.0000,0.0000,79050.0000,"3,8,9","3,5","(8,2),(3,1),(6,2)",,0,0.0000
787,LM01260820000457,Approved,2026-08-20T13:14:50+08:00,2026-08-20T13:16:08+08:00,240.04,PRT_L1,169,246.95,1051393.50128,259,278,41735.0000,100180.0000,0.0000,0.0000,100180.0000,"3,6,9","5,8","(3,2),(8,2),(9,2)",,0,0.0000
788,LM01260820000456,Approved,2026-08-20T13:13:37+08:00,2026-08-20T13:14:45+08:00,119.86,PRT_L1,164,216.01,1051224.50128,255,259,35425.0000,42460.0000,0.0000,0.0000,42460.0000,"3,4,5","1,7","(3,1),(2,2),(1,2)",,0,0.0000
789,LM01260820000455,Approved,2026-08-20T13:12:23+08:00,2026-08-20T13:13:32+08:00,51.88,PRT_L1,167,167.37,1051083.12628,266,259,27950.0000,14500.0000,0.0000,0.0000,14500.0000,"4,4,9","8,2","(6,1),(1,2),(3,2)",,0,0.0000
790,LM01260820000454,Approved,2026-08-20T13:11:05+08:00,2026-08-20T13:12:18+08:00,57.91,PRT_L1,183,136.73,1050961.22628,272,272,25022.5000,14490.0000,0.0000,0.0000,14490.0000,"6,6,8","1,5","(8,2),(5,2),(2,1)",,0,0.0000
791,LM01260820000453,Approved,2026-08-20T13:09:45+08:00,2026-08-20T13:11:00+08:00,94.12,PRT_L1,178,146.18,1050854.72628,266,270,26020.0000,24490.0000,0.0000,0.0000,24490.0000,"2,5,9","5,2","(8,2),(1,2),(2,1)",,0,0.0000
792,LM01260820000452,Approved,2026-08-20T13:08:22+08:00,2026-08-20T13:09:40+08:00,34.62,PRT_L1,178,170.90,1050746.07628,269,269,30420.0000,10530.0000,0.0000,0.0000,10530.0000,"2,4,8","9,4","(8,2),(1,1),(7,2)",,0,0.0000
793,LM01260820000451,Approved,2026-08-20T13:07:03+08:00,2026-08-20T13:08:17+08:00,102.39,PRT_L1,175,159.33,1050614.30128,281,273,27882.5000,28550.0000,0.0000,0.0000,28550.0000,"3,7,8","4,7","(4,2),(5,2),(6,1)",,0,0.0000
794,LM01260820000450,Approved,2026-08-20T13:05:42+08:00,2026-08-20T13:06:58+08:00,38.20,PRT_L1,183,240.48,1050493.55128,277,286,44007.5000,16810.0000,0.0000,0.0000,16810.0000,"2,5,7","7,5","(3,2),(5,2),(4,1)",,0,0.0000
795,LM01260820000449,Approved,2026-08-20T13:04:26+08:00,2026-08-20T13:05:37+08:00,118.36,PRT_L1,168,224.09,1050320.05128,262,280,37647.5000,44560.0000,0.0000,0.0000,44560.0000,"1,2,3","6,7","(2,2),(9,2),(6,2)",,0,0.0000
796,LM01260820000448,Approved,2026-08-20T13:03:12+08:00,2026-08-20T13:04:21+08:00,84.03,PRT_L1,172,199.96,1050166.27628,267,266,34392.5000,28900.0000,0.0000,0.0000,28900.0000,"3,6,9","2,8","(5,2),(1,1),(4,2)",,0,0.0000
797,LM01260820000447,Approved,2026-08-20T13:01:47+08:00,2026-08-20T13:03:07+08:00,66.42,PRT_L1,163,208.65,1050033.42628,260,270,34010.0000,22590.0000,0.0000,0.0000,22590.0000,"2,3,8","5,7","(6,2),(1,1),(7,3)",,0,0.0000
798,LM01260820000446,Approved,2026-08-20T13:00:31+08:00,2026-08-20T13:01:42+08:00,101.55,PRT_L1,166,187.98,1049903.00128,257,259,31205.0000,31690.0000,0.0000,0.0000,31690.0000,"3,6,9","4,9","(9,2),(5,2),(2,1)",,0,0.0000
799,LM01260820000445,Approved,2026-08-20T12:59:06+08:00,2026-08-20T13:00:26+08:00,98.74,PRT_L1,167,265.67,1049784.95128,257,257,44367.5000,43810.0000,0.0000,0.0000,43810.0000,"7,9,9","5,9","(7,2),(4,1),(1,2)",,0,0.0000
800,LM01260820000444,Approved,2026-08-20T12:55:43+08:00,2026-08-20T12:59:01+08:00,86.89,PRT_L1,165,233.65,1049608.15128,242,263,38552.5000,23100.0000,10400.0000,0.0000,33500.0000,"2,2,2","5,8","(2,2),(5,2),(6,1)","result:(1,2),(2,4),(1,4)",0,0.0000
801,LM01260820000443,Approved,2026-08-20T12:52:50+08:00,2026-08-20T12:55:38+08:00,94.48,PRT_L1,162,310.02,1049451.00128,249,239,50222.5000,23500.0000,23950.0000,0.0000,47450.0000,"1,1,1","3,5","(2,2),(8,2),(6,1)","result:(2,3),(1,4),(1,3)",0,0.0000
802,LM01260820000442,Approved,2026-08-20T12:51:38+08:00,2026-08-20T12:52:45+08:00,138.61,PRT_L1,167,304.78,1049259.57628,253,255,50897.5000,70550.0000,0.0000,0.0000,70550.0000,"3,4,9","7,1","(4,1),(8,2),(3,2)",,0,0.0000
803,LM01260820000441,Approved,2026-08-20T12:50:17+08:00,2026-08-20T12:51:33+08:00,14.23,PRT_L1,159,316.04,1049058.20128,249,253,50250.0000,7150.0000,0.0000,0.0000,7150.0000,"5,8,8","5,1","(5,1),(4,2),(3,2)",,0,0.0000
804,LM01260820000440,Approved,2026-08-20T12:46:24+08:00,2026-08-20T12:50:12+08:00,745.91,PRT_L1,162,159.24,1048857.87628,244,249,25797.5000,148100.0000,44325.0000,0.0000,192425.0000,"3,3,3","1,4","(3,2),(7,3),(8,1)","result:(2,3),(1,3),(1,3),(3,4),(2,4)",0,0.0000
805,LM01260820000439,Approved,2026-08-20T12:45:11+08:00,2026-08-20T12:46:19+08:00,55.99,PRT_L1,152,181.43,1048757.15128,236,241,27577.5000,15440.0000,0.0000,0.0000,15440.0000,"5,7,7","3,2","(1,2),(5,1),(3,2)",,0,0.0000
806,LM01260820000438,Approved,2026-08-20T12:43:55+08:00,2026-08-20T12:45:06+08:00,84.50,PRT_L1,152,160.08,1048646.32628,227,235,24332.5000,20560.0000,0.0000,0.0000,20560.0000,"2,7,7","7,6","(7,2),(5,2),(1,2)",,0,0.0000
807,LM01260820000437,Approved,2026-08-20T12:42:36+08:00,2026-08-20T12:43:50+08:00,124.74,PRT_L1,162,169.74,1048546.32628,245,235,27497.5000,34300.0000,0.0000,0.0000,34300.0000,"3,4,8","9,7","(8,2),(6,2),(3,2)",,0,0.0000
808,LM01260820000436,Approved,2026-08-20T12:41:17+08:00,2026-08-20T12:42:31+08:00,409.66,PRT_L1,153,315.98,1048434.65128,228,242,48345.0000,198050.0000,0.0000,0.0000,198050.0000,"1,3,5","1,3","(5,1),(6,2),(3,2)",,0,0.0000
809,LM01260820000435,Approved,2026-08-20T12:40:00+08:00,2026-08-20T12:41:12+08:00,94.56,PRT_L1,146,148.70,1048261.42628,228,233,21710.0000,20530.0000,0.0000,0.0000,20530.0000,"3,6,8","4,7","(7,2),(8,2),(3,1)",,0,0.0000
810,LM01260820000434,Approved,2026-08-20T12:38:45+08:00,2026-08-20T12:39:55+08:00,22.71,PRT_L1,139,332.28,1048172.95128,219,230,46187.5000,10490.0000,0.0000,0.0000,10490.0000,"1,2,4","8,6","(6,1),(3,2),(4,2)",,0,0.0000
811,LM01260820000433,Approved,2026-08-20T12:37:28+08:00,2026-08-20T12:38:40+08:00,81.94,PRT_L1,137,195.44,1048000.47628,226,228,26775.0000,21940.0000,0.0000,0.0000,21940.0000,"2,5,7","5,3","(1,2),(2,2),(6,1)",,0,0.0000
812,LM01260820000432,Approved,2026-08-20T12:36:12+08:00,2026-08-20T12:37:23+08:00,64.70,PRT_L1,153,187.09,1047896.60128,228,231,28625.0000,18520.0000,0.0000,0.0000,18520.0000,"4,6,6","1,3","(6,1),(4,2),(5,2)",,0,0.0000
813,LM01260820000431,Approved,2026-08-20T12:34:54+08:00,2026-08-20T12:36:07+08:00,66.80,PRT_L1,152,166.83,1047786.07628,243,240,25357.5000,16940.0000,0.0000,0.0000,16940.0000,"1,6,6","8,5","(7,2),(5,2),(9,1)",,0,0.0000
814,LM01260820000430,Approved,2026-08-20T12:33:30+08:00,2026-08-20T12:34:49+08:00,116.81,PRT_L1,143,163.50,1047687.80128,224,248,23380.0000,27310.0000,0.0000,0.0000,27310.0000,"1,3,6","7,9","(7,2),(6,2),(1,2)",,0,0.0000
815,LM01260820000429,Approved,2026-08-20T12:32:22+08:00,2026-08-20T12:33:25+08:00,189.30,PRT_L1,142,162.57,1047595.82628,240,240,23085.0000,43700.0000,0.0000,0.0000,43700.0000,"1,2,2","2,7","(9,1),(1,2),(7,2)",,0,0.0000
816,LM01260820000428,Approved,2026-08-20T12:30:58+08:00,2026-08-20T12:32:17+08:00,104.37,PRT_L1,133,210.71,1047503.00128,222,239,28025.0000,29250.0000,0.0000,0.0000,29250.0000,"1,2,3","8,7","(3,2),(1,1),(4,2)",,0,0.0000
817,LM01260820000427,Approved,2026-08-20T12:29:44+08:00,2026-08-20T12:30:53+08:00,102.71,PRT_L1,141,201.83,1047386.37628,235,224,28457.5000,29230.0000,0.0000,0.0000,29230.0000,"3,3,9","2,7","(9,1),(1,2),(4,2)",,0,0.0000
818,LM01260820000426,Approved,2026-08-20T12:28:32+08:00,2026-08-20T12:29:39+08:00,50.53,PRT_L1,143,130.98,1047262.05128,226,234,18730.0000,9465.0000,0.0000,0.0000,9465.0000,"1,1,9","7,5","(2,2),(8,2),(6,1)",,0,0.0000
819,LM01260820000425,Approved,2026-08-20T12:27:18+08:00,2026-08-20T12:28:27+08:00,131.57,PRT_L1,133,139.10,1047183.92628,219,227,18500.0000,24340.0000,0.0000,0.0000,24340.0000,"1,2,5","6,2","(8,1),(1,2),(2,2)",,0,0.0000
820,LM01260820000424,Approved,2026-08-20T12:25:43+08:00,2026-08-20T12:27:13+08:00,63.04,PRT_L1,147,175.88,1047107.07628,215,222,25855.0000,16300.0000,0.0000,0.0000,16300.0000,"2,2,4","3,7","(8,1),(5,2),(1,2)",,0,0.0000
821,LM01260820000423,Approved,2026-08-20T12:24:24+08:00,2026-08-20T12:25:38+08:00,54.57,PRT_L1,136,178.88,1046999.95128,228,239,24327.5000,13275.0000,0.0000,0.0000,13275.0000,"2,2,5","9,1","(1,2),(9,2),(2,1)",,0,0.0000
822,LM01260820000422,Approved,2026-08-20T12:23:02+08:00,2026-08-20T12:24:19+08:00,111.62,PRT_L1,130,153.88,1046902.50128,215,227,20005.0000,22330.0000,0.0000,0.0000,22330.0000,"2,3,5","6,9","(3,1),(9,2),(2,2)",,0,0.0000
823,LM01260820000421,Approved,2026-08-20T12:21:45+08:00,2026-08-20T12:22:57+08:00,82.81,PRT_L1,134,130.67,1046819.57628,218,220,17510.0000,14500.0000,0.0000,0.0000,14500.0000,"1,3,4","9,1","(8,2),(9,1),(6,2)",,0,0.0000
824,LM01260820000420,Approved,2026-08-20T12:20:33+08:00,2026-08-20T12:21:40+08:00,119.97,PRT_L1,142,205.12,1046745.70128,227,220,29127.5000,34945.0000,0.0000,0.0000,34945.0000,"4,4,9","8,2","(5,2),(7,2),(3,2)",,0,0.0000
825,LM01260820000419,Approved,2026-08-20T12:19:17+08:00,2026-08-20T12:20:28+08:00,111.05,PRT_L1,147,118.96,1046620.32628,231,227,17487.5000,19420.0000,0.0000,0.0000,19420.0000,"3,3,7","4,6","(9,2),(4,2),(1,1)",,0,0.0000
826,LM01260820000418,Approved,2026-08-20T12:18:00+08:00,2026-08-20T12:19:12+08:00,53.79,PRT_L1,142,130.92,1046547.22628,228,238,18590.0000,10000.0000,0.0000,0.0000,10000.0000,"1,5,6","3,1","(7,2),(3,1),(1,2)",,0,0.0000
827,LM01260820000417,Approved,2026-08-20T12:16:41+08:00,2026-08-20T12:17:55+08:00,55.87,PRT_L1,126,187.36,1046467.77628,221,232,23607.5000,13190.0000,0.0000,0.0000,13190.0000,"1,5,9","3,2","(4,1),(6,2),(7,2)",,0,0.0000
828,LM01260820000416,Approved,2026-08-20T12:13:50+08:00,2026-08-20T12:16:36+08:00,112.21,PRT_L1,115,387.46,1046368.07628,206,217,44557.5000,39600.0000,10400.0000,0.0000,50000.0000,"7,7,7","3,2","(2,2),(1,1),(3,2)","result:(1,3),(1,2),(1,2)",0,0.0000
829,LM01260820000415,Approved,2026-08-20T12:12:31+08:00,2026-08-20T12:13:45+08:00,44.61,PRT_L1,129,313.26,1046192.07628,212,214,40410.0000,18025.0000,0.0000,0.0000,18025.0000,"2,6,6","4,1","(6,1),(4,2),(3,2)",,0,0.0000
830,LM01260820000414,Approved,2026-08-20T12:11:09+08:00,2026-08-20T12:12:26+08:00,161.32,PRT_L1,110,180.05,1046032.85128,203,212,19805.0000,31950.0000,0.0000,0.0000,31950.0000,"3,5,5","1,5","(8,1),(7,2),(5,2)",,0,0.0000
831,LM01260820000413,Approved,2026-08-20T12:09:56+08:00,2026-08-20T12:11:04+08:00,36.45,PRT_L1,125,164.06,1045947.52628,209,212,20507.5000,7475.0000,0.0000,0.0000,7475.0000,"1,2,2","7,9","(4,1),(7,2),(9,2)",,0,0.0000
832,LM01260820000412,Approved,2026-08-20T12:08:35+08:00,2026-08-20T12:09:51+08:00,138.55,PRT_L1,124,282.90,1045858.40128,209,214,35080.0000,48605.0000,0.0000,0.0000,48605.0000,"1,4,4","1,9","(8,2),(2,2),(5,1)",,0,0.0000
833,LM01260820000411,Approved,2026-08-20T12:07:18+08:00,2026-08-20T12:08:30+08:00,31.01,PRT_L1,122,230.78,1045719.47628,211,212,28155.0000,8730.0000,0.0000,0.0000,8730.0000,"5,7,7","5,2","(8,1),(2,2),(4,2)",,0,0.0000
834,LM01260820000410,Approved,2026-08-20T12:06:01+08:00,2026-08-20T12:07:13+08:00,56.42,PRT_L1,135,129.44,1045607.97628,210,216,17475.0000,9860.0000,0.0000,0.0000,9860.0000,"1,5,6","2,4","(5,1),(2,2),(8,2)",,0,0.0000
835,LM01260820000409,Approved,2026-08-20T12:04:38+08:00,2026-08-20T12:05:56+08:00,113.79,PRT_L1,128,138.07,1045533.12628,219,221,17672.5000,20110.0000,0.0000,0.0000,20110.0000,"4,7,9","4,8","(3,1),(5,3),(4,2)",,0,0.0000
836,LM01260820000408,Approved,2026-08-20T12:03:18+08:00,2026-08-20T12:04:33+08:00,118.60,PRT_L1,128,120.94,1045457.07628,215,224,15480.0000,18360.0000,0.0000,0.0000,18360.0000,"1,2,3","9,6","(3,2),(1,1),(4,2)",,0,0.0000
837,LM01260820000407,Approved,2026-08-20T12:01:58+08:00,2026-08-20T12:03:13+08:00,93.03,PRT_L1,124,173.55,1045391.75128,200,214,21520.0000,20020.0000,0.0000,0.0000,20020.0000,"3,7,9","4,1","(9,1),(8,2),(1,2)",,0,0.0000
838,LM01260820000406,Approved,2026-08-20T12:00:37+08:00,2026-08-20T12:01:53+08:00,51.20,PRT_L1,123,140.85,1045297.12628,216,200,17325.0000,8870.0000,0.0000,0.0000,8870.0000,"1,6,8","4,3","(2,2),(8,1),(3,2)",,0,0.0000
839,LM01260820000405,Approved,2026-08-20T11:59:19+08:00,2026-08-20T12:00:32+08:00,42.07,PRT_L1,124,127.10,1045223.35128,203,216,15760.0000,6630.0000,0.0000,0.0000,6630.0000,"1,4,7","9,2","(7,2),(5,1),(3,2)",,0,0.0000
840,LM01260820000404,Approved,2026-08-20T11:57:32+08:00,2026-08-20T11:59:14+08:00,140.65,PRT_L1,120,120.96,1045157.27628,208,200,14515.0000,20415.0000,0.0000,0.0000,20415.0000,"2,3,3","5,8","(9,2),(8,2),(3,1)",,0,0.0000
841,LM01260820000403,Approved,2026-08-20T11:53:59+08:00,2026-08-20T11:57:27+08:00,53.62,PRT_L1,103,271.58,1045093.97628,180,205,27972.5000,6900.0000,8100.0000,0.0000,15000.0000,"2,2,2","8,7","(1,2),(6,1),(2,2)","result:(2,4),(2,3),(1,2),(2,3)",0,0.0000
842,LM01260820000402,Approved,2026-08-20T11:52:38+08:00,2026-08-20T11:53:54+08:00,134.47,PRT_L1,112,281.16,1044987.67628,194,181,31490.0000,42345.0000,0.0000,0.0000,42345.0000,"3,3,7","1,2","(4,2),(2,2),(1,1)",,0,0.0000
843,LM01260820000401,Approved,2026-08-20T11:51:14+08:00,2026-08-20T11:52:33+08:00,53.04,PRT_L1,116,260.88,1044868.87628,199,202,30262.5000,16050.0000,0.0000,0.0000,16050.0000,"6,8,8","8,9","(6,2),(4,1),(2,2)",,0,0.0000
844,LM01260820000400,Approved,2026-08-20T11:49:56+08:00,2026-08-20T11:51:09+08:00,78.23,PRT_L1,106,281.23,1044754.75128,190,199,29810.0000,23320.0000,0.0000,0.0000,23320.0000,"3,9,9","5,4","(8,2),(9,2),(5,1)",,0,0.0000
845,LM01260820000399,Approved,2026-08-20T11:48:40+08:00,2026-08-20T11:49:51+08:00,35.60,PRT_L1,100,276.10,1044642.60128,188,193,27610.0000,9830.0000,0.0000,0.0000,9830.0000,"1,4,8","2,3","(1,2),(6,1),(3,3)",,0,0.0000
846,LM01260820000398,Approved,2026-08-20T11:47:20+08:00,2026-08-20T11:48:35+08:00,40.68,PRT_L1,107,214.60,1044538.45128,200,189,22962.5000,9340.0000,0.0000,0.0000,9340.0000,"4,4,7","1,5","(2,2),(8,2),(7,1)",,0,0.0000
847,LM01260820000397,Approved,2026-08-20T11:45:58+08:00,2026-08-20T11:47:15+08:00,26.39,PRT_L1,112,207.70,1044449.62628,204,208,23262.5000,6140.0000,0.0000,0.0000,6140.0000,"2,4,6","1,4","(9,2),(1,1),(3,2)",,0,0.0000
848,LM01260820000396,Approved,2026-08-20T11:44:41+08:00,2026-08-20T11:45:53+08:00,110.14,PRT_L1,113,247.68,1044358.15128,204,206,27987.5000,30825.0000,0.0000,0.0000,30825.0000,"2,9,9","7,5","(3,2),(5,2),(7,1)",,0,0.0000
849,LM01260820000395,Approved,2026-08-20T11:43:26+08:00,2026-08-20T11:44:36+08:00,29.30,PRT_L1,114,249.36,1044250.37628,213,210,28427.5000,8330.0000,0.0000,0.0000,8330.0000,"7,8,8","5,8","(2,2),(7,2),(9,2)",,0,0.0000
850,LM01260820000394,Approved,2026-08-20T11:42:07+08:00,2026-08-20T11:43:21+08:00,28.76,PRT_L1,117,196.00,1044145.35128,217,216,22932.5000,6595.0000,0.0000,0.0000,6595.0000,"4,8,8","6,8","(8,1),(5,2),(3,2)",,0,0.0000
851,LM01260820000393,Approved,2026-08-20T11:40:44+08:00,2026-08-20T11:42:02+08:00,59.72,PRT_L1,120,109.13,1044056.82628,227,224,13095.0000,7820.0000,0.0000,0.0000,7820.0000,"1,5,9","6,8","(3,2),(1,1),(6,2)",,0,0.0000
852,LM01260820000392,Approved,2026-08-20T11:39:26+08:00,2026-08-20T11:40:39+08:00,113.83,PRT_L1,125,119.62,1044002.62628,217,233,14952.5000,17020.0000,0.0000,0.0000,17020.0000,"1,5,7","7,9","(4,1),(1,2),(5,2)",,0,0.0000
853,LM01260820000391,Approved,2026-08-20T11:38:00+08:00,2026-08-20T11:39:21+08:00,49.08,PRT_L1,128,93.91,1043936.05128,218,229,12020.0000,5900.0000,0.0000,0.0000,5900.0000,"2,8,9","2,3","(5,2),(8,1),(9,2)",,0,0.0000
854,LM01260820000390,Approved,2026-08-20T11:36:41+08:00,2026-08-20T11:37:55+08:00,129.08,PRT_L1,123,139.63,1043881.52628,207,222,17175.0000,22170.0000,0.0000,0.0000,22170.0000,"1,9,9","3,6","(3,2),(2,2),(9,2)",,0,0.0000
855,LM01260820000389,Approved,2026-08-20T11:35:23+08:00,2026-08-20T11:36:36+08:00,90.15,PRT_L1,124,104.21,1043807.70128,208,214,12922.5000,11650.0000,0.0000,0.0000,11650.0000,"1,3,4","6,9","(7,2),(4,1),(2,2)",,0,0.0000
856,LM01260820000388,Approved,2026-08-20T11:34:06+08:00,2026-08-20T11:35:18+08:00,46.80,PRT_L1,109,137.80,1043747.95128,205,209,15020.0000,7030.0000,0.0000,0.0000,7030.0000,"1,1,2","3,8","(5,2),(9,1),(1,2)",,0,0.0000
857,LM01260820000387,Approved,2026-08-20T11:32:47+08:00,2026-08-20T11:34:01+08:00,108.72,PRT_L1,107,155.93,1043681.85128,202,211,16685.0000,18140.0000,0.0000,0.0000,18140.0000,"1,5,6","5,4","(8,2),(6,2),(1,2)",,0,0.0000
858,LM01260820000386,Approved,2026-08-20T11:31:31+08:00,2026-08-20T11:32:42+08:00,31.91,PRT_L1,115,150.72,1043609.17628,212,212,17332.5000,5530.0000,0.0000,0.0000,5530.0000,"1,3,7","8,9","(5,2),(8,2),(1,2)",,0,0.0000
859,LM01260820000385,Approved,2026-08-20T11:30:03+08:00,2026-08-20T11:31:26+08:00,37.18,PRT_L1,121,142.91,1043530.10128,210,210,17292.5000,6430.0000,0.0000,0.0000,6430.0000,"1,5,7","8,2","(7,1),(5,2),(9,2)",,0,0.0000
860,LM01260820000384,Approved,2026-08-20T11:28:32+08:00,2026-08-20T11:29:58+08:00,143.44,PRT_L1,113,120.00,1043450.67628,202,216,13560.0000,19450.0000,0.0000,0.0000,19450.0000,"4,6,8","1,8","(8,2),(5,1),(3,2)",,0,0.0000
861,LM01260820000383,Approved,2026-08-20T11:27:12+08:00,2026-08-20T11:28:27+08:00,61.74,PRT_L1,113,167.50,1043387.00128,194,210,18927.5000,11685.0000,0.0000,0.0000,11685.0000,"8,8,9","8,6","(5,2),(4,2),(8,1)",,0,0.0000
862,LM01260820000382,Approved,2026-08-20T11:25:08+08:00,2026-08-20T11:27:07+08:00,130.64,PRT_L1,112,297.77,1043309.02628,190,196,33350.0000,43570.0000,0.0000,0.0000,43570.0000,"6,6,8","4,7","(4,1),(8,2),(5,2)",,0,0.0000
863,LM01260820000381,Approved,2026-08-20T11:23:01+08:00,2026-08-20T11:25:03+08:00,64.46,PRT_L1,108,97.82,1043179.60128,205,212,10565.0000,6810.0000,0.0000,0.0000,6810.0000,"1,5,8","7,2","(5,2),(2,2),(1,1)",,0,0.0000
864,LM01260820000380,Approved,2026-08-20T11:21:36+08:00,2026-08-20T11:22:56+08:00,24.25,PRT_L1,116,183.10,1043131.55128,217,217,21240.0000,5150.0000,0.0000,0.0000,5150.0000,"2,2,8","1,5","(6,2),(8,2),(1,2)",,0,0.0000
865,LM01260820000379,Approved,2026-08-20T11:20:21+08:00,2026-08-20T11:21:31+08:00,34.58,PRT_L1,124,148.81,1043046.70128,223,230,18452.5000,6380.0000,0.0000,0.0000,6380.0000,"4,6,9","5,6","(2,2),(7,1),(6,2)",,0,0.0000
866,LM01260820000378,Approved,2026-08-20T11:19:01+08:00,2026-08-20T11:20:16+08:00,50.40,PRT_L1,119,228.91,1042969.07628,217,223,27240.0000,13730.0000,0.0000,0.0000,13730.0000,"1,6,7","7,5","(5,2),(9,2),(4,1)",,0,0.0000
867,LM01260820000377,Approved,2026-08-20T11:17:42+08:00,2026-08-20T11:18:56+08:00,37.42,PRT_L1,120,247.42,1042864.47628,214,222,29690.0000,11110.0000,0.0000,0.0000,11110.0000,"1,6,8","7,3","(1,2),(8,2),(4,2)",,0,0.0000
868,LM01260820000376,Approved,2026-08-20T11:16:25+08:00,2026-08-20T11:17:37+08:00,38.99,PRT_L1,114,246.14,1042751.12628,207,216,28060.0000,10940.0000,0.0000,0.0000,10940.0000,"1,2,4","6,5","(9,1),(1,2),(4,2)",,0,0.0000
869,LM01260820000375,Approved,2026-08-20T11:15:14+08:00,2026-08-20T11:16:20+08:00,24.14,PRT_L1,129,215.83,1042645.30128,208,214,27842.5000,6720.0000,0.0000,0.0000,6720.0000,"5,6,6","8,1","(1,1),(2,2),(8,2)",,0,0.0000
870,LM01260820000374,Approved,2026-08-20T11:13:57+08:00,2026-08-20T11:15:09+08:00,31.44,PRT_L1,122,226.02,1042537.35128,209,209,27575.0000,8670.0000,0.0000,0.0000,8670.0000,"1,4,7","3,2","(9,1),(2,2),(5,2)",,0,0.0000
871,LM01260820000373,Approved,2026-08-20T11:12:44+08:00,2026-08-20T11:13:52+08:00,223.33,PRT_L1,129,232.46,1042431.32628,212,211,29987.5000,66970.0000,0.0000,0.0000,66970.0000,"2,9,9","8,9","(8,2),(3,1),(4,2)",,0,0.0000
872,LM01260820000372,Approved,2026-08-20T11:11:24+08:00,2026-08-20T11:12:39+08:00,11.48,PRT_L1,120,278.04,1042318.02628,207,210,33365.0000,3830.0000,0.0000,0.0000,3830.0000,"2,4,8","5,3","(7,2),(4,1),(2,2)",,0,0.0000
873,LM01260820000371,Approved,2026-08-20T11:10:05+08:00,2026-08-20T11:11:19+08:00,47.36,PRT_L1,117,267.44,1042193.35128,200,207,31290.0000,14820.0000,0.0000,0.0000,14820.0000,"1,7,8","6,1","(4,2),(5,1),(7,2)",,0,0.0000
874,LM01260820000370,Approved,2026-08-20T11:08:45+08:00,2026-08-20T11:10:00+08:00,24.70,PRT_L1,115,248.22,1042075.20128,201,204,28545.0000,7050.0000,0.0000,0.0000,7050.0000,"1,2,2","7,2","(8,2),(6,2),(1,1)",,0,0.0000
875,LM01260820000369,Approved,2026-08-20T11:07:33+08:00,2026-08-20T11:08:40+08:00,303.24,PRT_L1,113,286.08,1041965.97628,196,202,32327.5000,98030.0000,0.0000,0.0000,98030.0000,"2,3,3","3,1","(8,1),(6,2),(2,2)",,0,0.0000
876,LM01260820000368,Approved,2026-08-20T11:06:08+08:00,2026-08-20T11:07:28+08:00,32.99,PRT_L1,104,285.22,1041844.47628,194,193,29662.5000,9785.0000,0.0000,0.0000,9785.0000,"4,7,7","9,4","(6,2),(9,2),(4,1)",,0,0.0000
877,LM01260820000367,Approved,2026-08-20T11:04:54+08:00,2026-08-20T11:06:03+08:00,104.14,PRT_L1,100,268.40,1041732.12628,190,197,26840.0000,27950.0000,0.0000,0.0000,27950.0000,"1,1,3","5,1","(6,2),(5,2),(8,1)",,0,0.0000
878,LM01260820000366,Approved,2026-08-20T11:03:30+08:00,2026-08-20T11:04:49+08:00,30.67,PRT_L1,103,273.54,1041632.62628,189,193,28175.0000,8640.0000,0.0000,0.0000,8640.0000,"1,1,4","1,4","(7,2),(8,2),(9,1)",,0,0.0000
879,LM01260820000365,Approved,2026-08-20T11:02:16+08:00,2026-08-20T11:03:25+08:00,69.45,PRT_L1,83,113.28,1041527.95128,171,188,9402.5000,6530.0000,0.0000,0.0000,6530.0000,"1,3,9","8,7","(5,2),(4,2),(1,2)",,0,0.0000
880,LM01260820000364,Approved,2026-08-20T11:00:53+08:00,2026-08-20T11:02:11+08:00,46.73,PRT_L1,90,120.56,1041490.00128,174,171,10850.0000,5070.0000,0.0000,0.0000,5070.0000,"4,6,7","1,8","(9,1),(2,2),(5,2)",,0,0.0000
881,LM01260820000363,Approved,2026-08-20T10:58:07+08:00,2026-08-20T11:00:48+08:00,90.32,PRT_L1,93,373.82,1041445.20128,178,176,34765.0000,26700.0000,4700.0000,0.0000,31400.0000,"1,1,1","8,1","(2,1),(8,2),(1,2)","result:(1,2),(3,4)",0,0.0000
882,LM01260820000362,Approved,2026-08-20T10:56:45+08:00,2026-08-20T10:58:02+08:00,34.05,PRT_L1,94,358.67,1041322.27628,173,183,33715.0000,11480.0000,0.0000,0.0000,11480.0000,"2,4,6","9,3","(2,2),(6,1),(3,2)",,0,0.0000
883,LM01260820000361,Approved,2026-08-20T10:54:52+08:00,2026-08-20T10:56:40+08:00,51.70,PRT_L1,94,323.27,1041199.07628,158,174,30387.5000,15710.0000,0.0000,0.0000,15710.0000,"4,7,9","5,3","(8,1),(4,2),(1,2)",,0,0.0000
884,LM01260820000360,Approved,2026-08-20T10:53:34+08:00,2026-08-20T10:54:47+08:00,21.49,PRT_L1,80,383.97,1041087.85128,154,152,30717.5000,6600.0000,0.0000,0.0000,6600.0000,"1,2,4","5,4","(8,2),(7,2),(5,1)",,0,0.0000
885,LM01260820000359,Approved,2026-08-20T10:52:19+08:00,2026-08-20T10:53:29+08:00,48.00,PRT_L1,78,384.49,1040976.12628,150,152,29990.0000,14395.0000,0.0000,0.0000,14395.0000,"6,6,7","1,5","(2,2),(8,1),(3,2)",,0,0.0000
886,LM01260820000358,Approved,2026-08-20T10:51:01+08:00,2026-08-20T10:52:14+08:00,53.73,PRT_L1,79,346.30,1040867.22628,155,151,27357.5000,14700.0000,0.0000,0.0000,14700.0000,"4,4,6","7,6","(5,1),(2,2),(4,2)",,0,0.0000
887,LM01260820000357,Approved,2026-08-20T10:49:46+08:00,2026-08-20T10:50:56+08:00,47.29,PRT_L1,86,211.57,1040768.02628,162,162,18195.0000,8605.0000,0.0000,0.0000,8605.0000,"7,7,8","1,6","(2,2),(7,1),(9,2)",,0,0.0000
888,LM01260820000356,Approved,2026-08-20T10:48:27+08:00,2026-08-20T10:49:41+08:00,45.04,PRT_L1,84,186.99,1040697.85128,154,161,15707.5000,7075.0000,0.0000,0.0000,7075.0000,"2,5,5","3,4","(3,2),(1,2),(4,1)",,0,0.0000
889,LM01260820000355,Approved,2026-08-20T10:47:09+08:00,2026-08-20T10:48:22+08:00,121.69,PRT_L1,84,221.73,1040637.42628,170,155,18625.0000,22665.0000,0.0000,0.0000,22665.0000,"3,3,9","4,1","(1,2),(5,2),(7,1)",,0,0.0000
890,LM01260820000354,Approved,2026-08-20T10:45:48+08:00,2026-08-20T10:47:04+08:00,45.70,PRT_L1,91,175.52,1040567.72628,158,171,15972.5000,7300.0000,0.0000,0.0000,7300.0000,"7,8,9","1,8","(5,2),(2,2),(1,1)",,0,0.0000
891,LM01260820000353,Approved,2026-08-20T10:44:29+08:00,2026-08-20T10:45:43+08:00,47.26,PRT_L1,99,126.54,1040507.70128,167,167,12527.5000,5920.0000,0.0000,0.0000,5920.0000,"1,2,6","7,9","(8,1),(7,2),(5,2)",,0,0.0000
892,LM01260820000352,Approved,2026-08-20T10:43:10+08:00,2026-08-20T10:44:24+08:00,31.48,PRT_L1,104,345.46,1040458.20128,182,173,35927.5000,11310.0000,0.0000,0.0000,11310.0000,"2,2,5","2,9","(4,1),(5,2),(1,2)",,0,0.0000
893,LM01260820000351,Approved,2026-08-20T10:41:50+08:00,2026-08-20T10:43:05+08:00,95.65,PRT_L1,101,354.83,1040325.50128,172,184,35837.5000,34280.0000,0.0000,0.0000,34280.0000,"3,8,9","4,5","(6,1),(7,2),(8,2)",,0,0.0000
894,LM01260820000350,Approved,2026-08-20T10:40:28+08:00,2026-08-20T10:41:45+08:00,23.43,PRT_L1,104,343.56,1040190.97628,174,177,35730.0000,8370.0000,0.0000,0.0000,8370.0000,"1,2,4","6,8","(5,2),(4,2),(6,1)",,0,0.0000
895,LM01260820000349,Approved,2026-08-20T10:39:05+08:00,2026-08-20T10:40:23+08:00,10.13,PRT_L1,110,331.57,1040052.50128,174,182,36472.5000,3695.0000,0.0000,0.0000,3695.0000,"2,2,8","6,7","(5,3),(8,1),(9,2)",,0,0.0000
896,LM01260820000348,Approved,2026-08-20T10:37:48+08:00,2026-08-20T10:39:00+08:00,81.25,PRT_L1,108,382.29,1039909.20128,175,173,41287.5000,33545.0000,0.0000,0.0000,33545.0000,"4,4,6","8,3","(9,1),(6,2),(5,2)",,0,0.0000
897,LM01260820000347,Approved,2026-08-20T10:36:26+08:00,2026-08-20T10:37:43+08:00,63.06,PRT_L1,103,321.77,1039748.80128,181,176,33142.5000,20900.0000,0.0000,0.0000,20900.0000,"4,5,9","8,3","(6,2),(2,2),(7,1)",,0,0.0000
898,LM01260820000346,Approved,2026-08-20T10:35:06+08:00,2026-08-20T10:36:21+08:00,59.98,PRT_L1,104,337.28,1039622.62628,177,181,35077.5000,21040.0000,0.0000,0.0000,21040.0000,"1,3,4","8,9","(5,2),(7,1),(4,2)",,0,0.0000
899,LM01260820000345,Approved,2026-08-20T10:33:47+08:00,2026-08-20T10:35:01+08:00,142.44,PRT_L1,104,302.86,1039488.85128,186,177,31497.5000,44865.0000,0.0000,0.0000,44865.0000,"7,9,9","5,6","(5,1),(2,2),(4,2)",,0,0.0000
900,LM01260820000344,Approved,2026-08-20T10:32:30+08:00,2026-08-20T10:33:42+08:00,50.05,PRT_L1,109,189.91,1039368.87628,199,192,20700.0000,10360.0000,0.0000,0.0000,10360.0000,"1,6,7","8,3","(1,2),(5,1),(9,2)",,0,0.0000
901,LM01260820000343,Approved,2026-08-20T10:31:03+08:00,2026-08-20T10:32:25+08:00,59.98,PRT_L1,111,153.81,1039286.12628,196,204,17072.5000,10240.0000,0.0000,0.0000,10240.0000,"2,6,8","8,9","(1,2),(8,1),(3,2)",,0,0.0000
902,LM01260820000342,Approved,2026-08-20T10:29:40+08:00,2026-08-20T10:30:58+08:00,31.01,PRT_L1,106,202.62,1039214.65128,194,195,21477.5000,6660.0000,0.0000,0.0000,6660.0000,"4,4,7","3,4","(6,2),(7,1),(8,2)",,0,0.0000
903,LM01260820000341,Approved,2026-08-20T10:28:22+08:00,2026-08-20T10:29:35+08:00,26.48,PRT_L1,123,236.38,1039119.60128,201,199,29075.0000,7700.0000,0.0000,0.0000,7700.0000,"1,7,7","8,1","(6,2),(8,1),(2,2)",,0,0.0000
904,LM01260820000340,Approved,2026-08-20T10:26:10+08:00,2026-08-20T10:28:17+08:00,45.51,PRT_L1,112,254.87,1038987.25128,193,206,28545.0000,12990.0000,0.0000,0.0000,12990.0000,"1,2,3","2,5","(2,2),(4,2),(6,1)",,0,0.0000
905,LM01260820000339,Approved,2026-08-20T10:24:51+08:00,2026-08-20T10:26:05+08:00,220.24,PRT_L1,114,254.63,1038857.00128,205,204,29027.5000,63930.0000,0.0000,0.0000,63930.0000,"3,9,9","1,3","(9,1),(5,2),(3,2)",,0,0.0000
906,LM01260820000338,Approved,2026-08-20T10:23:29+08:00,2026-08-20T10:24:46+08:00,85.93,PRT_L1,112,242.30,1038727.85128,200,209,27137.5000,23320.0000,0.0000,0.0000,23320.0000,"4,6,9","2,5","(4,2),(3,2),(7,1)",,0,0.0000
907,LM01260820000337,Approved,2026-08-20T10:22:02+08:00,2026-08-20T10:23:24+08:00,123.67,PRT_L1,120,224.90,1038607.65128,198,197,26987.5000,33375.0000,0.0000,0.0000,33375.0000,"5,9,9","4,2","(6,2),(7,1),(8,2)",,0,0.0000
908,LM01260820000336,Approved,2026-08-20T10:20:34+08:00,2026-08-20T10:21:57+08:00,22.71,PRT_L1,124,213.10,1038488.62628,203,204,26425.0000,6000.0000,0.0000,0.0000,6000.0000,"4,5,5","1,2","(2,1),(3,2),(7,2)",,0,0.0000
909,LM01260820000335,Approved,2026-08-20T10:19:14+08:00,2026-08-20T10:20:29+08:00,86.45,PRT_L1,118,227.92,1038374.15128,200,206,26895.0000,23250.0000,0.0000,0.0000,23250.0000,"1,5,9","2,6","(2,2),(9,1),(6,2)",,0,0.0000
910,LM01260820000334,Approved,2026-08-20T10:18:02+08:00,2026-08-20T10:19:09+08:00,173.36,PRT_L1,118,144.60,1038256.65128,203,200,17062.5000,29580.0000,0.0000,0.0000,29580.0000,"3,6,9","9,1","(7,2),(4,2),(9,1)",,0,0.0000
911,LM01260820000333,Approved,2026-08-20T10:16:44+08:00,2026-08-20T10:17:57+08:00,37.84,PRT_L1,115,166.59,1038187.00128,202,205,19157.5000,7250.0000,0.0000,0.0000,7250.0000,"1,2,4","8,1","(1,2),(9,1),(5,2)",,0,0.0000
912,LM01260820000332,Approved,2026-08-20T10:15:17+08:00,2026-08-20T10:16:39+08:00,51.74,PRT_L1,110,249.32,1038107.90128,203,204,27425.0000,14190.0000,0.0000,0.0000,14190.0000,"2,4,6","6,8","(9,2),(3,2),(7,1)",,0,0.0000
913,LM01260820000331,Approved,2026-08-20T10:13:48+08:00,2026-08-20T10:15:12+08:00,170.93,PRT_L1,102,238.09,1037990.12628,192,206,24285.0000,41510.0000,0.0000,0.0000,41510.0000,"3,3,4","3,4","(7,1),(1,2),(5,2)",,0,0.0000
914,LM01260820000330,Approved,2026-08-20T10:12:28+08:00,2026-08-20T10:13:43+08:00,51.06,PRT_L1,98,266.58,1037882.57628,194,193,26125.0000,13340.0000,0.0000,0.0000,13340.0000,"1,4,5","9,8","(7,2),(8,2),(5,1)",,0,0.0000
915,LM01260820000329,Approved,2026-08-20T10:11:00+08:00,2026-08-20T10:12:23+08:00,96.23,PRT_L1,99,222.95,1037765.75128,179,196,22072.5000,21240.0000,0.0000,0.0000,21240.0000,"1,6,9","1,9","(9,1),(8,2),(4,3)",,0,0.0000
916,LM01260820000328,Approved,2026-08-20T10:09:30+08:00,2026-08-20T10:10:55+08:00,15.50,PRT_L1,92,297.34,1037673.67628,172,179,27355.0000,4240.0000,0.0000,0.0000,4240.0000,"4,5,8","1,8","(4,1),(7,2),(2,2)",,0,0.0000
917,LM01260820000327,Approved,2026-08-20T10:06:27+08:00,2026-08-20T10:09:25+08:00,10.22,PRT_L1,94,402.71,1037558.37628,174,173,37855.0000,3870.0000,0.0000,0.0000,3870.0000,"4,8,8","5,6","(6,1),(8,2),(2,2)",,0,0.0000
918,LM01260820000326,Approved,2026-08-20T10:03:43+08:00,2026-08-20T10:06:22+08:00,50.67,PRT_L1,112,370.22,1037408.17628,182,188,41465.0000,21010.0000,0.0000,0.0000,21010.0000,"1,1,9","3,4","(6,2),(8,1),(4,2)",,0,0.0000
919,LM01260820000325,Approved,2026-08-20T10:02:19+08:00,2026-08-20T10:03:38+08:00,215.67,PRT_L1,104,349.18,1037243.20128,172,182,36315.0000,78320.0000,0.0000,0.0000,78320.0000,"3,6,9","1,6","(5,2),(3,1),(6,2)",,0,0.0000
920,LM01260820000324,Approved,2026-08-20T10:01:00+08:00,2026-08-20T10:02:14+08:00,97.17,PRT_L1,99,427.78,1037098.07628,175,174,42350.0000,41150.0000,0.0000,0.0000,41150.0000,"2,8,9","3,6","(9,2),(5,2),(2,1)",,0,0.0000
921,LM01260820000323,Approved,2026-08-20T09:59:43+08:00,2026-08-20T10:00:55+08:00,121.78,PRT_L1,94,366.38,1036930.02628,166,173,34440.0000,41940.0000,0.0000,0.0000,41940.0000,"2,3,6","2,5","(8,2),(7,2),(6,1)",,0,0.0000
922,LM01260820000322,Approved,2026-08-20T09:58:25+08:00,2026-08-20T09:59:38+08:00,347.66,PRT_L1,96,225.68,1036794.97628,169,173,21665.0000,75320.0000,0.0000,0.0000,75320.0000,"3,3,6","8,3","(1,1),(7,2),(4,2)",,0,0.0000
923,LM01260820000321,Approved,2026-08-20T09:56:21+08:00,2026-08-20T09:58:20+08:00,14.89,PRT_L1,113,376.84,1036703.12628,168,175,42582.5000,6340.0000,0.0000,0.0000,6340.0000,"1,8,8","9,7","(4,2),(7,1),(1,2)",,0,0.0000
924,LM01260820000320,Approved,2026-08-20T09:55:03+08:00,2026-08-20T09:56:16+08:00,143.31,PRT_L1,99,381.74,1036535.95128,169,166,37792.5000,54160.0000,0.0000,0.0000,54160.0000,"1,3,3","6,5","(5,1),(6,2),(7,2)",,0,0.0000
925,LM01260820000319,Approved,2026-08-20T09:53:47+08:00,2026-08-20T09:54:58+08:00,79.52,PRT_L1,101,311.34,1036387.57628,173,172,31445.0000,25005.0000,0.0000,0.0000,25005.0000,"1,6,6","8,2","(6,2),(2,2),(3,1)",,0,0.0000
926,LM01260820000318,Approved,2026-08-20T09:52:32+08:00,2026-08-20T09:53:42+08:00,486.51,PRT_L1,96,405.31,1036267.85128,168,172,38910.0000,189300.0000,0.0000,0.0000,189300.0000,"2,3,3","2,3","(7,1),(1,2),(3,2)",,0,0.0000
927,LM01260820000317,Approved,2026-08-20T09:51:19+08:00,2026-08-20T09:52:27+08:00,24.92,PRT_L1,97,349.23,1036122.82628,165,169,33875.0000,8440.0000,0.0000,0.0000,8440.0000,"4,7,7","4,7","(3,1),(6,2),(7,2)",,0,0.0000
928,LM01260820000316,Approved,2026-08-20T09:50:01+08:00,2026-08-20T09:51:14+08:00,11.46,PRT_L1,105,362.79,1035992.47628,178,170,38092.5000,4365.0000,0.0000,0.0000,4365.0000,"7,7,8","9,1","(6,2),(3,1),(9,2)",,0,0.0000
929,LM01260820000315,Approved,2026-08-20T09:48:45+08:00,2026-08-20T09:49:56+08:00,97.27,PRT_L1,100,330.98,1035845.65128,168,172,33097.5000,32195.0000,0.0000,0.0000,32195.0000,"6,6,9","1,3","(5,1),(1,2),(2,2)",,0,0.0000
930,LM01260820000314,Approved,2026-08-20T09:47:28+08:00,2026-08-20T09:48:40+08:00,59.30,PRT_L1,96,344.32,1035715.35128,162,167,33055.0000,19600.0000,0.0000,0.0000,19600.0000,"1,2,3","8,4","(5,1),(4,2),(6,2)",,0,0.0000
931,LM01260820000313,Approved,2026-08-20T09:46:07+08:00,2026-08-20T09:47:23+08:00,44.16,PRT_L1,96,249.82,1035584.07628,165,161,23982.5000,10590.0000,0.0000,0.0000,10590.0000,"2,6,8","1,8","(5,1),(6,2),(4,2)",,0,0.0000
932,LM01260820000312,Approved,2026-08-20T09:44:45+08:00,2026-08-20T09:46:02+08:00,18.70,PRT_L1,91,424.23,1035487.57628,155,164,38605.0000,7220.0000,0.0000,0.0000,7220.0000,"2,4,5","4,7","(7,2),(6,1),(8,2)",,0,0.0000
933,LM01260820000311,Approved,2026-08-20T09:43:31+08:00,2026-08-20T09:44:40+08:00,126.45,PRT_L1,83,429.91,1035339.47628,147,152,35682.5000,45120.0000,0.0000,0.0000,45120.0000,"3,4,5","6,4","(4,2),(3,2),(9,2)",,0,0.0000
934,LM01260820000310,Approved,2026-08-20T09:42:16+08:00,2026-08-20T09:43:26+08:00,232.83,PRT_L1,77,421.88,1035200.60128,139,147,32485.0000,75635.0000,0.0000,0.0000,75635.0000,"3,3,9","9,8","(7,2),(2,1),(8,2)",,0,0.0000
935,LM01260820000309,Approved,2026-08-20T09:40:59+08:00,2026-08-20T09:42:11+08:00,7.69,PRT_L1,84,455.36,1035075.47628,151,143,38250.0000,2940.0000,0.0000,0.0000,2940.0000,"1,5,7","9,2","(9,3),(7,2),(2,1)",,0,0.0000
936,LM01260820000308,Approved,2026-08-20T09:39:44+08:00,2026-08-20T09:40:54+08:00,51.81,PRT_L1,95,560.16,1034917.17628,157,154,53215.0000,27570.0000,0.0000,0.0000,27570.0000,"3,8,8","1,2","(5,2),(6,2),(4,2)",,0,0.0000
937,LM01260820000307,Approved,2026-08-20T09:38:23+08:00,2026-08-20T09:39:39+08:00,15.32,PRT_L1,96,464.32,1034688.67628,151,157,44575.0000,6830.0000,0.0000,0.0000,6830.0000,"1,5,8","4,6","(6,2),(4,1),(9,2)",,0,0.0000
938,LM01260820000306,Approved,2026-08-20T09:37:06+08:00,2026-08-20T09:38:18+08:00,28.76,PRT_L1,87,395.32,1034500.82628,145,153,34392.5000,9890.0000,0.0000,0.0000,9890.0000,"1,1,7","8,9","(6,2),(7,1),(9,2)",,0,0.0000
939,LM01260820000305,Approved,2026-08-20T09:35:51+08:00,2026-08-20T09:37:01+08:00,35.25,PRT_L1,83,354.91,1034361.15128,143,145,29457.5000,10385.0000,0.0000,0.0000,10385.0000,"7,7,8","4,3","(9,2),(6,2),(2,2)",,0,0.0000
940,LM01260820000304,Approved,2026-08-20T09:34:31+08:00,2026-08-20T09:35:46+08:00,213.44,PRT_L1,68,213.38,1034229.67628,124,145,14510.0000,30970.0000,0.0000,0.0000,30970.0000,"4,9,9","4,9","(3,2),(7,2),(1,2)",,0,0.0000
941,LM01260820000303,Approved,2026-08-20T09:33:10+08:00,2026-08-20T09:34:26+08:00,113.95,PRT_L1,66,144.20,1034172.17628,115,127,9517.5000,10845.0000,0.0000,0.0000,10845.0000,"8,8,9","5,9","(2,1),(9,2),(6,2)",,0,0.0000
942,LM01260820000302,Approved,2026-08-20T09:31:52+08:00,2026-08-20T09:33:05+08:00,67.49,PRT_L1,54,86.71,1034129.82628,103,114,4682.5000,3160.0000,0.0000,0.0000,3160.0000,"5,7,8","1,9","(7,2),(4,1),(5,2)",,0,0.0000
943,LM01260820000301,Approved,2026-08-20T06:55:44+08:00,2026-08-20T09:31:47+08:00,55.72,PRT_L1,40,85.25,1034110.70128,80,99,3410.0000,1900.0000,0.0000,0.0000,1900.0000,"1,6,9","7,3","(5,1),(7,2),(1,2)",,0,0.0000
944,LM01260820000300,Approved,2026-08-20T06:54:31+08:00,2026-08-20T06:55:39+08:00,23.25,PRT_L1,77,480.06,1034096.20128,142,131,36965.0000,8595.0000,0.0000,0.0000,8595.0000,"4,4,5","9,7","(7,1),(2,2),(5,2)",,0,0.0000
945,LM01260820000299,Approved,2026-08-20T06:53:10+08:00,2026-08-20T06:54:26+08:00,51.84,PRT_L1,76,430.95,1033966.12628,143,145,32752.5000,16980.0000,0.0000,0.0000,16980.0000,"2,7,9","3,2","(2,2),(8,2),(7,2)",,0,0.0000
946,LM01260820000298,Approved,2026-08-20T06:51:46+08:00,2026-08-20T06:53:05+08:00,111.72,PRT_L1,71,641.97,1033848.22628,137,148,45580.0000,50920.0000,0.0000,0.0000,50920.0000,"1,3,6","7,3","(9,2),(5,2),(7,1)",,0,0.0000
947,LM01260820000297,Approved,2026-08-20T06:50:23+08:00,2026-08-20T06:51:41+08:00,14.88,PRT_L1,76,359.97,1033681.70128,144,141,27357.5000,4070.0000,0.0000,0.0000,4070.0000,"5,5,8","1,5","(2,2),(1,2),(6,1)",,0,0.0000
948,LM01260820000296,Approved,2026-08-20T06:49:10+08:00,2026-08-20T06:50:18+08:00,77.64,PRT_L1,77,492.14,1033579.50128,150,142,37895.0000,29420.0000,0.0000,0.0000,29420.0000,"1,2,3","9,1","(8,1),(6,2),(7,2)",,0,0.0000
949,LM01260820000295,Approved,2026-08-20T06:47:50+08:00,2026-08-20T06:49:05+08:00,67.36,PRT_L1,71,450.81,1033441.45128,142,151,32007.5000,21560.0000,0.0000,0.0000,21560.0000,"4,4,6","4,7","(5,2),(8,2),(7,1)",,0,0.0000
950,LM01260820000294,Approved,2026-08-20T06:46:31+08:00,2026-08-20T06:47:45+08:00,92.01,PRT_L1,73,531.95,1033327.22628,137,141,38832.5000,35730.0000,0.0000,0.0000,35730.0000,"1,3,6","7,9","(9,1),(4,2),(2,2)",,0,0.0000
951,LM01260820000293,Approved,2026-08-20T06:45:09+08:00,2026-08-20T06:46:26+08:00,164.39,PRT_L1,66,545.19,1033188.37628,130,138,35982.5000,59150.0000,0.0000,0.0000,59150.0000,"5,6,9","2,8,6","(9,2),(6,2),(4,1)",,0,0.0000
952,LM01260820000292,Approved,2026-08-20T06:43:51+08:00,2026-08-20T06:45:04+08:00,201.10,PRT_L1,64,560.04,1033061.65128,128,131,35842.5000,72080.0000,0.0000,0.0000,72080.0000,"2,3,6","6,9","(4,2),(3,2),(9,2)",,0,0.0000
953,LM01260820000291,Approved,2026-08-20T06:42:26+08:00,2026-08-20T06:43:46+08:00,14.14,PRT_L1,72,493.68,1032934.57628,136,129,35545.0000,5025.0000,0.0000,0.0000,5025.0000,"1,1,7","7,2","(3,1),(1,2),(4,2)",,0,0.0000
954,LM01260820000290,Approved,2026-08-20T06:39:36+08:00,2026-08-20T06:42:21+08:00,146.94,PRT_L1,78,489.90,1032809.85128,137,141,38212.5000,39250.0000,16900.0000,0.0000,56150.0000,"6,6,6","5,9","(4,1),(7,2),(9,2)","result:(2,3),(2,3),(1,2)",0,0.0000
955,LM01260820000289,Approved,2026-08-20T06:38:20+08:00,2026-08-20T06:39:31+08:00,53.74,PRT_L1,79,588.39,1032675.20128,137,143,46482.5000,24980.0000,0.0000,0.0000,24980.0000,"4,4,6","4,7","(7,3),(8,2),(5,1)",,0,0.0000
956,LM01260820000288,Approved,2026-08-20T06:36:56+08:00,2026-08-20T06:38:15+08:00,137.26,PRT_L1,70,638.39,1032512.90128,132,138,44687.5000,61340.0000,0.0000,0.0000,61340.0000,"2,3,9","9,2","(4,2),(7,2),(9,1)",,0,0.0000
957,LM01260820000287,Approved,2026-08-20T06:35:37+08:00,2026-08-20T06:36:51+08:00,277.34,PRT_L1,63,636.15,1032357.70128,129,133,40077.5000,111150.0000,0.0000,0.0000,111150.0000,"3,3,8","5,4","(3,1),(5,2),(6,2)",,0,0.0000
958,LM01260820000286,Approved,2026-08-20T06:34:17+08:00,2026-08-20T06:35:32+08:00,82.54,PRT_L1,69,605.07,1032218.02628,135,130,41750.0000,34460.0000,0.0000,0.0000,34460.0000,"2,3,5","2,5","(1,2),(8,2),(5,1)",,0,0.0000
959,LM01260820000285,Approved,2026-08-20T06:33:04+08:00,2026-08-20T06:34:12+08:00,65.79,PRT_L1,67,570.78,1032070.15128,129,141,38242.5000,25160.0000,0.0000,0.0000,25160.0000,"4,7,7","6,9","(4,2),(2,2),(7,1)",,0,0.0000
960,LM01260820000284,Approved,2026-08-20T06:31:46+08:00,2026-08-20T06:32:59+08:00,112.42,PRT_L1,67,624.10,1031933.60128,124,131,41815.0000,47010.0000,0.0000,0.0000,47010.0000,"3,4,4","6,2","(7,2),(8,1),(3,2)",,0,0.0000
961,LM01260820000283,Approved,2026-08-20T06:30:29+08:00,2026-08-20T06:31:41+08:00,40.69,PRT_L1,65,667.04,1031771.17628,122,123,43357.5000,17640.0000,0.0000,0.0000,17640.0000,"4,6,7","1,4","(9,2),(8,1),(1,2)",,0,0.0000
962,LM01260820000282,Approved,2026-08-20T06:29:04+08:00,2026-08-20T06:30:24+08:00,52.01,PRT_L1,64,670.12,1031601.92628,132,122,42887.5000,22305.0000,0.0000,0.0000,22305.0000,"5,6,6","4,8","(5,2),(1,2),(8,1)",,0,0.0000
963,LM01260820000281,Approved,2026-08-20T06:27:43+08:00,2026-08-20T06:28:59+08:00,37.88,PRT_L1,65,718.42,1031436.17628,131,132,46697.5000,17690.0000,0.0000,0.0000,17690.0000,"5,8,8","5,1","(2,1),(7,2),(9,2)",,0,0.0000
964,LM01260820000280,Approved,2026-08-20T06:25:56+08:00,2026-08-20T06:27:38+08:00,110.58,PRT_L1,68,673.53,1031264.90128,135,132,45800.0000,50645.0000,0.0000,0.0000,50645.0000,"3,4,4","8,1","(5,2),(8,2),(3,1)",,0,0.0000
965,LM01260820000279,Approved,2026-08-20T06:24:42+08:00,2026-08-20T06:25:51+08:00,105.01,PRT_L1,69,517.28,1031095.05128,145,148,35692.5000,37480.0000,0.0000,0.0000,37480.0000,"7,8,9","2,5","(2,2),(7,2),(9,1)",,0,0.0000
966,LM01260820000278,Approved,2026-08-20T06:23:17+08:00,2026-08-20T06:24:37+08:00,63.22,PRT_L1,70,540.04,1030965.17628,143,142,37802.5000,23900.0000,0.0000,0.0000,23900.0000,"5,8,9","3,4","(5,1),(8,2),(7,2)",,0,0.0000
967,LM01260820000277,Approved,2026-08-20T06:22:04+08:00,2026-08-20T06:23:12+08:00,138.51,PRT_L1,69,495.29,1030827.30128,135,144,34175.0000,47335.0000,0.0000,0.0000,47335.0000,"3,9,9","1,4","(5,2),(7,2),(8,1)",,0,0.0000
968,LM01260820000276,Approved,2026-08-20T06:20:52+08:00,2026-08-20T06:21:59+08:00,25.81,PRT_L1,67,508.40,1030702.37628,141,138,34062.5000,8790.0000,0.0000,0.0000,8790.0000,"1,1,6","2,1","(2,2),(3,1),(9,2)",,0,0.0000
969,LM01260820000275,Approved,2026-08-20T06:17:46+08:00,2026-08-20T06:20:47+08:00,281.73,PRT_L1,69,537.32,1030578.80128,151,138,37075.0000,90100.0000,14350.0000,0.0000,104450.0000,"3,3,3","7,6","(6,1),(9,2),(8,2)","result:(3,4),(1,3),(2,4)",0,0.0000
970,LM01260820000274,Approved,2026-08-20T06:16:30+08:00,2026-08-20T06:17:41+08:00,180.30,PRT_L1,72,508.02,1030445.17628,150,151,36577.5000,65950.0000,0.0000,0.0000,65950.0000,"3,8,9","1,3","(2,2),(3,1),(6,2)",,0,0.0000
971,LM01260820000273,Approved,2026-08-20T06:15:17+08:00,2026-08-20T06:16:25+08:00,82.50,PRT_L1,74,498.95,1030312.62628,152,152,36922.5000,30460.0000,0.0000,0.0000,30460.0000,"3,4,4","8,4","(9,1),(8,3),(1,2)",,0,0.0000
972,LM01260820000272,Approved,2026-08-20T06:13:59+08:00,2026-08-20T06:15:12+08:00,78.15,PRT_L1,77,483.25,1030179.45128,152,156,37210.0000,29080.0000,0.0000,0.0000,29080.0000,"1,3,9","1,2","(1,2),(8,2),(5,1)",,0,0.0000
973,LM01260820000271,Approved,2026-08-20T06:12:38+08:00,2026-08-20T06:13:54+08:00,98.02,PRT_L1,73,482.29,1030044.52628,145,149,35207.5000,34510.0000,0.0000,0.0000,34510.0000,"5,7,9","6,2","(2,1),(7,2),(9,2)",,0,0.0000
974,LM01260820000270,Approved,2026-08-20T06:11:26+08:00,2026-08-20T06:12:33+08:00,373.61,PRT_L1,68,458.86,1029918.75128,151,146,31202.5000,116575.0000,0.0000,0.0000,116575.0000,"3,3,6","7,8","(3,2),(6,2),(5,2)",,0,0.0000
975,LM01260820000269,Approved,2026-08-20T06:10:12+08:00,2026-08-20T06:11:21+08:00,255.66,PRT_L1,68,432.90,1029805.97628,151,152,29437.5000,75260.0000,0.0000,0.0000,75260.0000,"3,6,6","6,3","(3,1),(4,2),(6,2)",,0,0.0000
976,LM01260820000268,Approved,2026-08-20T06:08:53+08:00,2026-08-20T06:10:07+08:00,30.17,PRT_L1,70,601.36,1029700.20128,152,155,42095.0000,12700.0000,0.0000,0.0000,12700.0000,"2,4,8","9,5","(5,1),(8,2),(2,2)",,0,0.0000
977,LM01260820000267,Approved,2026-08-20T06:07:34+08:00,2026-08-20T06:08:48+08:00,29.52,PRT_L1,69,512.79,1029550.90128,151,156,35382.5000,10445.0000,0.0000,0.0000,10445.0000,"7,8,8","1,6","(6,2),(5,1),(7,2)",,0,0.0000
978,LM01260820000266,Approved,2026-08-20T06:06:12+08:00,2026-08-20T06:07:29+08:00,160.97,PRT_L1,66,475.53,1029424.47628,144,155,31385.0000,50520.0000,0.0000,0.0000,50520.0000,"3,5,7","5,6","(1,1),(3,2),(9,2)",,0,0.0000
979,LM01260820000265,Approved,2026-08-20T06:04:54+08:00,2026-08-20T06:06:07+08:00,10.81,PRT_L1,75,391.43,1029311.65128,158,146,29357.5000,3175.0000,0.0000,0.0000,3175.0000,"1,7,7","6,8","(1,2),(6,2),(5,2)",,0,0.0000
980,LM01260820000264,Approved,2026-08-20T06:03:39+08:00,2026-08-20T06:04:49+08:00,152.45,PRT_L1,76,372.60,1029207.15128,146,159,28317.5000,43170.0000,0.0000,0.0000,43170.0000,"3,3,8","4,5","(5,2),(4,1),(2,2)",,0,0.0000
981,LM01260820000263,Approved,2026-08-20T06:02:17+08:00,2026-08-20T06:03:34+08:00,109.11,PRT_L1,68,405.15,1029106.62628,136,145,27550.0000,30060.0000,0.0000,0.0000,30060.0000,"3,4,6","7,2","(6,2),(8,2),(4,1)",,0,0.0000
982,LM01260820000262,Approved,2026-08-20T05:59:08+08:00,2026-08-20T06:02:12+08:00,5.04,PRT_L1,64,425.98,1029008.67628,135,139,27262.5000,1300.0000,75.0000,0.0000,1375.0000,"8,8,8","9,2","(7,1),(3,2),(1,2)","result:(1,4)",0,0.0000
983,LM01260820000261,Approved,2026-08-20T05:57:51+08:00,2026-08-20T05:59:03+08:00,93.75,PRT_L1,72,411.91,1028912.60128,137,139,29657.5000,27805.0000,0.0000,0.0000,27805.0000,"3,6,6","8,1","(5,2),(7,2),(9,1)",,0,0.0000
984,LM01260820000260,Approved,2026-08-20T05:56:32+08:00,2026-08-20T05:57:46+08:00,240.48,PRT_L1,61,514.55,1028805.92628,135,134,31387.5000,75480.0000,0.0000,0.0000,75480.0000,"3,4,6","3,4","(3,2),(5,2),(6,1)",,0,0.0000
985,LM01260820000259,Approved,2026-08-20T05:55:14+08:00,2026-08-20T05:56:27+08:00,138.87,PRT_L1,58,543.53,1028695.65128,138,133,31525.0000,43780.0000,0.0000,0.0000,43780.0000,"2,3,6","3,5","(4,2),(2,2),(9,2)",,0,0.0000
986,LM01260820000258,Approved,2026-08-20T05:53:55+08:00,2026-08-20T05:55:09+08:00,101.01,PRT_L1,57,303.68,1028584.57628,131,141,17310.0000,17485.0000,0.0000,0.0000,17485.0000,"5,9,9","5,7","(7,2),(1,2),(8,2)",,0,0.0000
987,LM01260820000257,Approved,2026-08-20T05:52:31+08:00,2026-08-20T05:53:50+08:00,42.50,PRT_L1,58,298.97,1028519.32628,130,131,17340.0000,7370.0000,0.0000,0.0000,7370.0000,"2,3,4","9,6","(4,1),(6,2),(2,2)",,0,0.0000
988,LM01260820000256,Approved,2026-08-20T05:51:04+08:00,2026-08-20T05:52:26+08:00,56.88,PRT_L1,60,361.88,1028454.70128,133,133,21712.5000,12350.0000,0.0000,0.0000,12350.0000,"3,5,7","2,5","(2,1),(6,2),(8,2)",,0,0.0000
989,LM01260820000255,Approved,2026-08-20T05:49:42+08:00,2026-08-20T05:50:59+08:00,103.60,PRT_L1,57,326.67,1028375.72628,123,140,18620.0000,19290.0000,0.0000,0.0000,19290.0000,"2,6,8","3,2","(8,1),(6,2),(7,2)",,0,0.0000
990,LM01260820000254,Approved,2026-08-20T05:48:25+08:00,2026-08-20T05:49:37+08:00,127.98,PRT_L1,57,326.80,1028310.37628,128,127,18627.5000,23840.0000,0.0000,0.0000,23840.0000,"5,6,9","4,8","(5,2),(8,1),(1,2)",,0,0.0000
991,LM01260820000253,Approved,2026-08-20T05:47:05+08:00,2026-08-20T05:48:20+08:00,93.58,PRT_L1,57,370.09,1028243.95128,132,132,21095.0000,19740.0000,0.0000,0.0000,19740.0000,"5,7,9","4,5","(3,2),(2,1),(9,2)",,0,0.0000
992,LM01260820000252,Approved,2026-08-20T05:45:44+08:00,2026-08-20T05:47:00+08:00,59.82,PRT_L1,63,373.89,1028170.37628,132,131,23555.0000,14090.0000,0.0000,0.0000,14090.0000,"5,6,7","1,3","(4,2),(8,2),(2,1)",,0,0.0000
993,LM01260820000251,Approved,2026-08-20T05:44:24+08:00,2026-08-20T05:45:39+08:00,38.54,PRT_L1,60,418.67,1028088.92628,133,132,25120.0000,9680.0000,0.0000,0.0000,9680.0000,"1,5,6","8,7","(7,3),(1,1),(2,2)",,0,0.0000
994,LM01260820000250,Approved,2026-08-20T05:43:05+08:00,2026-08-20T05:44:19+08:00,138.33,PRT_L1,65,384.81,1028000.92628,129,134,25012.5000,34600.0000,0.0000,0.0000,34600.0000,"5,7,9","9,8","(9,1),(7,2),(5,2)",,0,0.0000
995,LM01260820000249,Approved,2026-08-20T05:41:45+08:00,2026-08-20T05:43:00+08:00,35.90,PRT_L1,59,417.84,1027913.50128,127,128,24652.5000,8850.0000,0.0000,0.0000,8850.0000,"1,2,3","8,7","(8,2),(6,1),(7,2)",,0,0.0000
996,LM01260820000248,Approved,2026-08-20T05:40:25+08:00,2026-08-20T05:41:40+08:00,28.78,PRT_L1,57,381.54,1027827.77628,126,125,21747.5000,6260.0000,0.0000,0.0000,6260.0000,"3,8,8","6,2","(1,1),(7,2),(9,2)",,0,0.0000
997,LM01260820000247,Approved,2026-08-20T05:39:07+08:00,2026-08-20T05:40:20+08:00,102.91,PRT_L1,57,329.87,1027742.77628,128,127,18802.5000,19350.0000,0.0000,0.0000,19350.0000,"3,3,4","1,8","(8,2),(4,2),(3,1)",,0,0.0000
998,LM01260820000246,Approved,2026-08-20T05:37:49+08:00,2026-08-20T05:39:02+08:00,81.22,PRT_L1,55,319.45,1027668.52628,123,129,17570.0000,14270.0000,0.0000,0.0000,14270.0000,"1,6,8","2,3","(5,1),(3,2),(6,2)",,0,0.0000
999,LM01260820000245,Approved,2026-08-20T05:36:25+08:00,2026-08-20T05:37:44+08:00,176.89,PRT_L1,58,309.96,1027600.02628,124,125,17977.5000,31800.0000,0.0000,0.0000,31800.0000,"6,6,9","7,8","(7,2),(6,1),(2,2)",,0,0.0000
1000,LM01260820000244,Approved,2026-08-20T05:35:08+08:00,2026-08-20T05:36:20+08:00,6.82,PRT_L1,59,561.74,1027529.10128,125,128,33142.5000,2260.0000,0.0000,0.0000,2260.0000,"2,2,7","2,6","(2,2),(1,1),(9,2)",,0,0.0000
1001,LM01260820000243,Approved,2026-08-20T05:33:55+08:00,2026-08-20T05:35:03+08:00,136.81,PRT_L1,59,564.24,1027407.02628,132,126,33290.0000,45545.0000,0.0000,0.0000,45545.0000,"5,6,6","4,8","(4,2),(8,2),(6,2)",,0,0.0000
1002,LM01260820000242,Approved,2026-08-20T05:32:36+08:00,2026-08-20T05:33:50+08:00,142.83,PRT_L1,57,575.39,1027284.02628,133,134,32797.5000,46845.0000,0.0000,0.0000,46845.0000,"1,3,3","8,5","(9,2),(2,1),(1,2)",,0,0.0000
1003,LM01260820000241,Approved,2026-08-20T05:31:15+08:00,2026-08-20T05:32:31+08:00,83.26,PRT_L1,65,490.04,1027163.30128,140,136,31852.5000,26520.0000,0.0000,0.0000,26520.0000,"3,4,6","6,9","(8,2),(7,1),(1,2)",,0,0.0000
1004,LM01260820000240,Approved,2026-08-20T05:30:01+08:00,2026-08-20T05:31:10+08:00,16.38,PRT_L1,72,480.80,1027047.22628,131,138,34617.5000,5670.0000,0.0000,0.0000,5670.0000,"1,2,7","6,2","(6,2),(4,1),(2,2)",,0,0.0000
1005,LM01260820000239,Approved,2026-08-20T05:28:39+08:00,2026-08-20T05:29:56+08:00,123.33,PRT_L1,70,454.64,1026918.55128,132,134,31825.0000,39250.0000,0.0000,0.0000,39250.0000,"4,8,9","8,6","(7,2),(5,1),(9,2)",,0,0.0000
1006,LM01260820000238,Approved,2026-08-20T05:27:19+08:00,2026-08-20T05:28:34+08:00,104.05,PRT_L1,65,477.00,1026801.27628,132,136,31005.0000,32260.0000,0.0000,0.0000,32260.0000,"3,5,6","6,5","(2,1),(8,2),(4,2)",,0,0.0000
1007,LM01260820000237,Approved,2026-08-20T05:25:40+08:00,2026-08-20T05:27:14+08:00,109.79,PRT_L1,71,478.38,1026687.97628,127,131,33965.0000,37290.0000,0.0000,0.0000,37290.0000,"4,6,9","4,5","(7,2),(1,2),(9,1)",,0,0.0000
1008,LM01260820000236,Approved,2026-08-20T05:24:24+08:00,2026-08-20T05:25:35+08:00,69.26,PRT_L1,60,522.67,1026560.55128,126,131,31360.0000,21720.0000,0.0000,0.0000,21720.0000,"3,5,6","4,8","(6,2),(4,2),(9,1)",,0,0.0000
1009,LM01260820000235,Approved,2026-08-20T05:23:03+08:00,2026-08-20T05:24:19+08:00,107.97,PRT_L1,62,541.98,1026443.52628,121,125,33602.5000,36280.0000,0.0000,0.0000,36280.0000,"3,7,7","2,7","(5,1),(7,2),(8,2)",,0,0.0000
1010,LM01260820000234,Approved,2026-08-20T05:21:43+08:00,2026-08-20T05:22:58+08:00,23.38,PRT_L1,64,495.16,1026319.82628,129,123,31690.0000,7410.0000,0.0000,0.0000,7410.0000,"4,4,7","5,9","(1,1),(8,2),(3,2)",,0,0.0000
1011,LM01260820000233,Approved,2026-08-20T05:20:14+08:00,2026-08-20T05:21:38+08:00,50.28,PRT_L1,59,534.49,1026202.17628,121,129,31535.0000,15855.0000,0.0000,0.0000,15855.0000,"6,6,7","8,5","(2,2),(1,2),(5,1)",,0,0.0000
1012,LM01260820000232,Approved,2026-08-20T05:18:54+08:00,2026-08-20T05:20:09+08:00,134.68,PRT_L1,51,600.78,1026083.15128,110,123,30640.0000,41265.0000,0.0000,0.0000,41265.0000,"6,6,9","3,9","(7,2),(8,1),(3,2)",,0,0.0000
1013,LM01260820000231,Approved,2026-08-20T05:15:43+08:00,2026-08-20T05:18:49+08:00,115.48,PRT_L1,58,519.96,1025967.02628,124,113,30157.5000,34825.0000,0.0000,0.0000,34825.0000,"6,9,9","1,8","(2,2),(3,2),(8,2)",,0,0.0000
1014,LM01260820000230,Approved,2026-08-20T05:14:25+08:00,2026-08-20T05:15:38+08:00,15.80,PRT_L1,63,521.39,1025855.77628,129,130,32847.5000,5190.0000,0.0000,0.0000,5190.0000,"1,2,2","4,9","(5,2),(2,2),(8,1)",,0,0.0000
1015,LM01260820000229,Approved,2026-08-20T05:13:14+08:00,2026-08-20T05:14:20+08:00,208.91,PRT_L1,57,515.61,1025733.05128,127,129,29390.0000,61400.0000,0.0000,0.0000,61400.0000,"2,2,3","6,3","(9,2),(6,1),(3,2)",,0,0.0000
1016,LM01260820000228,Approved,2026-08-20T05:11:56+08:00,2026-08-20T05:13:09+08:00,167.04,PRT_L1,51,555.00,1025627.02628,125,128,28305.0000,47280.0000,0.0000,0.0000,47280.0000,"3,5,5","8,6","(3,2),(5,1),(7,2)",,0,0.0000
1017,LM01260820000227,Approved,2026-08-20T05:10:38+08:00,2026-08-20T05:11:51+08:00,87.50,PRT_L1,50,526.65,1025526.75128,122,127,26332.5000,23040.0000,0.0000,0.0000,23040.0000,"5,9,9","5,9","(8,2),(3,2),(5,1)",,0,0.0000
1018,LM01260820000226,Approved,2026-08-20T05:09:22+08:00,2026-08-20T05:10:33+08:00,90.88,PRT_L1,51,548.04,1025435.47628,122,121,27950.0000,25400.0000,0.0000,0.0000,25400.0000,"6,7,7","7,2","(7,2),(1,1),(8,2)",,0,0.0000
1019,LM01260820000225,Approved,2026-08-20T05:08:06+08:00,2026-08-20T05:09:17+08:00,106.72,PRT_L1,56,507.32,1025336.05128,123,128,28410.0000,30320.0000,0.0000,0.0000,30320.0000,"3,6,7","2,1","(4,2),(3,1),(6,2)",,0,0.0000
1020,LM01260820000224,Approved,2026-08-20T05:06:53+08:00,2026-08-20T05:08:01+08:00,111.23,PRT_L1,56,534.46,1025235.62628,122,125,29930.0000,33290.0000,0.0000,0.0000,33290.0000,"1,2,9","9,4","(9,2),(2,2),(7,1)",,0,0.0000
1021,LM01260820000223,Approved,2026-08-20T05:05:41+08:00,2026-08-20T05:06:48+08:00,38.39,PRT_L1,58,531.68,1025127.05128,122,122,30837.5000,11840.0000,0.0000,0.0000,11840.0000,"2,5,9","1,4","(7,2),(1,1),(9,2)",,0,0.0000
1022,LM01260820000222,Approved,2026-08-20T05:04:29+08:00,2026-08-20T05:05:36+08:00,90.10,PRT_L1,62,431.77,1025014.70128,125,124,26770.0000,24120.0000,0.0000,0.0000,24120.0000,"1,8,9","6,1","(6,2),(7,1),(3,2)",,0,0.0000
1023,LM01260820000221,Approved,2026-08-20T05:03:15+08:00,2026-08-20T05:04:24+08:00,16.10,PRT_L1,63,461.94,1024918.62628,128,128,29102.5000,4685.0000,0.0000,0.0000,4685.0000,"6,6,7","8,4","(3,2),(8,2),(1,2)",,0,0.0000
1024,LM01260820000220,Approved,2026-08-20T05:02:02+08:00,2026-08-20T05:03:10+08:00,161.41,PRT_L1,56,525.18,1024810.12628,122,125,29410.0000,47470.0000,0.0000,0.0000,47470.0000,"1,3,7","3,6","(7,2),(4,2),(6,1)",,0,0.0000
1025,LM01260820000219,Approved,2026-08-20T05:00:46+08:00,2026-08-20T05:01:57+08:00,79.54,PRT_L1,58,525.65,1024699.82628,130,124,30487.5000,24250.0000,0.0000,0.0000,24250.0000,"3,5,9","7,8","(8,2),(6,1),(4,2)",,0,0.0000
1026,LM01260820000218,Approved,2026-08-20T04:59:35+08:00,2026-08-20T05:00:41+08:00,55.90,PRT_L1,65,469.77,1024584.95128,132,137,30535.0000,17070.0000,0.0000,0.0000,17070.0000,"2,3,8","8,2","(1,2),(5,2),(8,1)",,0,0.0000
1027,LM01260820000217,Approved,2026-08-20T04:58:16+08:00,2026-08-20T04:59:30+08:00,64.08,PRT_L1,70,437.04,1024470.10128,132,132,30592.5000,19605.0000,0.0000,0.0000,19605.0000,"4,4,9","6,1","(7,2),(4,2),(1,1)",,0,0.0000
1028,LM01260820000216,Approved,2026-08-20T04:57:06+08:00,2026-08-20T04:58:11+08:00,195.58,PRT_L1,68,477.76,1024353.35128,130,131,32487.5000,63540.0000,0.0000,0.0000,63540.0000,"3,5,6","3,2","(3,2),(7,1),(6,2)",,0,0.0000
1029,LM01260820000215,Approved,2026-08-20T04:55:27+08:00,2026-08-20T04:57:01+08:00,24.78,PRT_L1,64,448.28,1024231.65128,122,132,28690.0000,7110.0000,0.0000,0.0000,7110.0000,"1,2,8","5,3","(6,2),(1,2),(3,2)",,0,0.0000
1030,LM01260820000214,Approved,2026-08-20T04:53:12+08:00,2026-08-20T04:55:22+08:00,28.33,PRT_L1,62,482.50,1024124.35128,131,132,29915.0000,8250.0000,225.0000,0.0000,8475.0000,"5,5,5","4,8","(8,1),(5,2),(9,2)","result:(2,4),(2,4)",0,0.0000
1031,LM01260820000213,Approved,2026-08-20T04:51:51+08:00,2026-08-20T04:53:07+08:00,139.19,PRT_L1,66,499.20,1024011.30128,138,133,32947.5000,45860.0000,0.0000,0.0000,45860.0000,"1,3,4","1,8","(6,1),(3,2),(7,2)",,0,0.0000
1032,LM01260820000212,Approved,2026-08-20T04:50:35+08:00,2026-08-20T04:51:46+08:00,105.94,PRT_L1,63,510.56,1023885.30128,131,137,32165.0000,34075.0000,0.0000,0.0000,34075.0000,"2,5,5","4,2","(7,1),(3,2),(9,2)",,0,0.0000
1033,LM01260820000211,Approved,2026-08-20T04:49:18+08:00,2026-08-20T04:50:30+08:00,58.59,PRT_L1,60,328.00,1023758.02628,131,132,19680.0000,11530.0000,0.0000,0.0000,11530.0000,"2,4,9","8,1","(5,2),(6,2),(7,1)",,0,0.0000
1034,LM01260820000210,Approved,2026-08-20T04:48:09+08:00,2026-08-20T04:49:13+08:00,66.26,PRT_L1,58,295.99,1023677.12628,132,128,17167.5000,11375.0000,0.0000,0.0000,11375.0000,"1,1,2","9,7","(4,2),(9,1),(1,2)",,0,0.0000
1035,LM01260820000209,Approved,2026-08-20T04:46:44+08:00,2026-08-20T04:48:04+08:00,152.34,PRT_L1,61,272.91,1023607.90128,128,133,16647.5000,25360.0000,0.0000,0.0000,25360.0000,"3,6,6","6,4","(6,2),(8,2),(5,1)",,0,0.0000
1036,LM01260820000208,Approved,2026-08-20T04:45:28+08:00,2026-08-20T04:46:39+08:00,36.67,PRT_L1,56,289.02,1023540.72628,130,127,16185.0000,5935.0000,0.0000,0.0000,5935.0000,"8,8,9","4,6","(2,1),(5,2),(9,2)",,0,0.0000
1037,LM01260820000207,Approved,2026-08-20T04:44:09+08:00,2026-08-20T04:45:23+08:00,50.90,PRT_L1,64,527.54,1023476.00128,129,132,33762.5000,17185.0000,0.0000,0.0000,17185.0000,"5,6,6","8,5","(4,1),(2,2),(1,2)",,0,0.0000
1038,LM01260820000206,Approved,2026-08-20T04:42:52+08:00,2026-08-20T04:44:04+08:00,47.28,PRT_L1,63,417.98,1023347.00128,127,132,26332.5000,12450.0000,0.0000,0.0000,12450.0000,"1,2,4","8,2","(3,1),(8,2),(5,3)",,0,0.0000
1039,LM01260820000205,Approved,2026-08-20T04:41:36+08:00,2026-08-20T04:42:47+08:00,35.02,PRT_L1,72,406.56,1023249.10128,138,132,29272.5000,10250.0000,0.0000,0.0000,10250.0000,"1,4,4","2,4","(9,1),(6,2),(5,2)",,0,0.0000
1040,LM01260820000204,Approved,2026-08-20T04:40:18+08:00,2026-08-20T04:41:31+08:00,240.96,PRT_L1,71,346.80,1023140.55128,137,139,24622.5000,59330.0000,0.0000,0.0000,59330.0000,"3,9,9","2,3","(4,1),(1,2),(7,2)",,0,0.0000
1041,LM01260820000203,Approved,2026-08-20T04:37:25+08:00,2026-08-20T04:40:13+08:00,461.98,PRT_L1,64,381.17,1023049.17628,131,131,24395.0000,57500.0000,55200.0000,0.0000,112700.0000,"9,9,9","4,5","(8,1),(1,2),(7,2)","result:(3,4),(2,4),(2,4)",0,0.0000
1042,LM01260820000202,Approved,2026-08-20T04:36:04+08:00,2026-08-20T04:37:20+08:00,61.94,PRT_L1,60,403.92,1022956.85128,122,129,24235.0000,15010.0000,0.0000,0.0000,15010.0000,"1,8,9","5,3","(5,2),(6,2),(1,1)",,0,0.0000
1043,LM01260820000201,Approved,2026-08-20T04:34:41+08:00,2026-08-20T04:35:59+08:00,88.31,PRT_L1,58,456.68,1022864.85128,123,123,26487.5000,23390.0000,0.0000,0.0000,23390.0000,"1,1,3","8,4","(2,1),(5,2),(4,2)",,0,0.0000
1044,LM01260820000200,Approved,2026-08-20T04:33:17+08:00,2026-08-20T04:34:36+08:00,106.51,PRT_L1,56,446.12,1022766.60128,130,126,24982.5000,26610.0000,0.0000,0.0000,26610.0000,"6,7,9","2,6","(9,1),(8,2),(6,2)",,0,0.0000
1045,LM01260820000199,Approved,2026-08-20T04:32:00+08:00,2026-08-20T04:33:12+08:00,30.37,PRT_L1,58,395.17,1022674.55128,126,127,22920.0000,6960.0000,0.0000,0.0000,6960.0000,"1,4,5","5,1","(7,2),(4,2),(3,2)",,0,0.0000
1046,LM01260820000198,Approved,2026-08-20T04:30:47+08:00,2026-08-20T04:31:55+08:00,54.06,PRT_L1,67,443.66,1022589.00128,129,132,29725.0000,16070.0000,0.0000,0.0000,16070.0000,"1,3,8","4,6","(4,1),(9,2),(8,2)",,0,0.0000
1047,LM01260820000197,Approved,2026-08-20T04:29:34+08:00,2026-08-20T04:30:42+08:00,135.04,PRT_L1,66,521.06,1022475.50128,133,131,34390.0000,46440.0000,0.0000,0.0000,46440.0000,"3,9,9","4,8","(6,2),(1,2),(4,1)",,0,0.0000
1048,LM01260820000196,Approved,2026-08-20T04:28:15+08:00,2026-08-20T04:29:29+08:00,106.77,PRT_L1,70,478.86,1022346.47628,135,135,33520.0000,35790.0000,0.0000,0.0000,35790.0000,"3,4,9","8,7","(4,2),(1,2),(8,1)",,0,0.0000
1049,LM01260820000195,Approved,2026-08-20T04:26:54+08:00,2026-08-20T04:28:10+08:00,133.88,PRT_L1,62,484.92,1022218.92628,128,131,30065.0000,40250.0000,0.0000,0.0000,40250.0000,"2,3,3","5,8","(1,2),(7,1),(8,2)",,0,0.0000
1050,LM01260820000194,Approved,2026-08-20T04:25:14+08:00,2026-08-20T04:26:49+08:00,40.55,PRT_L1,63,458.33,1022107.92628,128,128,28875.0000,11710.0000,0.0000,0.0000,11710.0000,"2,2,4","3,8","(5,1),(1,2),(7,2)",,0,0.0000
1051,LM01260820000193,Approved,2026-08-20T04:23:51+08:00,2026-08-20T04:25:09+08:00,108.25,PRT_L1,63,450.44,1021999.52628,134,142,28377.5000,30720.0000,0.0000,0.0000,30720.0000,"2,4,4","7,2","(1,2),(9,1),(4,2)",,0,0.0000
1052,LM01260820000192,Approved,2026-08-20T04:22:35+08:00,2026-08-20T04:23:46+08:00,129.74,PRT_L1,61,437.46,1021893.97628,130,135,26685.0000,34620.0000,0.0000,0.0000,34620.0000,"1,3,3","4,2","(6,1),(7,2),(9,2)",,0,0.0000
1053,LM01260820000191,Approved,2026-08-20T04:21:15+08:00,2026-08-20T04:22:30+08:00,110.85,PRT_L1,56,328.48,1021795.85128,134,132,18395.0000,20390.0000,0.0000,0.0000,20390.0000,"1,1,7","8,2","(4,2),(1,2),(7,2)",,0,0.0000
1054,LM01260820000190,Approved,2026-08-20T04:19:56+08:00,2026-08-20T04:21:10+08:00,63.39,PRT_L1,60,329.96,1021724.00128,135,133,19797.5000,12550.0000,0.0000,0.0000,12550.0000,"1,3,6","4,7","(5,2),(2,1),(8,2)",,0,0.0000
1055,LM01260820000189,Approved,2026-08-20T04:18:38+08:00,2026-08-20T04:19:51+08:00,137.43,PRT_L1,66,243.26,1021643.72628,140,135,16055.0000,22065.0000,0.0000,0.0000,22065.0000,"2,2,6","6,2","(7,2),(2,1),(4,3)",,0,0.0000
1056,LM01260820000188,Approved,2026-08-20T04:17:16+08:00,2026-08-20T04:18:33+08:00,91.57,PRT_L1,62,261.29,1021580.75128,131,139,16200.0000,14835.0000,0.0000,0.0000,14835.0000,"3,3,5","7,9","(9,1),(7,2),(5,2)",,0,0.0000
1057,LM01260820000187,Approved,2026-08-20T04:15:57+08:00,2026-08-20T04:17:11+08:00,80.77,PRT_L1,59,236.82,1021518.00128,129,134,13972.5000,11285.0000,0.0000,0.0000,11285.0000,"3,6,6","1,2","(2,2),(5,1),(4,2)",,0,0.0000
1058,LM01260820000186,Approved,2026-08-20T04:14:42+08:00,2026-08-20T04:15:52+08:00,27.94,PRT_L1,61,227.62,1021462.10128,129,133,13885.0000,3880.0000,0.0000,0.0000,3880.0000,"7,7,9","5,4","(2,2),(4,2),(9,1)",,0,0.0000
1059,LM01260820000185,Approved,2026-08-20T04:13:25+08:00,2026-08-20T04:14:37+08:00,127.61,PRT_L1,53,209.81,1021406.95128,128,132,11120.0000,14190.0000,0.0000,0.0000,14190.0000,"3,4,5","7,8","(5,2),(3,2),(4,2)",,0,0.0000
1060,LM01260820000184,Approved,2026-08-20T04:12:09+08:00,2026-08-20T04:13:20+08:00,127.11,PRT_L1,57,350.22,1021362.12628,116,132,19962.5000,25375.0000,0.0000,0.0000,25375.0000,"1,2,2","4,2","(4,2),(2,1),(1,2)",,0,0.0000
1061,LM01260820000183,Approved,2026-08-20T04:10:48+08:00,2026-08-20T04:12:04+08:00,56.68,PRT_L1,54,394.17,1021289.37628,112,113,21285.0000,12065.0000,0.0000,0.0000,12065.0000,"2,2,6","4,6","(9,1),(1,2),(7,2)",,0,0.0000
1062,LM01260820000182,Approved,2026-08-20T04:09:28+08:00,2026-08-20T04:10:43+08:00,55.08,PRT_L1,57,402.28,1021210.85128,119,112,22930.0000,12630.0000,0.0000,0.0000,12630.0000,"1,3,4","9,2","(4,2),(1,3),(6,1)",,0,0.0000
1063,LM01260820000181,Approved,2026-08-20T04:08:13+08:00,2026-08-20T04:09:23+08:00,158.42,PRT_L1,58,389.96,1021122.10128,125,121,22617.5000,35830.0000,0.0000,0.0000,35830.0000,"8,9,9","4,7","(9,1),(5,2),(8,2)",,0,0.0000
1064,LM01260820000180,Approved,2026-08-20T04:06:56+08:00,2026-08-20T04:08:08+08:00,65.33,PRT_L1,55,357.91,1021038.80128,118,127,19685.0000,12860.0000,0.0000,0.0000,12860.0000,"2,3,8","6,9","(9,2),(8,1),(7,2)",,0,0.0000
1065,LM01260820000179,Approved,2026-08-20T04:05:36+08:00,2026-08-20T04:06:51+08:00,90.07,PRT_L1,57,446.45,1020964.37628,124,112,25447.5000,22920.0000,0.0000,0.0000,22920.0000,"4,9,9","5,6","(8,2),(5,2),(7,1)",,0,0.0000
1066,LM01260820000178,Approved,2026-08-20T04:04:12+08:00,2026-08-20T04:05:31+08:00,30.49,PRT_L1,62,560.28,1020870.95128,136,127,34737.5000,10590.0000,0.0000,0.0000,10590.0000,"2,2,6","2,6","(3,2),(8,1),(2,2)",,0,0.0000
1067,LM01260820000177,Approved,2026-08-20T04:02:55+08:00,2026-08-20T04:04:07+08:00,35.60,PRT_L1,65,383.77,1020738.07628,123,135,24945.0000,8880.0000,0.0000,0.0000,8880.0000,"1,1,5","8,4","(5,2),(4,2),(6,2)",,0,0.0000
1068,LM01260820000176,Approved,2026-08-20T04:01:36+08:00,2026-08-20T04:02:50+08:00,25.26,PRT_L1,73,358.42,1020645.25128,138,128,26165.0000,6610.0000,0.0000,0.0000,6610.0000,"2,2,7","9,7","(5,1),(4,2),(3,2)",,0,0.0000
1069,LM01260820000175,Approved,2026-08-20T04:00:18+08:00,2026-08-20T04:01:31+08:00,156.60,PRT_L1,73,428.01,1020548.17628,149,139,31245.0000,48930.0000,0.0000,0.0000,48930.0000,"3,5,7","8,3","(2,1),(7,2),(9,2)",,0,0.0000
1070,LM01260820000174,Approved,2026-08-20T03:58:57+08:00,2026-08-20T04:00:13+08:00,159.05,PRT_L1,73,471.30,1020432.22628,138,150,34405.0000,54720.0000,0.0000,0.0000,54720.0000,"1,4,9","2,1","(9,3),(1,2),(5,1)",,0,0.0000
1071,LM01260820000173,Approved,2026-08-20T03:57:40+08:00,2026-08-20T03:58:52+08:00,78.44,PRT_L1,59,555.72,1020305.25128,131,138,32787.5000,25720.0000,0.0000,0.0000,25720.0000,"3,6,6","9,8","(1,2),(2,2),(6,1)",,0,0.0000
1072,LM01260820000172,Approved,2026-08-20T03:55:45+08:00,2026-08-20T03:57:35+08:00,64.77,PRT_L1,63,510.44,1020187.80128,132,135,32157.5000,20830.0000,0.0000,0.0000,20830.0000,"1,4,5","5,9","(5,2),(7,2),(4,1)",,0,0.0000
1073,LM01260820000171,Approved,2026-08-20T03:54:23+08:00,2026-08-20T03:55:40+08:00,77.47,PRT_L1,63,418.37,1020066.15128,140,140,26357.5000,20420.0000,0.0000,0.0000,20420.0000,"1,2,9","5,2","(4,2),(2,2),(1,2)",,0,0.0000
1074,LM01260820000170,Approved,2026-08-20T03:53:08+08:00,2026-08-20T03:54:18+08:00,16.50,PRT_L1,74,398.45,1019965.50128,145,141,29485.0000,4865.0000,0.0000,0.0000,4865.0000,"1,7,7","3,5","(8,2),(6,1),(9,2)",,0,0.0000
1075,LM01260820000169,Approved,2026-08-20T03:51:54+08:00,2026-08-20T03:53:03+08:00,192.63,PRT_L1,80,495.47,1019854.25128,152,145,39637.5000,76355.0000,0.0000,0.0000,76355.0000,"3,3,8","5,4","(4,1),(2,2),(5,2)",,0,0.0000
1076,LM01260820000168,Approved,2026-08-20T03:50:35+08:00,2026-08-20T03:51:49+08:00,117.02,PRT_L1,78,227.34,1019709.85128,146,152,17732.5000,20750.0000,0.0000,0.0000,20750.0000,"1,3,3","1,4","(5,2),(1,1),(4,2)",,0,0.0000
1077,LM01260820000167,Approved,2026-08-20T03:49:20+08:00,2026-08-20T03:50:30+08:00,176.19,PRT_L1,81,289.01,1019638.00128,148,146,23410.0000,41245.0000,0.0000,0.0000,41245.0000,"2,9,9","3,7","(9,2),(2,1),(8,2)",,0,0.0000
1078,LM01260820000166,Approved,2026-08-20T03:47:56+08:00,2026-08-20T03:49:15+08:00,37.44,PRT_L1,83,348.46,1019543.35128,151,149,28922.5000,10830.0000,0.0000,0.0000,10830.0000,"4,7,9","6,1","(5,2),(7,2),(6,2)",,0,0.0000
1079,LM01260820000165,Approved,2026-08-20T03:46:41+08:00,2026-08-20T03:47:51+08:00,72.35,PRT_L1,86,255.52,1019433.25128,151,154,21975.0000,15900.0000,0.0000,0.0000,15900.0000,"6,8,9","5,6","(8,2),(9,1),(2,2)",,0,0.0000
1080,LM01260820000164,Approved,2026-08-20T03:45:21+08:00,2026-08-20T03:46:36+08:00,53.08,PRT_L1,81,243.27,1019344.77628,153,148,19705.0000,10460.0000,0.0000,0.0000,10460.0000,"2,2,6","7,8","(9,1),(7,2),(8,2)",,0,0.0000
1081,LM01260820000163,Approved,2026-08-20T03:44:03+08:00,2026-08-20T03:45:16+08:00,98.76,PRT_L1,86,259.97,1019264.92628,155,159,22357.5000,22080.0000,0.0000,0.0000,22080.0000,"1,3,6","1,5","(6,1),(3,2),(8,2)",,0,0.0000
1082,LM01260820000162,Approved,2026-08-20T03:42:46+08:00,2026-08-20T03:43:58+08:00,68.12,PRT_L1,79,199.21,1019170.32628,155,157,15737.5000,10720.0000,0.0000,0.0000,10720.0000,"4,5,8","8,6","(8,2),(9,2),(2,1)",,0,0.0000
1083,LM01260820000161,Approved,2026-08-20T03:40:55+08:00,2026-08-20T03:42:41+08:00,72.03,PRT_L1,81,178.24,1019103.70128,149,160,14437.5000,8900.0000,1500.0000,0.0000,10400.0000,"8,8,8","5,4","(4,2),(8,1),(2,2)","result:(1,4)",0,0.0000
1084,LM01260820000160,Approved,2026-08-20T03:39:41+08:00,2026-08-20T03:40:50+08:00,54.74,PRT_L1,78,201.63,1019040.00128,150,150,15727.5000,8610.0000,0.0000,0.0000,8610.0000,"2,5,9","4,7","(8,2),(4,2),(9,1)",,0,0.0000
1085,LM01260820000159,Approved,2026-08-20T03:38:26+08:00,2026-08-20T03:39:36+08:00,57.35,PRT_L1,85,318.56,1018974.02628,152,150,27077.5000,15530.0000,0.0000,0.0000,15530.0000,"1,2,7","7,2","(5,1),(8,2),(7,2)",,0,0.0000
1086,LM01260820000158,Approved,2026-08-20T03:37:09+08:00,2026-08-20T03:38:21+08:00,28.13,PRT_L1,76,332.60,1018865.97628,142,152,25277.5000,7110.0000,0.0000,0.0000,7110.0000,"2,5,8","5,3","(1,2),(2,1),(7,2)",,0,0.0000
1087,LM01260820000157,Approved,2026-08-20T03:35:55+08:00,2026-08-20T03:37:04+08:00,150.70,PRT_L1,82,346.46,1018767.90128,144,145,28410.0000,42815.0000,0.0000,0.0000,42815.0000,"3,3,9","6,4","(4,1),(8,2),(1,2)",,0,0.0000
1088,LM01260820000156,Approved,2026-08-20T03:34:34+08:00,2026-08-20T03:35:50+08:00,107.05,PRT_L1,83,362.17,1018654.92628,141,146,30060.0000,32180.0000,0.0000,0.0000,32180.0000,"1,3,6","8,2","(3,1),(6,2),(2,2)",,0,0.0000
1089,LM01260820000155,Approved,2026-08-20T03:33:20+08:00,2026-08-20T03:34:29+08:00,26.37,PRT_L1,82,338.57,1018532.10128,143,141,27762.5000,7320.0000,0.0000,0.0000,7320.0000,"1,2,6","8,2","(4,2),(9,1),(7,2)",,0,0.0000
1090,LM01260820000154,Approved,2026-08-20T03:32:03+08:00,2026-08-20T03:33:15+08:00,88.10,PRT_L1,84,347.41,1018422.00128,147,145,29182.5000,25710.0000,0.0000,0.0000,25710.0000,"1,1,6","7,6","(1,1),(7,2),(6,2)",,0,0.0000
1091,LM01260820000153,Approved,2026-08-20T03:30:44+08:00,2026-08-20T03:31:58+08:00,41.38,PRT_L1,87,208.07,1018305.00128,162,155,18102.5000,7490.0000,0.0000,0.0000,7490.0000,"4,7,8","2,3","(7,1),(2,2),(5,2)",,0,0.0000
1092,LM01260820000152,Approved,2026-08-20T03:29:28+08:00,2026-08-20T03:30:39+08:00,66.55,PRT_L1,93,214.89,1018224.67628,164,164,19985.0000,13300.0000,0.0000,0.0000,13300.0000,"1,1,5","5,7","(6,2),(4,2),(8,2)",,0,0.0000
1093,LM01260820000151,Approved,2026-08-20T03:28:17+08:00,2026-08-20T03:29:23+08:00,48.86,PRT_L1,88,197.59,1018136.85128,160,166,17387.5000,8495.0000,0.0000,0.0000,8495.0000,"2,8,8","9,6","(4,2),(5,2),(1,2)",,0,0.0000
1094,LM01260820000150,Approved,2026-08-20T03:24:52+08:00,2026-08-20T03:28:12+08:00,385.15,PRT_L1,80,276.59,1018060.62628,152,158,22127.5000,72800.0000,12425.0000,0.0000,85225.0000,"3,3,3","7,9","(8,1),(2,2),(3,2)","result:(3,4),(2,4),(2,4)",0,0.0000
1095,LM01260820000149,Approved,2026-08-20T03:23:37+08:00,2026-08-20T03:24:47+08:00,34.93,PRT_L1,93,291.21,1017962.37628,165,158,27082.5000,9460.0000,0.0000,0.0000,9460.0000,"2,2,8","3,5","(3,2),(5,2),(1,1)",,0,0.0000
1096,LM01260820000148,Approved,2026-08-20T03:22:18+08:00,2026-08-20T03:23:32+08:00,76.08,PRT_L1,93,319.97,1017835.90128,161,163,29757.5000,22640.0000,0.0000,0.0000,22640.0000,"1,2,9","5,1","(5,2),(1,2),(4,1)",,0,0.0000
1097,LM01260820000147,Approved,2026-08-20T03:21:03+08:00,2026-08-20T03:22:13+08:00,177.54,PRT_L1,90,318.83,1017697.72628,154,160,28695.0000,50945.0000,0.0000,0.0000,50945.0000,"3,6,6","1,7","(5,1),(7,2),(4,2)",,0,0.0000
1098,LM01260820000146,Approved,2026-08-20T03:19:46+08:00,2026-08-20T03:20:58+08:00,86.32,PRT_L1,86,324.24,1017565.32628,151,157,27885.0000,24070.0000,0.0000,0.0000,24070.0000,"3,5,6","8,3","(6,2),(2,2),(8,2)",,0,0.0000
1099,LM01260820000145,Approved,2026-08-20T03:18:27+08:00,2026-08-20T03:19:41+08:00,84.81,PRT_L1,91,344.92,1017434.40128,151,160,31387.5000,26620.0000,0.0000,0.0000,26620.0000,"1,7,9","8,2","(7,2),(9,2),(8,2)",,0,0.0000
1100,LM01260820000144,Approved,2026-08-20T03:17:13+08:00,2026-08-20T03:18:22+08:00,137.50,PRT_L1,91,322.31,1017289.72628,158,151,29330.0000,40330.0000,0.0000,0.0000,40330.0000,"1,5,9","9,2","(5,1),(3,2),(9,2)",,0,0.0000
1101,LM01260820000143,Approved,2026-08-20T03:15:56+08:00,2026-08-20T03:17:08+08:00,153.07,PRT_L1,91,267.06,1017155.60128,155,158,24302.5000,37200.0000,0.0000,0.0000,37200.0000,"2,6,9","4,6","(9,1),(6,2),(4,2)",,0,0.0000
1102,LM01260820000142,Approved,2026-08-20T03:14:38+08:00,2026-08-20T03:15:51+08:00,104.17,PRT_L1,85,252.91,1017045.37628,157,161,21497.5000,22395.0000,0.0000,0.0000,22395.0000,"3,3,8","7,2","(8,2),(1,1),(5,2)",,0,0.0000
1103,LM01260820000141,Approved,2026-08-20T03:13:26+08:00,2026-08-20T03:14:33+08:00,83.62,PRT_L1,87,245.37,1016949.45128,162,158,21347.5000,17850.0000,0.0000,0.0000,17850.0000,"2,3,9","4,1","(6,2),(8,2),(7,1)",,0,0.0000
1104,LM01260820000140,Approved,2026-08-20T03:12:14+08:00,2026-08-20T03:13:21+08:00,20.04,PRT_L1,82,226.95,1016850.80128,151,160,18610.0000,3730.0000,0.0000,0.0000,3730.0000,"1,2,4","9,3","(8,2),(6,2),(7,1)",,0,0.0000
1105,LM01260820000139,Approved,2026-08-20T03:10:53+08:00,2026-08-20T03:12:09+08:00,69.58,PRT_L1,85,262.06,1016767.05128,155,159,22275.0000,15500.0000,0.0000,0.0000,15500.0000,"2,2,6","9,2","(5,2),(7,2),(1,2)",,0,0.0000
1106,LM01260820000138,Approved,2026-08-20T03:09:42+08:00,2026-08-20T03:10:48+08:00,42.07,PRT_L1,80,542.53,1016667.37628,145,158,43402.5000,18260.0000,0.0000,0.0000,18260.0000,"4,7,7","7,4","(7,2),(3,1),(8,2)",,0,0.0000
1107,LM01260820000137,Approved,2026-08-20T03:06:57+08:00,2026-08-20T03:09:37+08:00,835.67,PRT_L1,74,507.80,1016467.95128,149,143,37577.5000,132250.0000,181775.0000,0.0000,314025.0000,"9,9,9","6,7","(4,2),(9,2),(5,2)","result:(1,2),(1,3),(1,3)",0,0.0000
1108,LM01260820000136,Approved,2026-08-20T03:05:44+08:00,2026-08-20T03:06:52+08:00,16.51,PRT_L1,79,499.49,1016290.32628,146,151,39460.0000,6515.0000,0.0000,0.0000,6515.0000,"2,2,7","1,5","(4,2),(5,2),(2,1)",,0,0.0000
1109,LM01260820000135,Approved,2026-08-20T03:04:29+08:00,2026-08-20T03:05:39+08:00,185.66,PRT_L1,80,489.56,1016103.45128,155,146,39165.0000,72715.0000,0.0000,0.0000,72715.0000,"3,3,6","6,8","(4,2),(1,2),(7,1)",,0,0.0000
1110,LM01260820000134,Approved,2026-08-20T03:03:13+08:00,2026-08-20T03:04:24+08:00,95.52,PRT_L1,84,475.98,1015917.92628,149,154,39982.5000,38190.0000,0.0000,0.0000,38190.0000,"6,7,8","8,7","(8,2),(6,1),(4,2)",,0,0.0000
1111,LM01260820000133,Approved,2026-08-20T03:01:57+08:00,2026-08-20T03:03:08+08:00,20.45,PRT_L1,88,438.66,1015729.30128,164,155,38602.5000,7895.0000,0.0000,0.0000,7895.0000,"4,5,5","4,9","(9,2),(2,1),(1,2)",,0,0.0000
1112,LM01260820000132,Approved,2026-08-20T03:00:41+08:00,2026-08-20T03:01:52+08:00,9.54,PRT_L1,95,425.76,1015544.17628,170,164,40447.5000,3860.0000,0.0000,0.0000,3860.0000,"4,5,7","7,1","(5,2),(1,2),(2,2)",,0,0.0000
1113,LM01260820000131,Approved,2026-08-20T02:59:26+08:00,2026-08-20T03:00:36+08:00,239.99,PRT_L1,96,457.79,1015351.42628,165,173,43947.5000,105470.0000,0.0000,0.0000,105470.0000,"6,9,9","3,7","(9,2),(1,1),(7,2)",,0,0.0000
1114,LM01260820000130,Approved,2026-08-20T02:58:09+08:00,2026-08-20T02:59:21+08:00,93.00,PRT_L1,87,476.81,1015150.57628,161,167,41482.5000,38580.0000,0.0000,0.0000,38580.0000,"2,5,9","2,4","(6,2),(5,1),(2,2)",,0,0.0000
1115,LM01260820000129,Approved,2026-08-20T02:57:00+08:00,2026-08-20T02:58:04+08:00,118.15,PRT_L1,88,344.09,1014957.20128,159,165,30280.0000,35775.0000,0.0000,0.0000,35775.0000,"3,3,7","9,1","(1,2),(8,2),(7,1)",,0,0.0000
1116,LM01260820000128,Approved,2026-08-20T02:55:11+08:00,2026-08-20T02:56:55+08:00,89.66,PRT_L1,83,355.30,1014824.95128,150,162,29490.0000,26440.0000,0.0000,0.0000,26440.0000,"2,3,9","2,4","(8,2),(6,2),(1,1)",,0,0.0000
1117,LM01260820000127,Approved,2026-08-20T02:53:54+08:00,2026-08-20T02:55:06+08:00,198.70,PRT_L1,106,348.00,1014692.07628,167,165,36887.5000,73295.0000,0.0000,0.0000,73295.0000,"3,6,6","4,8","(1,2),(5,1),(3,2)",,0,0.0000
1118,LM01260820000126,Approved,2026-08-20T02:52:38+08:00,2026-08-20T02:53:49+08:00,40.17,PRT_L1,110,322.75,1014537.07628,178,174,35502.5000,14260.0000,0.0000,0.0000,14260.0000,"3,8,8","4,6","(4,2),(9,2),(1,2)",,0,0.0000
1119,LM01260820000125,Approved,2026-08-20T02:51:18+08:00,2026-08-20T02:52:33+08:00,69.85,PRT_L1,117,335.04,1014385.22628,192,182,39200.0000,27380.0000,0.0000,0.0000,27380.0000,"1,2,9","8,2","(4,2),(6,3),(2,1)",,0,0.0000
1120,LM01260820000124,Approved,2026-08-20T02:47:55+08:00,2026-08-20T02:51:13+08:00,116.84,PRT_L1,103,452.04,1014220.90128,174,192,46560.0000,43500.0000,10900.0000,0.0000,54400.0000,"3,3,3","5,8","(1,2),(4,2),(7,1)","result:(2,3),(2,4),(1,4),(2,3)",0,0.0000
1121,LM01260820000123,Approved,2026-08-20T02:46:37+08:00,2026-08-20T02:47:50+08:00,85.21,PRT_L1,108,498.10,1014010.42628,187,182,53795.0000,45840.0000,0.0000,0.0000,45840.0000,"4,5,7","2,7","(5,2),(2,2),(1,2)",,0,0.0000
1122,LM01260820000122,Approved,2026-08-20T02:45:21+08:00,2026-08-20T02:46:32+08:00,151.65,PRT_L1,111,463.81,1013777.30128,184,191,51482.5000,78075.0000,0.0000,0.0000,78075.0000,"4,6,6","1,9","(3,1),(9,2),(4,2)",,0,0.0000
1123,LM01260820000121,Approved,2026-08-20T02:43:56+08:00,2026-08-20T02:45:16+08:00,83.34,PRT_L1,112,367.05,1013552.67628,189,193,41110.0000,34260.0000,0.0000,0.0000,34260.0000,"5,5,6","8,7","(1,2),(3,2),(5,2)",,0,0.0000
1124,LM01260820000120,Approved,2026-08-20T02:42:28+08:00,2026-08-20T02:43:51+08:00,152.72,PRT_L1,114,452.79,1013363.77628,177,191,51617.5000,78830.0000,0.0000,0.0000,78830.0000,"3,6,9","8,4","(3,2),(7,1),(6,2)",,0,0.0000
1125,LM01260820000119,Approved,2026-08-20T02:41:09+08:00,2026-08-20T02:42:23+08:00,53.70,PRT_L1,98,353.42,1013138.22628,172,175,34635.0000,18600.0000,0.0000,0.0000,18600.0000,"3,3,8","1,9","(1,1),(6,2),(5,2)",,0,0.0000
1126,LM01260820000118,Approved,2026-08-20T02:39:48+08:00,2026-08-20T02:41:04+08:00,536.63,PRT_L1,97,401.49,1012983.55128,177,172,38945.0000,208990.0000,0.0000,0.0000,208990.0000,"6,6,9","9,6","(6,2),(7,1),(2,2)",,0,0.0000
1127,LM01260820000117,Approved,2026-08-20T02:38:34+08:00,2026-08-20T02:39:43+08:00,53.35,PRT_L1,97,337.81,1012801.65128,169,178,32767.5000,17480.0000,0.0000,0.0000,17480.0000,"1,2,3","5,3","(6,2),(1,2),(7,1)",,0,0.0000
1128,LM01260820000116,Approved,2026-08-20T02:37:17+08:00,2026-08-20T02:38:29+08:00,40.37,PRT_L1,92,257.93,1012664.85128,178,167,23730.0000,9580.0000,0.0000,0.0000,9580.0000,"1,2,3","4,8","(8,2),(6,2),(7,2)",,0,0.0000
1129,LM01260820000115,Approved,2026-08-20T02:35:55+08:00,2026-08-20T02:37:12+08:00,103.39,PRT_L1,96,294.14,1012558.97628,177,178,28237.5000,29195.0000,0.0000,0.0000,29195.0000,"3,3,6","1,4","(1,1),(6,2),(7,2)",,0,0.0000
1130,LM01260820000114,Approved,2026-08-20T02:34:41+08:00,2026-08-20T02:35:50+08:00,114.18,PRT_L1,101,257.90,1012438.87628,171,180,26047.5000,29740.0000,0.0000,0.0000,29740.0000,"6,7,8","3,6","(7,1),(4,2),(8,2)",,0,0.0000
1131,LM01260820000113,Approved,2026-08-20T02:33:23+08:00,2026-08-20T02:34:36+08:00,118.93,PRT_L1,111,254.82,1012323.95128,192,176,28285.0000,33640.0000,0.0000,0.0000,33640.0000,"3,4,6","6,5","(1,1),(7,2),(8,2)",,0,0.0000
1132,LM01260820000112,Approved,2026-08-20T02:32:09+08:00,2026-08-20T02:33:18+08:00,101.60,PRT_L1,116,263.19,1012197.72628,196,197,30530.0000,31020.0000,0.0000,0.0000,31020.0000,"1,3,6","1,4","(9,1),(7,2),(1,2)",,0,0.0000
1133,LM01260820000111,Approved,2026-08-20T02:30:52+08:00,2026-08-20T02:32:04+08:00,32.89,PRT_L1,117,240.41,1012065.40128,201,196,28127.5000,9250.0000,0.0000,0.0000,9250.0000,"2,4,4","3,1","(7,1),(1,2),(3,2)",,0,0.0000
1134,LM01260820000110,Approved,2026-08-20T02:29:36+08:00,2026-08-20T02:30:47+08:00,39.70,PRT_L1,121,238.37,1011942.75128,213,208,28842.5000,11450.0000,0.0000,0.0000,11450.0000,"1,2,7","7,8","(3,2),(8,2),(7,1)",,0,0.0000
1135,LM01260820000109,Approved,2026-08-20T02:28:22+08:00,2026-08-20T02:29:31+08:00,112.15,PRT_L1,121,263.66,1011816.62628,208,216,31902.5000,35780.0000,0.0000,0.0000,35780.0000,"1,6,7","2,6","(2,1),(3,2),(9,2)",,0,0.0000
1136,LM01260820000108,Approved,2026-08-20T02:27:05+08:00,2026-08-20T02:28:17+08:00,107.71,PRT_L1,124,264.38,1011680.07628,215,214,32782.5000,35310.0000,0.0000,0.0000,35310.0000,"2,7,9","8,9","(2,2),(1,2),(4,1)",,0,0.0000
1137,LM01260820000107,Approved,2026-08-20T02:25:16+08:00,2026-08-20T02:27:00+08:00,65.08,PRT_L1,131,331.37,1011541.77628,211,211,43410.0000,28250.0000,0.0000,0.0000,28250.0000,"1,4,6","3,5","(1,1),(7,2),(6,2)",,0,0.0000
1138,LM01260820000106,Approved,2026-08-20T02:24:02+08:00,2026-08-20T02:25:11+08:00,51.27,PRT_L1,130,427.27,1011365.27628,217,225,55545.0000,28480.0000,0.0000,0.0000,28480.0000,"1,2,3","4,5","(9,1),(7,2),(5,2)",,0,0.0000
1139,LM01260820000105,Approved,2026-08-20T02:22:46+08:00,2026-08-20T02:23:57+08:00,165.54,PRT_L1,124,427.68,1011129.92628,207,215,53032.5000,87790.0000,0.0000,0.0000,87790.0000,"3,3,7","7,3","(8,3),(1,1),(6,2)",,0,0.0000
1140,LM01260820000104,Approved,2026-08-20T02:21:28+08:00,2026-08-20T02:22:41+08:00,162.79,PRT_L1,124,316.53,1010905.75128,205,212,39250.0000,63895.0000,0.0000,0.0000,63895.0000,"3,3,5","2,5","(3,2),(5,1),(6,3)",,0,0.0000
1141,LM01260820000103,Approved,2026-08-20T02:20:11+08:00,2026-08-20T02:21:23+08:00,143.19,PRT_L1,115,324.48,1010733.27628,210,210,37315.0000,53430.0000,0.0000,0.0000,53430.0000,"3,6,7","6,4","(2,2),(7,2),(5,1)",,0,0.0000
1142,LM01260820000102,Approved,2026-08-20T02:18:53+08:00,2026-08-20T02:20:06+08:00,90.30,PRT_L1,119,280.86,1010568.97628,210,217,33422.5000,30180.0000,0.0000,0.0000,30180.0000,"3,6,8","1,8","(2,2),(4,2),(7,2)",,0,0.0000
1143,LM01260820000101,Approved,2026-08-20T02:17:36+08:00,2026-08-20T02:18:48+08:00,102.28,PRT_L1,127,268.90,1010425.92628,212,211,34150.0000,34930.0000,0.0000,0.0000,34930.0000,"6,7,9","5,1","(8,2),(7,2),(9,1)",,0,0.0000
1144,LM01260820000100,Approved,2026-08-20T02:16:21+08:00,2026-08-20T02:17:31+08:00,114.33,PRT_L1,119,315.11,1010278.82628,202,210,37497.5000,42870.0000,0.0000,0.0000,42870.0000,"1,1,3","1,5","(1,1),(4,2),(5,2)",,0,0.0000
1145,LM01260820000099,Approved,2026-08-20T02:15:07+08:00,2026-08-20T02:16:16+08:00,42.29,PRT_L1,116,386.29,1010124.17628,199,206,44810.0000,18950.0000,0.0000,0.0000,18950.0000,"1,2,8","4,8","(1,2),(7,2),(6,1)",,0,0.0000
1146,LM01260820000098,Approved,2026-08-20T02:13:53+08:00,2026-08-20T02:15:02+08:00,60.04,PRT_L1,116,522.63,1009945.05128,207,197,60625.0000,36400.0000,0.0000,0.0000,36400.0000,"1,2,4","1,2","(8,2),(5,2),(9,1)",,0,0.0000
1147,LM01260820000097,Approved,2026-08-20T02:12:36+08:00,2026-08-20T02:13:48+08:00,181.55,PRT_L1,113,234.73,1009686.95128,206,208,26525.0000,48155.0000,0.0000,0.0000,48155.0000,"3,3,9","3,2","(3,1),(8,2),(4,2)",,0,0.0000
1148,LM01260820000096,Approved,2026-08-20T02:11:20+08:00,2026-08-20T02:12:31+08:00,160.52,PRT_L1,117,310.68,1009573.72628,194,206,36350.0000,58350.0000,0.0000,0.0000,58350.0000,"4,9,9","7,5","(4,2),(1,2),(5,2)",,0,0.0000
1149,LM01260820000095,Approved,2026-08-20T02:10:10+08:00,2026-08-20T02:11:15+08:00,206.68,PRT_L1,105,324.40,1009411.00128,195,200,34062.5000,70400.0000,0.0000,0.0000,70400.0000,"3,3,6","3,2","(6,1),(4,2),(3,2)",,0,0.0000
1150,LM01260820000094,Approved,2026-08-20T02:08:50+08:00,2026-08-20T02:10:05+08:00,66.79,PRT_L1,110,237.23,1009257.90128,199,192,26095.0000,17430.0000,0.0000,0.0000,17430.0000,"3,5,5","2,3","(9,2),(4,1),(2,2)",,0,0.0000
1151,LM01260820000093,Approved,2026-08-20T02:07:29+08:00,2026-08-20T02:08:45+08:00,79.75,PRT_L1,112,320.31,1009144.47628,189,207,35875.0000,28610.0000,0.0000,0.0000,28610.0000,"3,5,6","2,7","(9,2),(2,2),(1,2)",,0,0.0000
1152,LM01260820000092,Approved,2026-08-20T02:06:13+08:00,2026-08-20T02:07:24+08:00,100.90,PRT_L1,102,333.58,1008981.17628,200,192,34025.0000,34330.0000,0.0000,0.0000,34330.0000,"3,4,9","6,4","(3,2),(1,1),(8,2)",,0,0.0000
1153,LM01260820000091,Approved,2026-08-20T02:04:56+08:00,2026-08-20T02:06:08+08:00,37.91,PRT_L1,109,277.34,1008824.12628,196,203,30230.0000,11460.0000,0.0000,0.0000,11460.0000,"2,3,8","4,1","(8,1),(2,2),(7,3)",,0,0.0000
1154,LM01260820000090,Approved,2026-08-20T02:03:42+08:00,2026-08-20T02:04:51+08:00,165.63,PRT_L1,105,253.79,1008685.70128,209,194,26647.5000,44135.0000,0.0000,0.0000,44135.0000,"6,6,8","9,4","(4,1),(7,2),(6,2)",,0,0.0000
1155,LM01260820000089,Approved,2026-08-20T02:02:28+08:00,2026-08-20T02:03:37+08:00,117.58,PRT_L1,102,261.94,1008561.70128,193,212,26717.5000,31415.0000,0.0000,0.0000,31415.0000,"3,3,8","2,5","(3,2),(5,2),(9,1)",,0,0.0000
1156,LM01260820000088,Approved,2026-08-20T02:01:17+08:00,2026-08-20T02:02:23+08:00,43.59,PRT_L1,119,226.53,1008437.40128,206,196,26957.5000,11750.0000,0.0000,0.0000,11750.0000,"4,8,8","2,4","(6,2),(3,2),(1,2)",,0,0.0000
1157,LM01260820000087,Approved,2026-08-20T02:00:01+08:00,2026-08-20T02:01:12+08:00,62.65,PRT_L1,121,230.33,1008316.00128,210,207,27870.0000,17460.0000,0.0000,0.0000,17460.0000,"3,4,5","1,2","(5,2),(9,2),(1,1)",,0,0.0000
1158,LM01260820000086,Approved,2026-08-20T01:58:47+08:00,2026-08-20T01:59:56+08:00,63.13,PRT_L1,120,198.15,1008188.32628,209,212,23777.5000,15010.0000,0.0000,0.0000,15010.0000,"4,6,8","9,3","(1,2),(7,2),(8,1)",,0,0.0000
1159,LM01260820000085,Approved,2026-08-20T01:57:30+08:00,2026-08-20T01:58:42+08:00,46.68,PRT_L1,123,292.24,1008081.77628,223,209,35945.0000,16780.0000,0.0000,0.0000,16780.0000,"4,8,8","8,7","(5,2),(1,1),(4,3)",,0,0.0000
1160,LM01260820000084,Approved,2026-08-20T01:55:15+08:00,2026-08-20T01:57:25+08:00,99.18,PRT_L1,127,269.88,1007929.72628,213,230,34275.0000,33995.0000,0.0000,0.0000,33995.0000,"6,6,7","9,7","(3,2),(6,1),(7,2)",,0,0.0000
1161,LM01260820000083,Approved,2026-08-20T01:51:33+08:00,2026-08-20T01:55:10+08:00,138.33,PRT_L1,147,291.50,1007785.27628,248,223,42850.0000,28650.0000,30625.0000,21487.0000,80762.0000,"7,7,7","9,2","(7,2),(2,1),(1,2)","result:(1,2),(2,3),(2,4),(2,4),(2,4)",1,565.4474
1162,LM01260820000082,Approved,2026-08-20T01:50:19+08:00,2026-08-20T01:51:28+08:00,68.91,PRT_L1,149,298.32,1029082.90128,237,253,44450.0000,30630.0000,0.0000,0.0000,30630.0000,"3,6,8","1,5","(2,2),(1,1),(5,2)",,0,0.0000
1163,LM01260820000081,Approved,2026-08-20T01:49:01+08:00,2026-08-20T01:50:14+08:00,152.33,PRT_L1,137,381.88,1028886.22628,221,236,52317.5000,79695.0000,0.0000,0.0000,79695.0000,"3,3,7","9,7","(3,2),(7,2),(2,2)",,0,0.0000
1164,LM01260820000080,Approved,2026-08-20T01:47:45+08:00,2026-08-20T01:48:56+08:00,42.76,PRT_L1,134,290.60,1028648.57628,228,229,38940.0000,16650.0000,0.0000,0.0000,16650.0000,"2,2,8","2,8","(2,2),(9,2),(6,2)",,0,0.0000
1165,LM01260820000079,Approved,2026-08-20T01:46:27+08:00,2026-08-20T01:47:40+08:00,212.14,PRT_L1,137,294.64,1028476.55128,225,230,40365.0000,85630.0000,0.0000,0.0000,85630.0000,"2,6,9","9,7","(9,2),(7,1),(3,2)",,0,0.0000
1166,LM01260820000078,Approved,2026-08-20T01:45:17+08:00,2026-08-20T01:46:22+08:00,103.85,PRT_L1,137,287.76,1028297.37628,233,230,39422.5000,40940.0000,0.0000,0.0000,40940.0000,"3,6,8","3,5","(7,2),(2,1),(4,2)",,0,0.0000
1167,LM01260820000077,Approved,2026-08-20T01:43:57+08:00,2026-08-20T01:45:12+08:00,40.92,PRT_L1,143,283.86,1028123.30128,237,240,40592.5000,16610.0000,0.0000,0.0000,16610.0000,"1,3,5","2,4","(8,1),(7,2),(2,2)",,0,0.0000
1168,LM01260820000076,Approved,2026-08-20T01:42:48+08:00,2026-08-20T01:43:52+08:00,147.02,PRT_L1,138,244.96,1027948.05128,221,232,33805.0000,49700.0000,0.0000,0.0000,49700.0000,"2,6,9","5,7","(9,1),(6,2),(3,2)",,0,0.0000
1169,LM01260820000075,Approved,2026-08-20T01:41:33+08:00,2026-08-20T01:42:43+08:00,73.42,PRT_L1,136,275.50,1027802.15128,224,231,37467.5000,27510.0000,0.0000,0.0000,27510.0000,"5,5,8","8,5","(6,2),(2,2),(4,1)",,0,0.0000
1170,LM01260820000074,Approved,2026-08-20T01:40:19+08:00,2026-08-20T01:41:28+08:00,327.05,PRT_L1,134,268.54,1027638.05128,225,222,35985.0000,117690.0000,0.0000,0.0000,117690.0000,"7,9,9","9,4","(6,2),(3,1),(2,2)",,0,0.0000
1171,LM01260820000073,Approved,2026-08-20T01:39:00+08:00,2026-08-20T01:40:14+08:00,17.84,PRT_L1,143,257.08,1027480.57628,232,233,36762.5000,6560.0000,0.0000,0.0000,6560.0000,"2,4,5","7,5","(2,1),(6,2),(7,2)",,0,0.0000
1172,LM01260820000072,Approved,2026-08-20T01:37:46+08:00,2026-08-20T01:38:55+08:00,154.06,PRT_L1,149,245.05,1027319.47628,233,240,36512.5000,56250.0000,0.0000,0.0000,56250.0000,"6,6,9","2,1","(4,1),(6,2),(5,2)",,0,0.0000
1173,LM01260820000071,Approved,2026-08-20T01:35:06+08:00,2026-08-20T01:37:41+08:00,885.36,PRT_L1,137,274.74,1027158.77628,231,235,37640.0000,283000.0000,50250.0000,0.0000,333250.0000,"9,9,9","9,3","(4,2),(1,1),(9,2)","result:(1,3),(1,4),(1,2)",0,0.0000
1174,LM01260820000070,Approved,2026-08-20T01:33:49+08:00,2026-08-20T01:35:01+08:00,107.17,PRT_L1,141,261.01,1026992.45128,228,230,36802.5000,39440.0000,0.0000,0.0000,39440.0000,"3,6,8","1,6","(5,2),(9,2),(4,2)",,0,0.0000
1175,LM01260820000069,Approved,2026-08-20T01:32:36+08:00,2026-08-20T01:33:44+08:00,243.76,PRT_L1,137,235.60,1026829.55128,222,223,32277.5000,78680.0000,0.0000,0.0000,78680.0000,"3,5,9","1,9","(4,2),(9,2),(3,2)",,0,0.0000
1176,LM01260820000068,Approved,2026-08-20T01:31:25+08:00,2026-08-20T01:32:31+08:00,97.75,PRT_L1,129,227.09,1026689.67628,224,233,29295.0000,28635.0000,0.0000,0.0000,28635.0000,"6,6,7","7,2","(8,1),(4,2),(3,2)",,0,0.0000
1177,LM01260820000067,Approved,2026-08-20T01:30:08+08:00,2026-08-20T01:31:20+08:00,158.02,PRT_L1,123,227.05,1026564.90128,207,220,27927.5000,44130.0000,0.0000,0.0000,44130.0000,"3,4,9","5,4","(4,2),(5,1),(3,2)",,0,0.0000
1178,LM01260820000066,Approved,2026-08-20T01:28:49+08:00,2026-08-20T01:30:03+08:00,138.69,PRT_L1,116,224.33,1026446.52628,200,207,26022.5000,36090.0000,0.0000,0.0000,36090.0000,"1,3,8","1,9","(9,1),(1,2),(3,2)",,0,0.0000
1179,LM01260820000065,Approved,2026-08-20T01:27:01+08:00,2026-08-20T01:28:44+08:00,289.20,PRT_L1,117,186.37,1026337.72628,194,203,21805.0000,63060.0000,0.0000,0.0000,63060.0000,"3,9,9","9,1","(1,2),(3,2),(5,2)",,0,0.0000
1180,LM01260820000064,Approved,2026-08-20T01:24:03+08:00,2026-08-20T01:26:56+08:00,333.56,PRT_L1,118,184.00,1026250.07628,200,205,21712.5000,50550.0000,21875.0000,0.0000,72425.0000,"9,9,9","3,2","(2,2),(8,1),(1,2)","result:(1,2),(3,4),(2,3)",0,0.0000
1181,LM01260820000063,Approved,2026-08-20T01:22:43+08:00,2026-08-20T01:23:58+08:00,51.88,PRT_L1,120,165.44,1026161.25128,208,204,19852.5000,10300.0000,0.0000,0.0000,10300.0000,"4,7,7","7,3","(7,2),(9,2),(2,1)",,0,0.0000
1182,LM01260820000062,Approved,2026-08-20T01:21:27+08:00,2026-08-20T01:22:38+08:00,126.17,PRT_L1,131,103.03,1026082.50128,199,217,13497.5000,17030.0000,0.0000,0.0000,17030.0000,"3,7,9","7,8","(3,2),(8,2),(1,1)",,0,0.0000
1183,LM01260820000061,Approved,2026-08-20T01:20:11+08:00,2026-08-20T01:21:22+08:00,74.44,PRT_L1,133,104.74,1026021.02628,204,203,13930.0000,10370.0000,0.0000,0.0000,10370.0000,"1,2,6","5,1","(3,2),(2,2),(7,1)",,0,0.0000
1184,LM01260820000060,Approved,2026-08-20T01:18:51+08:00,2026-08-20T01:20:06+08:00,54.52,PRT_L1,125,98.46,1025959.40128,200,206,12307.5000,6710.0000,0.0000,0.0000,6710.0000,"1,5,8","6,4","(1,2),(8,1),(4,2)",,0,0.0000
1185,LM01260820000059,Approved,2026-08-20T01:17:37+08:00,2026-08-20T01:18:46+08:00,89.08,PRT_L1,128,93.14,1025905.57628,209,209,11922.5000,10620.0000,0.0000,0.0000,10620.0000,"5,5,8","5,2","(4,2),(7,2),(6,1)",,0,0.0000
1186,LM01260820000058,Approved,2026-08-20T01:16:18+08:00,2026-08-20T01:17:32+08:00,91.35,PRT_L1,127,127.66,1025852.17628,206,214,16212.5000,14810.0000,0.0000,0.0000,14810.0000,"1,3,3","5,4","(9,2),(8,2),(3,2)",,0,0.0000
1187,LM01260820000057,Approved,2026-08-20T01:15:02+08:00,2026-08-20T01:16:13+08:00,126.17,PRT_L1,128,125.14,1025778.47628,218,210,16017.5000,20210.0000,0.0000,0.0000,20210.0000,"2,8,8","8,9","(7,1),(3,2),(6,2)",,0,0.0000
1188,LM01260820000056,Approved,2026-08-20T01:13:48+08:00,2026-08-20T01:14:57+08:00,72.54,PRT_L1,136,101.16,1025706.17628,219,223,13757.5000,9980.0000,0.0000,0.0000,9980.0000,"1,2,7","1,4","(7,1),(9,2),(8,2)",,0,0.0000
1189,LM01260820000055,Approved,2026-08-20T01:12:28+08:00,2026-08-20T01:13:43+08:00,97.51,PRT_L1,127,97.22,1025643.00128,210,225,12347.5000,12040.0000,0.0000,0.0000,12040.0000,"1,3,4","4,1","(5,2),(4,1),(6,2)",,0,0.0000
1190,LM01260820000054,Approved,2026-08-20T01:11:09+08:00,2026-08-20T01:12:23+08:00,119.96,PRT_L1,126,88.79,1025588.85128,208,217,11187.5000,13420.0000,0.0000,0.0000,13420.0000,"2,8,9","8,4","(8,1),(4,2),(9,3)",,0,0.0000
1191,LM01260820000053,Approved,2026-08-20T01:09:54+08:00,2026-08-20T01:11:04+08:00,77.61,PRT_L1,116,99.63,1025540.07628,202,210,11557.5000,8970.0000,0.0000,0.0000,8970.0000,"2,5,7","7,2","(1,3),(7,1),(3,2)",,0,0.0000
1192,LM01260820000052,Approved,2026-08-20T01:08:41+08:00,2026-08-20T01:09:49+08:00,47.39,PRT_L1,117,108.40,1025489.57628,203,206,12682.5000,6010.0000,0.0000,0.0000,6010.0000,"1,6,7","8,9","(5,1),(3,2),(8,3)",,0,0.0000
1193,LM01260820000051,Approved,2026-08-20T01:07:28+08:00,2026-08-20T01:08:36+08:00,61.09,PRT_L1,121,99.57,1025433.47628,195,211,12047.5000,7360.0000,0.0000,0.0000,7360.0000,"3,4,6","8,7","(5,2),(1,2),(8,1)",,0,0.0000
1194,LM01260820000050,Approved,2026-08-20T01:06:14+08:00,2026-08-20T01:07:23+08:00,70.42,PRT_L1,127,93.25,1025381.35128,212,202,11842.5000,8340.0000,0.0000,0.0000,8340.0000,"2,6,9","8,4","(6,2),(8,1),(5,2)",,0,0.0000
1195,LM01260820000049,Approved,2026-08-20T01:04:57+08:00,2026-08-20T01:06:09+08:00,35.72,PRT_L1,131,236.01,1025330.85128,218,215,30917.5000,11045.0000,0.0000,0.0000,11045.0000,"1,1,3","5,7,8","(2,2),(6,1),(3,2)",,0,0.0000
1196,LM01260820000048,Approved,2026-08-20T01:03:36+08:00,2026-08-20T01:04:52+08:00,323.78,PRT_L1,139,180.56,1025209.37628,217,220,25097.5000,81260.0000,0.0000,0.0000,81260.0000,"4,4,8","8,6","(4,1),(1,2),(7,2)",,0,0.0000
1197,LM01260820000047,Approved,2026-08-20T01:02:22+08:00,2026-08-20T01:03:31+08:00,60.82,PRT_L1,150,162.77,1025110.85128,235,227,24415.0000,14850.0000,0.0000,0.0000,14850.0000,"2,6,6","8,3","(8,1),(1,2),(2,2)",,0,0.0000
1198,LM01260820000046,Approved,2026-08-20T01:01:09+08:00,2026-08-20T01:02:17+08:00,47.39,PRT_L1,161,189.80,1025013.87628,244,241,30557.5000,14480.0000,0.0000,0.0000,14480.0000,"1,4,6","7,5","(3,2),(9,2),(5,1)",,0,0.0000
1199,LM01260820000045,Approved,2026-08-20T00:59:48+08:00,2026-08-20T01:01:04+08:00,99.20,PRT_L1,154,178.96,1024889.55128,248,243,27560.0000,27340.0000,0.0000,0.0000,27340.0000,"5,6,8","7,3","(5,2),(4,2),(9,1)",,0,0.0000
1200,LM01260820000044,Approved,2026-08-20T00:57:28+08:00,2026-08-20T00:59:43+08:00,72.02,PRT_L1,157,268.63,1024776.10128,249,255,42175.0000,29700.0000,675.0000,0.0000,30375.0000,"8,8,8","8,5","(2,1),(9,2),(5,2)","result:(1,3),(1,2)",0,0.0000
1201,LM01260820000043,Approved,2026-08-20T00:55:53+08:00,2026-08-20T00:57:23+08:00,79.71,PRT_L1,159,189.43,1024589.00128,248,248,30120.0000,24010.0000,0.0000,0.0000,24010.0000,"5,9,9","7,2","(7,2),(9,1),(5,2)",,0,0.0000
1202,LM01260820000042,Approved,2026-08-20T00:54:38+08:00,2026-08-20T00:55:48+08:00,121.16,PRT_L1,159,198.99,1024454.50128,252,267,31640.0000,38335.0000,0.0000,0.0000,38335.0000,"2,2,4","2,3","(2,1),(1,2),(6,2)",,0,0.0000
1203,LM01260820000041,Approved,2026-08-20T00:53:15+08:00,2026-08-20T00:54:33+08:00,71.83,PRT_L1,168,205.88,1024308.47628,252,255,34587.5000,24845.0000,0.0000,0.0000,24845.0000,"2,2,5","5,9","(7,2),(9,1),(5,2)",,0,0.0000
1204,LM01260820000040,Approved,2026-08-20T00:51:50+08:00,2026-08-20T00:53:10+08:00,153.27,PRT_L1,149,201.69,1024149.05128,230,250,30052.5000,46060.0000,0.0000,0.0000,46060.0000,"3,4,8","3,9","(2,1),(3,2),(5,2)",,0,0.0000
1205,LM01260820000039,Approved,2026-08-20T00:50:32+08:00,2026-08-20T00:51:45+08:00,116.36,PRT_L1,152,176.91,1024010.10128,237,237,26890.0000,31290.0000,0.0000,0.0000,31290.0000,"2,3,9","5,9","(7,2),(5,1),(8,2)",,0,0.0000
1206,LM01260820000038,Approved,2026-08-20T00:49:14+08:00,2026-08-20T00:50:27+08:00,93.31,PRT_L1,155,314.55,1023884.15128,240,235,48755.0000,45495.0000,0.0000,0.0000,45495.0000,"1,1,4","4,9","(1,2),(2,1),(7,2)",,0,0.0000
1207,LM01260820000037,Approved,2026-08-20T00:47:57+08:00,2026-08-20T00:49:09+08:00,78.12,PRT_L1,162,322.22,1023672.50128,253,250,52200.0000,40780.0000,0.0000,0.0000,40780.0000,"3,4,6","9,2","(8,2),(1,1),(5,2)",,0,0.0000
1208,LM01260820000036,Approved,2026-08-20T00:46:35+08:00,2026-08-20T00:47:52+08:00,52.68,PRT_L1,174,228.33,1023449.12628,263,260,39730.0000,20930.0000,0.0000,0.0000,20930.0000,"4,7,8","4,8","(9,2),(8,1),(3,2)",,0,0.0000
1209,LM01260820000035,Approved,2026-08-20T00:45:19+08:00,2026-08-20T00:46:30+08:00,81.71,PRT_L1,168,235.07,1023282.72628,263,271,39492.5000,32270.0000,0.0000,0.0000,32270.0000,"2,4,7","2,3","(3,2),(2,2),(5,2)",,0,0.0000
1210,LM01260820000034,Approved,2026-08-20T00:44:02+08:00,2026-08-20T00:45:14+08:00,203.58,PRT_L1,174,214.44,1023119.02628,271,273,37312.5000,75960.0000,0.0000,0.0000,75960.0000,"6,6,9","4,7","(9,2),(6,1),(7,2)",,0,0.0000
1211,LM01260820000033,Approved,2026-08-20T00:42:43+08:00,2026-08-20T00:43:57+08:00,90.84,PRT_L1,177,187.26,1022967.02628,274,274,33145.0000,30110.0000,0.0000,0.0000,30110.0000,"2,2,3","5,2","(9,3),(8,1),(2,2)",,0,0.0000
1212,LM01260820000032,Approved,2026-08-20T00:41:15+08:00,2026-08-20T00:42:38+08:00,158.11,PRT_L1,176,201.82,1022819.77628,269,272,35520.0000,56160.0000,0.0000,0.0000,56160.0000,"6,6,9","6,1","(9,1),(1,2),(6,2)",,0,0.0000
1213,LM01260820000031,Approved,2026-08-20T00:39:39+08:00,2026-08-20T00:41:10+08:00,82.78,PRT_L1,169,225.38,1022662.05128,257,272,38090.0000,31530.0000,0.0000,0.0000,31530.0000,"2,9,9","4,5","(7,2),(1,1),(9,2)",,0,0.0000
1214,LM01260820000030,Approved,2026-08-20T00:38:22+08:00,2026-08-20T00:39:34+08:00,52.06,PRT_L1,173,289.52,1022489.22628,267,267,50087.5000,26075.0000,0.0000,0.0000,26075.0000,"1,1,2","2,8","(6,2),(8,1),(1,2)",,0,0.0000
1215,LM01260820000029,Approved,2026-08-20T00:37:02+08:00,2026-08-20T00:38:17+08:00,132.12,PRT_L1,172,149.75,1022257.45128,249,269,25757.5000,34030.0000,0.0000,0.0000,34030.0000,"3,8,9","5,8","(3,1),(6,2),(2,2)",,0,0.0000
1216,LM01260820000028,Approved,2026-08-20T00:35:42+08:00,2026-08-20T00:36:57+08:00,87.12,PRT_L1,161,225.90,1022143.30128,248,257,36370.0000,31685.0000,0.0000,0.0000,31685.0000,"3,3,4","1,2","(8,2),(1,1),(5,2)",,0,0.0000
1217,LM01260820000027,Approved,2026-08-20T00:34:31+08:00,2026-08-20T00:35:37+08:00,117.32,PRT_L1,158,208.94,1021975.22628,254,258,33012.5000,38730.0000,0.0000,0.0000,38730.0000,"3,4,9","2,3","(1,2),(3,1),(8,2)",,0,0.0000
1218,LM01260820000026,Approved,2026-08-20T00:33:15+08:00,2026-08-20T00:34:26+08:00,50.04,PRT_L1,170,206.78,1021824.22628,267,263,35152.5000,17590.0000,0.0000,0.0000,17590.0000,"1,7,9","4,2","(7,1),(6,2),(1,2)",,0,0.0000
1219,LM01260820000025,Approved,2026-08-20T00:31:59+08:00,2026-08-20T00:33:10+08:00,100.46,PRT_L1,176,157.34,1021665.52628,278,272,27692.5000,27820.0000,0.0000,0.0000,27820.0000,"3,4,9","2,4","(3,1),(5,2),(6,2)",,0,0.0000
1220,LM01260820000024,Approved,2026-08-20T00:30:48+08:00,2026-08-20T00:31:54+08:00,71.66,PRT_L1,183,164.86,1021545.05128,267,277,30170.0000,21620.0000,0.0000,0.0000,21620.0000,"2,4,8","4,3","(2,1),(1,2),(3,2)",,0,0.0000
1221,LM01260820000023,Approved,2026-08-20T00:29:30+08:00,2026-08-20T00:30:43+08:00,62.50,PRT_L1,178,210.42,1021411.55128,262,273,37455.0000,23410.0000,0.0000,0.0000,23410.0000,"3,8,8","5,9","(9,2),(6,2),(4,1)",,0,0.0000
1222,LM01260820000022,Approved,2026-08-20T00:28:19+08:00,2026-08-20T00:29:25+08:00,105.98,PRT_L1,164,271.86,1021234.37628,246,261,44585.0000,47250.0000,0.0000,0.0000,47250.0000,"3,3,4","6,8","(7,2),(4,2),(2,1)",,0,0.0000
1223,LM01260820000021,Approved,2026-08-20T00:27:05+08:00,2026-08-20T00:28:14+08:00,164.98,PRT_L1,152,131.58,1021021.95128,250,252,20000.0000,32995.0000,0.0000,0.0000,32995.0000,"3,3,8","4,8","(1,1),(9,2),(2,2)",,0,0.0000
1224,LM01260820000020,Approved,2026-08-20T00:25:15+08:00,2026-08-20T00:27:00+08:00,42.42,PRT_L1,146,320.67,1020933.35128,234,255,46817.5000,19860.0000,0.0000,0.0000,19860.0000,"2,3,3","9,8","(3,2),(7,2),(9,2)",,0,0.0000
1225,LM01260820000019,Approved,2026-08-20T00:23:56+08:00,2026-08-20T00:25:10+08:00,105.16,PRT_L1,159,326.95,1020712.50128,252,240,51985.0000,54670.0000,0.0000,0.0000,54670.0000,"1,6,7","7,4","(5,2),(7,1),(4,2)",,0,0.0000
1226,LM01260820000018,Approved,2026-08-20T00:22:38+08:00,2026-08-20T00:23:51+08:00,21.43,PRT_L1,167,314.91,1020465.27628,259,259,52590.0000,11270.0000,0.0000,0.0000,11270.0000,"1,5,7","2,1","(5,3),(6,2),(9,1)",,0,0.0000
1227,LM01260820000017,Approved,2026-08-20T00:21:23+08:00,2026-08-20T00:22:33+08:00,44.21,PRT_L1,175,298.56,1020214.70128,261,260,52247.5000,23100.0000,0.0000,0.0000,23100.0000,"1,3,8","7,5","(2,2),(1,2),(6,2)",,0,0.0000
1228,LM01260820000016,Approved,2026-08-20T00:20:06+08:00,2026-08-20T00:21:18+08:00,65.49,PRT_L1,160,317.22,1019970.02628,249,259,50755.0000,33240.0000,0.0000,0.0000,33240.0000,"2,6,8","9,3","(2,1),(3,2),(9,2)",,0,0.0000
1229,LM01260820000015,Approved,2026-08-20T00:18:52+08:00,2026-08-20T00:20:01+08:00,45.94,PRT_L1,158,290.97,1019733.50128,245,251,45972.5000,21120.0000,0.0000,0.0000,21120.0000,"3,5,5","4,2","(5,2),(8,2),(6,2)",,0,0.0000
1230,LM01260820000014,Approved,2026-08-20T00:17:41+08:00,2026-08-20T00:18:47+08:00,95.99,PRT_L1,162,304.43,1019519.95128,262,253,49317.5000,47340.0000,0.0000,0.0000,47340.0000,"2,3,3","5,8","(2,1),(8,2),(1,2)",,0,0.0000
1231,LM01260820000013,Approved,2026-08-20T00:16:25+08:00,2026-08-20T00:17:36+08:00,27.71,PRT_L1,166,235.24,1019290.80128,261,263,39050.0000,10820.0000,0.0000,0.0000,10820.0000,"1,2,4","2,1","(8,2),(9,2),(4,2)",,0,0.0000
1232,LM01260820000012,Approved,2026-08-20T00:15:17+08:00,2026-08-20T00:16:20+08:00,46.45,PRT_L1,164,305.09,1019114.52628,271,271,50035.0000,23240.0000,0.0000,0.0000,23240.0000,"1,3,8","6,4","(4,2),(3,2),(7,2)",,0,0.0000
1233,LM01260820000011,Approved,2026-08-20T00:13:59+08:00,2026-08-20T00:15:12+08:00,42.27,PRT_L1,181,309.54,1018884.07628,283,271,56027.5000,23685.0000,0.0000,0.0000,23685.0000,"3,3,8","2,5","(8,2),(2,1),(7,2)",,0,0.0000
1234,LM01260820000010,Approved,2026-08-20T00:12:47+08:00,2026-08-20T00:13:54+08:00,174.45,PRT_L1,180,290.99,1018623.70128,270,288,52377.5000,91370.0000,0.0000,0.0000,91370.0000,"2,5,9","4,9","(5,2),(2,2),(6,1)",,0,0.0000
1235,LM01260820000009,Approved,2026-08-20T00:11:35+08:00,2026-08-20T00:12:42+08:00,134.17,PRT_L1,171,292.50,1018378.15128,265,271,50017.5000,67110.0000,0.0000,0.0000,67110.0000,"3,6,9","7,5","(3,2),(2,2),(4,2)",,0,0.0000
1236,LM01260820000008,Approved,2026-08-20T00:10:24+08:00,2026-08-20T00:11:30+08:00,31.01,PRT_L1,179,276.75,1018143.35128,269,274,49537.5000,15360.0000,0.0000,0.0000,15360.0000,"5,5,8","8,4","(6,1),(1,2),(4,2)",,0,0.0000
1237,LM01260820000007,Approved,2026-08-20T00:09:07+08:00,2026-08-20T00:10:19+08:00,88.99,PRT_L1,173,299.77,1017909.70128,271,269,51860.0000,46150.0000,0.0000,0.0000,46150.0000,"3,4,6","2,9","(3,1),(5,2),(8,2)",,0,0.0000
1238,LM01260820000006,Approved,2026-08-20T00:07:50+08:00,2026-08-20T00:09:02+08:00,160.62,PRT_L1,163,320.35,1017667.32628,261,273,52217.5000,83870.0000,0.0000,0.0000,83870.0000,"2,2,9","4,9","(4,2),(7,1),(5,2)",,0,0.0000
1239,LM01260820000005,Approved,2026-08-20T00:06:40+08:00,2026-08-20T00:07:45+08:00,101.93,PRT_L1,156,324.07,1017423.00128,255,268,50555.0000,51530.0000,0.0000,0.0000,51530.0000,"5,5,6","7,1","(4,1),(1,2),(9,2)",,0,0.0000
1240,LM01260820000004,Approved,2026-08-20T00:05:30+08:00,2026-08-20T00:06:35+08:00,26.08,PRT_L1,156,323.01,1017187.92628,260,265,50390.0000,13140.0000,0.0000,0.0000,13140.0000,"2,2,4","4,9","(2,2),(5,1),(8,2)",,0,0.0000
1241,LM01260820000003,Approved,2026-08-20T00:04:17+08:00,2026-08-20T00:05:25+08:00,29.11,PRT_L1,168,309.97,1016952.62628,268,269,52075.0000,15160.0000,0.0000,0.0000,15160.0000,"3,8,8","2,1","(9,2),(5,2),(7,2)",,0,0.0000
1242,LM01260820000002,Approved,2026-08-20T00:03:02+08:00,2026-08-20T00:04:12+08:00,54.72,PRT_L1,169,290.34,1016710.10128,262,272,49067.5000,26850.0000,0.0000,0.0000,26850.0000,"3,7,8","7,5","(3,2),(1,1),(8,2)",,0,0.0000
1243,LM01260820000001,Approved,2026-08-20T00:01:51+08:00,2026-08-20T00:02:57+08:00,408.64,PRT_L1,166,290.08,1016479.97628,266,269,48152.5000,196770.0000,0.0000,0.0000,196770.0000,"3,9,9","9,7","(2,1),(6,2),(4,2)",,0,0.0000
1244,LM01260820000000,Approved,2026-08-20T00:00:38+08:00,2026-08-20T00:01:46+08:00,109.30,PRT_L1,166,354.05,1016252.95128,260,273,58772.5000,64240.0000,0.0000,0.0000,64240.0000,"2,6,9","1,4","(4,2),(9,1),(6,2)",,0,0.0000
1245,LM01260819000882,Approved,2026-08-19T23:59:21+08:00,2026-08-20T00:00:33+08:00,141.51,PRT_L1,160,338.77,1015990.97628,270,261,54202.5000,76700.0000,0.0000,0.0000,76700.0000,"2,3,9","2,9","(7,1),(8,2),(6,2)",,0,0.0000
1246,LM01260819000881,Approved,2026-08-19T23:58:07+08:00,2026-08-19T23:59:16+08:00,27.48,PRT_L1,158,332.82,1015750.67628,259,270,52585.0000,14450.0000,0.0000,0.0000,14450.0000,"2,3,5","9,8","(8,1),(1,2),(5,2)",,0,0.0000
1247,LM01260819000880,Approved,2026-08-19T23:56:50+08:00,2026-08-19T23:58:02+08:00,105.38,PRT_L1,156,325.93,1015516.25128,251,264,50845.0000,53580.0000,0.0000,0.0000,53580.0000,"5,7,9","7,8","(8,2),(4,2),(5,1)",,0,0.0000
1248,LM01260819000879,Approved,2026-08-19T23:55:02+08:00,2026-08-19T23:56:45+08:00,166.50,PRT_L1,159,282.58,1015287.85128,238,255,44930.0000,74810.0000,0.0000,0.0000,74810.0000,"1,9,9","8,2","(9,2),(1,2),(4,1)",,0,0.0000
1249,LM01260819000878,Approved,2026-08-19T23:53:42+08:00,2026-08-19T23:54:57+08:00,155.70,PRT_L1,171,174.71,1015073.05128,255,272,29875.0000,46515.0000,0.0000,0.0000,46515.0000,"3,6,6","3,5","(9,1),(1,2),(3,2)",,0,0.0000
1250,LM01260819000877,Approved,2026-08-19T23:52:20+08:00,2026-08-19T23:53:37+08:00,73.88,PRT_L1,183,146.08,1014934.50128,287,268,26732.5000,19750.0000,0.0000,0.0000,19750.0000,"1,6,8","9,5","(8,2),(1,2),(2,1)",,0,0.0000
1251,LM01260819000876,Approved,2026-08-19T23:51:06+08:00,2026-08-19T23:52:15+08:00,52.37,PRT_L1,174,156.05,1014811.42628,286,291,27152.5000,14220.0000,0.0000,0.0000,14220.0000,"5,7,8","9,5","(7,2),(2,1),(3,2)",,0,0.0000
1252,LM01260819000875,Approved,2026-08-19T23:49:51+08:00,2026-08-19T23:51:01+08:00,93.08,PRT_L1,178,162.65,1014682.80128,297,293,28952.5000,26950.0000,0.0000,0.0000,26950.0000,"1,7,9","5,7","(5,2),(7,2),(2,1)",,0,0.0000
1253,LM01260819000874,Approved,2026-08-19T23:48:33+08:00,2026-08-19T23:49:46+08:00,91.10,PRT_L1,186,157.46,1014549.37628,304,302,29287.5000,26680.0000,0.0000,0.0000,26680.0000,"7,8,9","2,1","(3,1),(7,2),(9,2)",,0,0.0000
1254,LM01260819000873,Approved,2026-08-19T23:47:22+08:00,2026-08-19T23:48:28+08:00,82.41,PRT_L1,191,160.48,1014416.35128,289,305,30652.5000,25260.0000,0.0000,0.0000,25260.0000,"3,4,9","5,2","(1,2),(9,1),(5,2)",,0,0.0000
1255,LM01260819000872,Approved,2026-08-19T23:46:01+08:00,2026-08-19T23:47:17+08:00,83.73,PRT_L1,208,157.38,1014275.90128,294,302,32735.0000,27410.0000,0.0000,0.0000,27410.0000,"3,4,6","9,7","(6,2),(1,1),(8,2)",,0,0.0000
1256,LM01260819000871,Approved,2026-08-19T23:44:38+08:00,2026-08-19T23:45:56+08:00,110.43,PRT_L1,203,196.77,1014123.37628,302,301,39945.0000,44110.0000,0.0000,0.0000,44110.0000,"5,6,9","8,2","(7,1),(2,2),(1,2)",,0,0.0000
1257,LM01260819000870,Approved,2026-08-19T23:43:12+08:00,2026-08-19T23:44:33+08:00,153.66,PRT_L1,190,208.63,1013950.77628,292,306,39640.0000,60910.0000,0.0000,0.0000,60910.0000,"5,6,9","2,4","(9,2),(7,2),(3,1)",,0,0.0000
1258,LM01260819000869,Approved,2026-08-19T23:41:56+08:00,2026-08-19T23:43:07+08:00,62.49,PRT_L1,180,172.61,1013780.02628,284,302,31070.0000,19415.0000,0.0000,0.0000,19415.0000,"5,7,7","8,1","(7,2),(2,2),(5,2)",,0,0.0000
1259,LM01260819000868,Approved,2026-08-19T23:40:42+08:00,2026-08-19T23:41:51+08:00,87.72,PRT_L1,190,220.41,1013648.22628,297,289,41877.5000,36735.0000,0.0000,0.0000,36735.0000,"5,5,9","3,4","(9,2),(6,2),(2,1)",,0,0.0000
1260,LM01260819000867,Approved,2026-08-19T23:38:20+08:00,2026-08-19T23:40:37+08:00,85.13,PRT_L1,198,163.30,1013453.15128,299,297,32332.5000,12700.0000,14825.0000,0.0000,27525.0000,"4,4,4","1,3","(7,2),(6,2),(5,1)","result:(1,2),(1,3)",0,0.0000
1261,LM01260819000866,Approved,2026-08-19T23:37:00+08:00,2026-08-19T23:38:15+08:00,86.82,PRT_L1,210,147.98,1013307.97628,312,305,31075.0000,26980.0000,0.0000,0.0000,26980.0000,"2,2,6","4,8","(7,2),(2,1),(8,2)",,0,0.0000
1262,LM01260819000865,Approved,2026-08-19T23:35:34+08:00,2026-08-19T23:36:55+08:00,52.78,PRT_L1,187,166.76,1013166.20128,299,312,31185.0000,16460.0000,0.0000,0.0000,16460.0000,"2,5,7","3,7","(9,1),(3,2),(4,2)",,0,0.0000
1263,LM01260819000864,Approved,2026-08-19T23:34:15+08:00,2026-08-19T23:35:29+08:00,97.74,PRT_L1,195,173.56,1013023.57628,296,309,33845.0000,33080.0000,0.0000,0.0000,33080.0000,"5,6,9","3,4","(8,2),(6,2),(9,1)",,0,0.0000
1264,LM01260819000863,Approved,2026-08-19T23:32:54+08:00,2026-08-19T23:34:10+08:00,78.65,PRT_L1,209,194.01,1012864.10128,306,305,40547.5000,31890.0000,0.0000,0.0000,31890.0000,"3,4,9","7,2","(4,2),(2,1),(9,2)",,0,0.0000
1265,LM01260819000862,Approved,2026-08-19T23:31:37+08:00,2026-08-19T23:32:49+08:00,31.34,PRT_L1,193,249.00,1012670.17628,320,312,48057.5000,15060.0000,0.0000,0.0000,15060.0000,"2,7,9","4,5","(1,2),(3,1),(9,2)",,0,0.0000
1266,LM01260819000861,Approved,2026-08-19T23:30:15+08:00,2026-08-19T23:31:32+08:00,37.25,PRT_L1,207,247.04,1012438.10128,317,323,51137.5000,19050.0000,0.0000,0.0000,19050.0000,"2,7,8","7,6","(5,2),(2,2),(7,1)",,0,0.0000
1267,LM01260819000860,Approved,2026-08-19T23:28:55+08:00,2026-08-19T23:30:10+08:00,38.26,PRT_L1,207,233.96,1012194.15128,296,322,48430.0000,18530.0000,0.0000,0.0000,18530.0000,"1,2,5","1,2","(5,1),(2,2),(1,2)",,0,0.0000
1268,LM01260819000859,Approved,2026-08-19T23:27:18+08:00,2026-08-19T23:28:50+08:00,60.74,PRT_L1,192,221.32,1011961.55128,278,299,42492.5000,25810.0000,0.0000,0.0000,25810.0000,"2,3,4","2,3","(8,2),(6,2),(7,1)",,0,0.0000
1269,LM01260819000858,Approved,2026-08-19T23:26:06+08:00,2026-08-19T23:27:13+08:00,99.19,PRT_L1,208,214.13,1011758.05128,306,301,44540.0000,44180.0000,0.0000,0.0000,44180.0000,"5,6,8","8,1","(6,1),(9,2),(8,2)",,0,0.0000
1270,LM01260819000857,Approved,2026-08-19T23:24:51+08:00,2026-08-19T23:26:01+08:00,72.19,PRT_L1,210,211.35,1011548.82628,312,311,44382.5000,32040.0000,0.0000,0.0000,32040.0000,"1,2,6","7,4","(8,2),(9,2),(7,1)",,0,0.0000
1271,LM01260819000856,Approved,2026-08-19T23:23:37+08:00,2026-08-19T23:24:46+08:00,23.48,PRT_L1,212,218.53,1011340.42628,311,312,46327.5000,10880.0000,0.0000,0.0000,10880.0000,"4,5,8","6,7","(6,2),(1,2),(8,2)",,0,0.0000
1272,LM01260819000855,Approved,2026-08-19T23:22:18+08:00,2026-08-19T23:23:32+08:00,229.75,PRT_L1,193,227.16,1011122.85128,301,312,43842.5000,100730.0000,0.0000,0.0000,100730.0000,"6,9,9","7,5","(2,2),(9,1),(7,2)",,0,0.0000
1273,LM01260819000854,Approved,2026-08-19T23:18:56+08:00,2026-08-19T23:22:13+08:00,48.00,PRT_L1,188,225.80,1010918.72628,289,293,42450.0000,16400.0000,3975.0000,0.0000,20375.0000,"7,7,7","5,3","(5,2),(3,2),(4,1)","result:(1,2),(1,4),(1,2),(2,4)",0,0.0000
1274,LM01260819000853,Approved,2026-08-19T23:17:43+08:00,2026-08-19T23:18:51+08:00,85.21,PRT_L1,180,252.63,1010719.10128,282,293,45472.5000,38745.0000,0.0000,0.0000,38745.0000,"4,4,9","7,3","(9,2),(7,1),(5,2)",,0,0.0000
1275,LM01260819000852,Approved,2026-08-19T23:15:43+08:00,2026-08-19T23:17:38+08:00,34.81,PRT_L1,171,277.19,1010509.10128,264,277,47400.0000,16500.0000,0.0000,0.0000,16500.0000,"3,3,8","7,4","(5,2),(1,1),(4,2)",,0,0.0000
1276,LM01260819000851,Approved,2026-08-19T23:14:28+08:00,2026-08-19T23:15:38+08:00,76.22,PRT_L1,166,263.06,1010293.12628,264,277,43667.5000,33285.0000,0.0000,0.0000,33285.0000,"8,8,9","2,7","(4,2),(3,1),(5,2)",,0,0.0000
1277,LM01260819000850,Approved,2026-08-19T23:13:15+08:00,2026-08-19T23:14:23+08:00,87.30,PRT_L1,167,258.53,1010089.60128,271,267,43175.0000,37690.0000,0.0000,0.0000,37690.0000,"3,3,9","7,1","(5,2),(9,1),(2,2)",,0,0.0000
1278,LM01260819000849,Approved,2026-08-19T23:12:00+08:00,2026-08-19T23:13:10+08:00,49.08,PRT_L1,174,189.71,1009886.52628,256,274,33010.0000,16200.0000,0.0000,0.0000,16200.0000,"1,1,4","9,6","(7,2),(6,1),(8,2)",,0,0.0000
1279,LM01260819000848,Approved,2026-08-19T23:10:41+08:00,2026-08-19T23:11:55+08:00,73.95,PRT_L1,192,183.82,1009737.45128,289,267,35292.5000,26100.0000,0.0000,0.0000,26100.0000,"2,2,6","9,8","(7,1),(5,2),(1,2)",,0,0.0000
1280,LM01260819000847,Approved,2026-08-19T23:09:26+08:00,2026-08-19T23:10:36+08:00,33.69,PRT_L1,192,203.93,1009579.42628,280,295,39155.0000,13190.0000,0.0000,0.0000,13190.0000,"2,5,7","1,3","(2,2),(8,2),(4,2)",,0,0.0000
1281,LM01260819000846,Approved,2026-08-19T23:08:14+08:00,2026-08-19T23:09:21+08:00,124.92,PRT_L1,194,172.23,1009411.47628,290,282,33412.5000,41740.0000,0.0000,0.0000,41740.0000,"3,6,9","8,2","(2,1),(5,2),(9,2)",,0,0.0000
1282,LM01260819000845,Approved,2026-08-19T23:06:57+08:00,2026-08-19T23:08:09+08:00,33.25,PRT_L1,190,182.67,1009264.02628,299,297,34707.5000,11540.0000,0.0000,0.0000,11540.0000,"1,2,4","8,4","(4,1),(9,2),(3,2)",,0,0.0000
1283,LM01260819000844,Approved,2026-08-19T23:05:40+08:00,2026-08-19T23:06:52+08:00,25.97,PRT_L1,200,224.10,1009109.62628,293,305,44820.0000,11640.0000,0.0000,0.0000,11640.0000,"1,3,4","2,3","(9,2),(1,1),(5,2)",,0,0.0000
1284,LM01260819000843,Approved,2026-08-19T23:04:27+08:00,2026-08-19T23:05:35+08:00,92.67,PRT_L1,186,220.51,1008900.00128,284,298,41015.0000,38010.0000,0.0000,0.0000,38010.0000,"5,8,9","8,4","(7,1),(3,2),(8,2)",,0,0.0000
1285,LM01260819000842,Approved,2026-08-19T23:03:10+08:00,2026-08-19T23:04:22+08:00,320.56,PRT_L1,181,226.77,1008705.60128,280,278,41045.0000,131575.0000,0.0000,0.0000,131575.0000,"6,9,9","5,6","(5,2),(2,1),(1,2)",,0,0.0000
1286,LM01260819000841,Approved,2026-08-19T23:02:03+08:00,2026-08-19T23:03:05+08:00,53.48,PRT_L1,188,101.90,1008513.05128,263,291,19157.5000,10245.0000,0.0000,0.0000,10245.0000,"4,4,8","1,9","(3,1),(7,2),(8,2)",,0,0.0000
1287,LM01260819000840,Approved,2026-08-19T23:00:51+08:00,2026-08-19T23:01:58+08:00,23.10,PRT_L1,188,192.97,1008427.70128,275,273,36277.5000,8380.0000,0.0000,0.0000,8380.0000,"2,5,7","8,4","(3,2),(7,2),(8,1)",,0,0.0000
1288,LM01260819000839,Approved,2026-08-19T22:59:35+08:00,2026-08-19T23:00:46+08:00,33.26,PRT_L1,183,223.42,1008259.00128,266,286,40885.0000,13600.0000,0.0000,0.0000,13600.0000,"4,4,8","4,6","(5,2),(7,2),(2,1)",,0,0.0000
1289,LM01260819000838,Approved,2026-08-19T22:58:23+08:00,2026-08-19T22:59:30+08:00,22.42,PRT_L1,191,230.52,1008065.87628,273,271,44030.0000,9870.0000,0.0000,0.0000,9870.0000,"5,7,7","8,1","(8,2),(1,1),(6,2)",,0,0.0000
1290,LM01260819000837,Approved,2026-08-19T22:57:06+08:00,2026-08-19T22:58:18+08:00,55.57,PRT_L1,192,214.65,1007879.72628,277,278,41212.5000,22900.0000,0.0000,0.0000,22900.0000,"1,6,8","3,8","(2,2),(7,2),(8,1)",,0,0.0000
1291,LM01260819000836,Approved,2026-08-19T22:55:27+08:00,2026-08-19T22:57:01+08:00,190.87,PRT_L1,170,217.12,1007703.10128,255,282,36910.0000,70450.0000,0.0000,0.0000,70450.0000,"4,6,9","9,7","(7,2),(4,1),(6,2)",,0,0.0000
1292,LM01260819000835,Approved,2026-08-19T22:54:16+08:00,2026-08-19T22:55:22+08:00,18.35,PRT_L1,175,261.39,1007545.00128,267,276,45742.5000,8395.0000,0.0000,0.0000,8395.0000,"1,1,4","9,1","(3,2),(5,2),(1,1)",,0,0.0000
1293,LM01260819000834,Approved,2026-08-19T22:53:03+08:00,2026-08-19T22:54:11+08:00,133.88,PRT_L1,188,181.66,1007330.57628,275,273,34152.5000,45725.0000,0.0000,0.0000,45725.0000,"1,9,9","6,4","(4,1),(2,2),(1,2)",,0,0.0000
1294,LM01260819000833,Approved,2026-08-19T22:51:50+08:00,2026-08-19T22:52:58+08:00,121.03,PRT_L1,191,183.85,1007173.65128,273,285,35115.0000,42500.0000,0.0000,0.0000,42500.0000,"5,9,9","8,4","(8,2),(1,1),(4,2)",,0,0.0000
1295,LM01260819000832,Approved,2026-08-19T22:50:38+08:00,2026-08-19T22:51:45+08:00,76.79,PRT_L1,182,229.70,1007013.12628,283,286,41805.0000,32100.0000,0.0000,0.0000,32100.0000,"3,3,8","3,9","(4,1),(2,2),(9,2)",,0,0.0000
1296,LM01260819000831,Approved,2026-08-19T22:49:26+08:00,2026-08-19T22:50:33+08:00,67.43,PRT_L1,192,214.43,1006817.47628,293,290,41170.0000,27760.0000,0.0000,0.0000,27760.0000,"2,8,9","3,1","(8,2),(2,2),(1,1)",,0,0.0000
1297,LM01260819000830,Approved,2026-08-19T22:48:09+08:00,2026-08-19T22:49:21+08:00,52.92,PRT_L1,210,181.87,1006625.50128,300,302,38192.5000,20210.0000,0.0000,0.0000,20210.0000,"4,5,5","1,5","(1,2),(4,2),(6,1)",,0,0.0000
1298,LM01260819000829,Approved,2026-08-19T22:46:56+08:00,2026-08-19T22:48:04+08:00,80.89,PRT_L1,193,168.33,1006462.57628,289,304,32487.5000,26280.0000,0.0000,0.0000,26280.0000,"2,5,6","8,4","(2,1),(7,2),(5,2)",,0,0.0000
1299,LM01260819000828,Approved,2026-08-19T22:45:46+08:00,2026-08-19T22:46:51+08:00,103.70,PRT_L1,176,230.55,1006315.52628,281,296,40577.5000,42080.0000,0.0000,0.0000,42080.0000,"3,4,6","5,2","(2,2),(5,1),(4,2)",,0,0.0000
1300,LM01260819000827,Approved,2026-08-19T22:44:34+08:00,2026-08-19T22:45:41+08:00,38.05,PRT_L1,197,224.48,1006127.15128,292,288,44222.5000,16825.0000,0.0000,0.0000,16825.0000,"2,2,3","1,4","(5,2),(6,2),(9,2)",,0,0.0000
1301,LM01260819000826,Approved,2026-08-19T22:43:23+08:00,2026-08-19T22:44:29+08:00,77.48,PRT_L1,202,206.93,1005942.80128,293,296,41800.0000,32385.0000,0.0000,0.0000,32385.0000,"7,9,9","8,1","(5,2),(2,2),(9,1)",,0,0.0000
1302,LM01260819000825,Approved,2026-08-19T22:42:08+08:00,2026-08-19T22:43:18+08:00,93.57,PRT_L1,203,165.63,1005766.02628,281,293,33622.5000,31460.0000,0.0000,0.0000,31460.0000,"3,5,6","7,1","(1,2),(4,2),(9,2)",,0,0.0000
1303,LM01260819000824,Approved,2026-08-19T22:40:58+08:00,2026-08-19T22:42:03+08:00,53.59,PRT_L1,182,173.67,1005614.72628,289,279,31607.5000,16940.0000,0.0000,0.0000,16940.0000,"1,5,6","4,3","(6,1),(8,2),(5,2)",,0,0.0000
1304,LM01260819000823,Approved,2026-08-19T22:39:48+08:00,2026-08-19T22:40:53+08:00,102.61,PRT_L1,199,215.36,1005473.40128,299,300,42857.5000,43975.0000,0.0000,0.0000,43975.0000,"6,7,7","5,6","(5,1),(1,2),(4,2)",,0,0.0000
1305,LM01260819000822,Approved,2026-08-19T22:38:32+08:00,2026-08-19T22:39:43+08:00,100.66,PRT_L1,204,205.82,1005290.10128,302,305,41987.5000,42265.0000,0.0000,0.0000,42265.0000,"6,6,7","5,2","(2,2),(1,2),(8,2)",,0,0.0000
1306,LM01260819000821,Approved,2026-08-19T22:37:17+08:00,2026-08-19T22:38:27+08:00,22.05,PRT_L1,226,145.72,1005108.97628,313,310,32932.5000,7260.0000,0.0000,0.0000,7260.0000,"1,8,8","9,3","(2,2),(4,2),(5,1)",,0,0.0000
1307,LM01260819000820,Approved,2026-08-19T22:36:03+08:00,2026-08-19T22:37:12+08:00,27.80,PRT_L1,218,155.91,1004975.37628,317,312,33987.5000,9450.0000,0.0000,0.0000,9450.0000,"1,5,8","7,1","(4,2),(1,2),(7,1)",,0,0.0000
1308,LM01260819000819,Approved,2026-08-19T22:34:46+08:00,2026-08-19T22:35:58+08:00,103.27,PRT_L1,227,188.71,1004839.32628,316,326,42837.5000,44240.0000,0.0000,0.0000,44240.0000,"3,3,4","5,6","(1,2),(2,1),(4,2)",,0,0.0000
1309,LM01260819000818,Approved,2026-08-19T22:33:33+08:00,2026-08-19T22:34:41+08:00,14.28,PRT_L1,235,193.63,1004660.25128,341,330,45502.5000,6500.0000,0.0000,0.0000,6500.0000,"1,2,7","8,2","(5,2),(8,2),(4,1)",,0,0.0000
1310,LM01260819000817,Approved,2026-08-19T22:32:22+08:00,2026-08-19T22:33:28+08:00,49.98,PRT_L1,263,168.81,1004465.32628,361,353,44397.5000,22190.0000,0.0000,0.0000,22190.0000,"2,3,7","8,4","(8,2),(9,1),(4,2)",,0,0.0000
1311,LM01260819000816,Approved,2026-08-19T22:31:03+08:00,2026-08-19T22:32:17+08:00,114.52,PRT_L1,259,179.59,1004278.32628,355,364,46515.0000,53270.0000,0.0000,0.0000,53270.0000,"6,7,9","8,4","(2,1),(7,2),(6,2)",,0,0.0000
1312,LM01260819000815,Approved,2026-08-19T22:29:55+08:00,2026-08-19T22:30:58+08:00,88.52,PRT_L1,253,171.27,1004085.32628,364,355,43332.5000,38360.0000,0.0000,0.0000,38360.0000,"3,6,7","1,4","(8,1),(9,2),(4,2)",,0,0.0000
1313,LM01260819000814,Approved,2026-08-19T22:28:37+08:00,2026-08-19T22:29:50+08:00,22.48,PRT_L1,261,155.25,1003905.55128,359,372,40520.0000,9110.0000,0.0000,0.0000,9110.0000,"1,5,8","8,4","(6,2),(4,2),(1,1)",,0,0.0000
1314,LM01260819000813,Approved,2026-08-19T22:27:22+08:00,2026-08-19T22:28:32+08:00,79.66,PRT_L1,267,124.13,1003734.37628,363,360,33142.5000,26400.0000,0.0000,0.0000,26400.0000,"3,6,9","5,7","(4,1),(2,2),(1,2)",,0,0.0000
1315,LM01260819000812,Approved,2026-08-19T22:25:36+08:00,2026-08-19T22:27:17+08:00,37.25,PRT_L1,263,139.54,1003593.07628,362,368,36700.0000,13670.0000,0.0000,0.0000,13670.0000,"2,4,8","5,7","(9,2),(7,2),(4,1)",,0,0.0000
1316,LM01260819000811,Approved,2026-08-19T22:24:11+08:00,2026-08-19T22:25:31+08:00,83.05,PRT_L1,255,127.97,1003434.82628,366,364,32632.5000,27100.0000,0.0000,0.0000,27100.0000,"2,4,6","1,7","(3,2),(1,2),(9,2)",,0,0.0000
1317,LM01260819000810,Approved,2026-08-19T22:21:12+08:00,2026-08-19T22:24:06+08:00,390.08,PRT_L1,221,144.65,1003295.02628,318,360,31967.5000,76100.0000,48600.0000,0.0000,124700.0000,"6,6,6","2,7","(8,1),(9,2),(4,2)","result:(2,4),(3,4),(3,4)",0,0.0000
1318,LM01260819000809,Approved,2026-08-19T22:19:54+08:00,2026-08-19T22:21:07+08:00,190.93,PRT_L1,223,129.76,1003156.05128,319,318,28937.5000,55250.0000,0.0000,0.0000,55250.0000,"3,3,4","6,4","(1,2),(9,1),(3,2)",,0,0.0000
1319,LM01260819000808,Approved,2026-08-19T22:18:32+08:00,2026-08-19T22:19:49+08:00,33.24,PRT_L1,241,157.43,1003036.67628,333,333,37940.0000,12610.0000,0.0000,0.0000,12610.0000,"1,4,4","6,5","(7,2),(1,2),(9,1)",,0,0.0000
1320,LM01260819000807,Approved,2026-08-19T22:17:12+08:00,2026-08-19T22:18:27+08:00,79.43,PRT_L1,221,118.55,1002876.37628,316,334,26200.0000,20810.0000,0.0000,0.0000,20810.0000,"1,2,6","4,3","(7,2),(1,2),(4,2)",,0,0.0000
1321,LM01260819000806,Approved,2026-08-19T22:15:53+08:00,2026-08-19T22:17:07+08:00,70.12,PRT_L1,244,157.16,1002767.07628,327,327,38347.5000,26890.0000,0.0000,0.0000,26890.0000,"2,3,3","4,7","(5,2),(8,2),(6,1)",,0,0.0000
1322,LM01260819000805,Approved,2026-08-19T22:14:28+08:00,2026-08-19T22:15:48+08:00,75.29,PRT_L1,235,143.68,1002610.40128,327,337,33765.0000,25420.0000,0.0000,0.0000,25420.0000,"3,6,7","8,1","(4,2),(2,2),(9,1)",,0,0.0000
1323,LM01260819000804,Approved,2026-08-19T22:13:03+08:00,2026-08-19T22:14:23+08:00,96.08,PRT_L1,236,149.72,1002479.12628,328,331,35335.0000,33950.0000,0.0000,0.0000,33950.0000,"2,3,9","7,2","(9,1),(6,2),(1,2)",,0,0.0000
1324,LM01260819000803,Approved,2026-08-19T22:11:43+08:00,2026-08-19T22:12:58+08:00,94.75,PRT_L1,239,173.38,1002339.60128,340,336,41437.5000,39260.0000,0.0000,0.0000,39260.0000,"6,8,9","5,7","(7,2),(9,1),(3,2)",,0,0.0000
1325,LM01260819000802,Approved,2026-08-19T22:10:26+08:00,2026-08-19T22:11:38+08:00,112.80,PRT_L1,238,147.43,1002170.00128,345,349,35087.5000,39580.0000,0.0000,0.0000,39580.0000,"2,6,6","3,5","(7,2),(2,1),(8,2)",,0,0.0000
1326,LM01260819000801,Approved,2026-08-19T22:09:06+08:00,2026-08-19T22:10:21+08:00,113.46,PRT_L1,233,121.46,1002029.42628,335,354,28300.0000,32110.0000,0.0000,0.0000,32110.0000,"3,7,8","3,5","(6,2),(5,1),(3,2)",,0,0.0000
1327,LM01260819000800,Approved,2026-08-19T22:07:47+08:00,2026-08-19T22:09:01+08:00,58.54,PRT_L1,245,153.10,1001916.90128,347,344,37510.0000,21960.0000,0.0000,0.0000,21960.0000,"2,6,9","4,8","(4,1),(5,2),(3,2)",,0,0.0000
1328,LM01260819000799,Approved,2026-08-19T22:06:31+08:00,2026-08-19T22:07:42+08:00,73.68,PRT_L1,251,150.60,1001764.00128,349,355,37800.0000,27850.0000,0.0000,0.0000,27850.0000,"2,6,9","7,8","(9,2),(1,1),(2,2)",,0,0.0000
1329,LM01260819000798,Approved,2026-08-19T22:05:13+08:00,2026-08-19T22:06:26+08:00,73.96,PRT_L1,242,145.45,1001607.92628,358,354,35200.0000,26035.0000,0.0000,0.0000,26035.0000,"1,1,6","9,4","(6,2),(3,2),(9,1)",,0,0.0000
1330,LM01260819000797,Approved,2026-08-19T22:03:57+08:00,2026-08-19T22:05:08+08:00,165.47,PRT_L1,236,131.60,1001467.62628,342,356,31057.5000,51390.0000,0.0000,0.0000,51390.0000,"6,6,7","6,8","(1,1),(7,2),(5,2)",,0,0.0000
1331,LM01260819000796,Approved,2026-08-19T22:01:01+08:00,2026-08-19T22:03:52+08:00,28.93,PRT_L1,218,223.93,1001340.62628,320,346,48817.5000,11400.0000,2725.0000,0.0000,14125.0000,"2,2,2","5,9","(2,1),(7,2),(1,2)","result:(2,4),(3,4),(1,4)",0,0.0000
1332,LM01260819000795,Approved,2026-08-19T21:57:37+08:00,2026-08-19T22:00:56+08:00,121.46,PRT_L1,209,209.45,1001151.12628,275,324,43775.0000,53170.0000,0.0000,0.0000,53170.0000,"6,8,9","6,8","(3,1),(4,2),(8,2)",,0,0.0000
1333,LM01260819000794,Approved,2026-08-19T21:56:22+08:00,2026-08-19T21:57:32+08:00,65.25,PRT_L1,214,157.06,1000981.72628,301,314,33610.0000,21930.0000,0.0000,0.0000,21930.0000,"2,4,9","8,9","(4,2),(9,1),(1,2)",,0,0.0000
1334,LM01260819000793,Approved,2026-08-19T21:55:12+08:00,2026-08-19T21:56:17+08:00,124.95,PRT_L1,224,146.92,1000845.25128,310,310,32910.0000,41120.0000,0.0000,0.0000,41120.0000,"3,3,8","7,5","(4,2),(7,1),(9,2)",,0,0.0000
1335,LM01260819000792,Approved,2026-08-19T21:53:59+08:00,2026-08-19T21:55:07+08:00,63.98,PRT_L1,228,146.84,1000709.32628,318,317,33480.0000,21420.0000,0.0000,0.0000,21420.0000,"4,8,9","5,9","(4,1),(1,2),(6,2)",,0,0.0000
1336,LM01260819000791,Approved,2026-08-19T21:52:42+08:00,2026-08-19T21:53:54+08:00,131.75,PRT_L1,233,145.55,1000572.10128,319,325,33912.5000,44680.0000,0.0000,0.0000,44680.0000,"4,6,8","4,6","(6,2),(9,1),(4,2)",,0,0.0000
1337,LM01260819000790,Approved,2026-08-19T21:51:27+08:00,2026-08-19T21:52:37+08:00,108.31,PRT_L1,223,135.38,1000432.97628,307,324,30190.0000,32700.0000,0.0000,0.0000,32700.0000,"2,3,6","2,9","(6,2),(8,1),(1,2)",,0,0.0000
1338,LM01260819000789,Approved,2026-08-19T21:50:08+08:00,2026-08-19T21:51:22+08:00,133.18,PRT_L1,204,152.49,1000309.05128,305,322,31107.5000,41430.0000,0.0000,0.0000,41430.0000,"3,7,8","4,8","(2,2),(4,2),(9,1)",,0,0.0000
1339,LM01260819000788,Approved,2026-08-19T21:48:53+08:00,2026-08-19T21:50:03+08:00,35.92,PRT_L1,204,135.64,1000183.20128,300,302,27670.0000,9940.0000,0.0000,0.0000,9940.0000,"1,7,9","8,2","(1,1),(8,2),(2,2)",,0,0.0000
1340,LM01260819000787,Approved,2026-08-19T21:47:40+08:00,2026-08-19T21:48:48+08:00,166.40,PRT_L1,195,136.92,1000075.05128,291,298,26700.0000,44430.0000,0.0000,0.0000,44430.0000,"3,7,8","2,8","(2,2),(3,2),(9,1)",,0,0.0000
1341,LM01260819000786,Approved,2026-08-19T21:46:27+08:00,2026-08-19T21:47:35+08:00,97.13,PRT_L1,204,120.16,999965.97628,289,300,24512.5000,23810.0000,0.0000,0.0000,23810.0000,"4,6,9","7,8","(5,1),(6,2),(2,2)",,0,0.0000
1342,LM01260819000785,Approved,2026-08-19T21:45:10+08:00,2026-08-19T21:46:22+08:00,77.30,PRT_L1,222,102.68,999865.12628,299,304,22795.0000,17620.0000,0.0000,0.0000,17620.0000,"2,6,8","3,1","(9,2),(1,1),(8,2)",,0,0.0000
1343,LM01260819000784,Approved,2026-08-19T21:43:53+08:00,2026-08-19T21:45:05+08:00,87.55,PRT_L1,225,102.44,999772.40128,300,307,23050.0000,20180.0000,0.0000,0.0000,20180.0000,"5,6,8","3,4","(7,2),(6,2),(9,1)",,0,0.0000
1344,LM01260819000783,Approved,2026-08-19T21:42:39+08:00,2026-08-19T21:43:48+08:00,52.34,PRT_L1,230,102.64,999680.22628,302,305,23607.5000,12355.0000,0.0000,0.0000,12355.0000,"1,1,3","9,6","(2,2),(8,1),(4,2)",,0,0.0000
1345,LM01260819000782,Approved,2026-08-19T21:41:22+08:00,2026-08-19T21:42:34+08:00,74.24,PRT_L1,239,120.84,999585.10128,324,302,28880.0000,21440.0000,0.0000,0.0000,21440.0000,"1,4,8","8,5","(8,1),(7,2),(1,2)",,0,0.0000
1346,LM01260819000781,Approved,2026-08-19T21:40:08+08:00,2026-08-19T21:41:17+08:00,78.04,PRT_L1,234,121.62,999466.15128,314,327,28460.0000,22210.0000,0.0000,0.0000,22210.0000,"2,3,6","9,7","(1,2),(8,1),(7,3)",,0,0.0000
1347,LM01260819000780,Approved,2026-08-19T21:38:59+08:00,2026-08-19T21:40:03+08:00,102.43,PRT_L1,249,118.81,999350.00128,337,322,29582.5000,30300.0000,0.0000,0.0000,30300.0000,"2,8,8","1,8","(6,2),(1,2),(8,2)",,0,0.0000
1348,LM01260819000779,Approved,2026-08-19T21:37:41+08:00,2026-08-19T21:38:54+08:00,73.12,PRT_L1,241,130.46,999230.30128,336,344,31440.0000,22990.0000,0.0000,0.0000,22990.0000,"3,6,8","1,4","(9,1),(8,2),(7,2)",,0,0.0000
1349,LM01260819000778,Approved,2026-08-19T21:36:28+08:00,2026-08-19T21:37:36+08:00,50.98,PRT_L1,246,110.45,999097.27628,340,342,27170.0000,13850.0000,0.0000,0.0000,13850.0000,"4,7,8","2,8","(3,1),(7,2),(1,2)",,0,0.0000
1350,LM01260819000777,Approved,2026-08-19T21:35:18+08:00,2026-08-19T21:36:23+08:00,55.53,PRT_L1,253,131.31,998986.32628,331,348,33222.5000,18450.0000,0.0000,0.0000,18450.0000,"1,1,9","8,5","(1,1),(6,2),(2,2)",,0,0.0000
1351,LM01260819000776,Approved,2026-08-19T21:34:03+08:00,2026-08-19T21:35:13+08:00,95.09,PRT_L1,252,131.67,998849.05128,324,336,33180.0000,31550.0000,0.0000,0.0000,31550.0000,"3,7,9","6,4","(9,2),(4,2),(6,2)",,0,0.0000
1352,LM01260819000775,Approved,2026-08-19T21:32:45+08:00,2026-08-19T21:33:58+08:00,74.70,PRT_L1,230,129.34,998707.25128,326,342,29747.5000,22220.0000,0.0000,0.0000,22220.0000,"1,5,6","1,4","(6,2),(4,1),(2,2)",,0,0.0000
1353,LM01260819000774,Approved,2026-08-19T21:31:34+08:00,2026-08-19T21:32:40+08:00,42.82,PRT_L1,246,191.78,998578.15128,361,335,47177.5000,20200.0000,0.0000,0.0000,20200.0000,"8,9,9","7,4","(5,2),(6,1),(4,2)",,0,0.0000
1354,LM01260819000773,Approved,2026-08-19T21:29:30+08:00,2026-08-19T21:31:29+08:00,31.77,PRT_L1,250,211.00,998388.52628,352,368,52750.0000,16760.0000,0.0000,0.0000,16760.0000,"1,8,9","2,5","(9,2),(8,1),(7,2)",,0,0.0000
1355,LM01260819000772,Approved,2026-08-19T21:28:16+08:00,2026-08-19T21:29:25+08:00,203.01,PRT_L1,250,202.71,998174.57628,345,358,50677.5000,102880.0000,0.0000,0.0000,102880.0000,"1,3,6","7,3","(3,2),(4,1),(6,2)",,0,0.0000
1356,LM01260819000771,Approved,2026-08-19T21:26:12+08:00,2026-08-19T21:28:11+08:00,97.42,PRT_L1,250,165.70,997964.55128,324,348,41425.0000,40355.0000,0.0000,0.0000,40355.0000,"6,6,9","4,9","(1,1),(2,2),(5,2)",,0,0.0000
1357,LM01260819000770,Approved,2026-08-19T21:24:55+08:00,2026-08-19T21:26:07+08:00,48.84,PRT_L1,240,165.93,997798.35128,331,339,39822.5000,19450.0000,0.0000,0.0000,19450.0000,"2,4,9","5,8","(5,2),(7,1),(3,2)",,0,0.0000
1358,LM01260819000769,Approved,2026-08-19T21:23:41+08:00,2026-08-19T21:24:50+08:00,75.18,PRT_L1,230,160.66,997638.72628,319,337,36952.5000,27780.0000,0.0000,0.0000,27780.0000,"3,6,8","4,7","(5,1),(7,2),(9,2)",,0,0.0000
1359,LM01260819000768,Approved,2026-08-19T21:22:26+08:00,2026-08-19T21:23:36+08:00,73.23,PRT_L1,221,169.48,997491.07628,315,329,37455.0000,27430.0000,0.0000,0.0000,27430.0000,"5,7,9","8,7","(7,2),(4,1),(5,2)",,0,0.0000
1360,LM01260819000767,Approved,2026-08-19T21:21:11+08:00,2026-08-19T21:22:21+08:00,139.28,PRT_L1,222,153.12,997334.90128,314,318,33992.5000,47345.0000,0.0000,0.0000,47345.0000,"3,3,6","5,7","(2,1),(6,2),(1,2)",,0,0.0000
1361,LM01260819000766,Approved,2026-08-19T21:19:54+08:00,2026-08-19T21:21:06+08:00,75.30,PRT_L1,227,161.29,997193.72628,329,323,36612.5000,27570.0000,0.0000,0.0000,27570.0000,"1,6,7","9,7","(5,1),(3,2),(9,2)",,0,0.0000
1362,LM01260819000765,Approved,2026-08-19T21:18:40+08:00,2026-08-19T21:19:49+08:00,192.22,PRT_L1,249,151.73,997042.67628,337,335,37780.0000,72620.0000,0.0000,0.0000,72620.0000,"1,9,9","7,8","(9,2),(8,1),(7,2)",,0,0.0000
1363,LM01260819000764,Approved,2026-08-19T21:17:21+08:00,2026-08-19T21:18:35+08:00,53.73,PRT_L1,253,123.88,996887.47628,336,347,31342.5000,16840.0000,0.0000,0.0000,16840.0000,"1,3,8","2,7","(4,1),(5,2),(2,2)",,0,0.0000
1364,LM01260819000763,Approved,2026-08-19T21:16:00+08:00,2026-08-19T21:17:16+08:00,44.01,PRT_L1,258,147.66,996756.12628,353,337,38097.5000,16765.0000,0.0000,0.0000,16765.0000,"2,7,7","9,4","(4,2),(2,2),(8,1)",,0,0.0000
1365,LM01260819000762,Approved,2026-08-19T21:14:48+08:00,2026-08-19T21:15:55+08:00,35.71,PRT_L1,275,139.11,996601.85128,356,370,38255.0000,13660.0000,0.0000,0.0000,13660.0000,"1,5,8","2,4","(5,2),(6,2),(7,1)",,0,0.0000
1366,LM01260819000761,Approved,2026-08-19T21:13:30+08:00,2026-08-19T21:14:43+08:00,32.16,PRT_L1,287,135.96,996442.45128,379,367,39020.0000,12550.0000,0.0000,0.0000,12550.0000,"1,5,8","1,9","(6,2),(8,1),(2,2)",,0,0.0000
1367,LM01260819000760,Approved,2026-08-19T21:12:10+08:00,2026-08-19T21:13:25+08:00,70.77,PRT_L1,279,140.94,996280.42628,374,376,39322.5000,27830.0000,0.0000,0.0000,27830.0000,"2,4,9","4,8","(3,2),(9,2),(1,2)",,0,0.0000
1368,LM01260819000759,Approved,2026-08-19T21:10:53+08:00,2026-08-19T21:12:05+08:00,82.74,PRT_L1,277,145.99,996122.67628,369,386,40440.0000,33460.0000,0.0000,0.0000,33460.0000,"2,9,9","6,2","(4,2),(2,2),(3,2)",,0,0.0000
1369,LM01260819000758,Approved,2026-08-19T21:09:39+08:00,2026-08-19T21:10:48+08:00,127.64,PRT_L1,261,153.57,995963.32628,356,374,40082.5000,51160.0000,0.0000,0.0000,51160.0000,"2,3,5","2,3","(4,1),(9,2),(2,2)",,0,0.0000
1370,LM01260819000757,Approved,2026-08-19T21:08:27+08:00,2026-08-19T21:09:34+08:00,58.30,PRT_L1,257,145.03,995805.92628,343,355,37272.5000,21730.0000,0.0000,0.0000,21730.0000,"3,8,9","5,1","(8,2),(5,1),(1,2)",,0,0.0000
1371,LM01260819000756,Approved,2026-08-19T21:07:12+08:00,2026-08-19T21:08:22+08:00,109.17,PRT_L1,257,146.98,995656.77628,355,360,37775.0000,41240.0000,0.0000,0.0000,41240.0000,"3,3,7","2,1","(2,2),(4,1),(8,2)",,0,0.0000
1372,LM01260819000755,Approved,2026-08-19T21:05:56+08:00,2026-08-19T21:07:07+08:00,70.36,PRT_L1,261,139.73,995505.67628,351,360,36470.0000,25660.0000,0.0000,0.0000,25660.0000,"2,2,8","2,3","(7,2),(1,2),(2,2)",,0,0.0000
1373,LM01260819000754,Approved,2026-08-19T21:03:44+08:00,2026-08-19T21:05:51+08:00,42.14,PRT_L1,265,208.48,995363.00128,367,364,55247.5000,23280.0000,0.0000,0.0000,23280.0000,"2,3,7","6,2","(9,2),(4,2),(6,1)",,0,0.0000
1374,LM01260819000753,Approved,2026-08-19T21:02:29+08:00,2026-08-19T21:03:39+08:00,153.48,PRT_L1,254,139.01,995119.77628,350,377,35307.5000,54190.0000,0.0000,0.0000,54190.0000,"4,6,6","7,6","(5,2),(7,1),(6,2)",,0,0.0000
1375,LM01260819000752,Approved,2026-08-19T21:01:11+08:00,2026-08-19T21:02:24+08:00,38.64,PRT_L1,246,148.54,994983.15128,337,348,36540.0000,14120.0000,0.0000,0.0000,14120.0000,"1,2,9","8,2","(9,1),(6,2),(8,2)",,0,0.0000
1376,LM01260819000751,Approved,2026-08-19T20:59:51+08:00,2026-08-19T21:01:06+08:00,123.20,PRT_L1,266,150.53,994839.57628,361,338,40040.0000,49330.0000,0.0000,0.0000,49330.0000,"5,7,7","8,4","(2,2),(7,2),(1,1)",,0,0.0000
1377,LM01260819000750,Approved,2026-08-19T20:58:38+08:00,2026-08-19T20:59:46+08:00,104.63,PRT_L1,276,135.33,994681.52628,351,375,37350.0000,39080.0000,0.0000,0.0000,39080.0000,"1,4,8","8,2","(5,2),(6,2),(4,2)",,0,0.0000
1378,LM01260819000749,Approved,2026-08-19T20:57:23+08:00,2026-08-19T20:58:33+08:00,130.22,PRT_L1,275,137.21,994532.40128,357,358,37732.5000,49135.0000,0.0000,0.0000,49135.0000,"4,7,7","9,5","(9,1),(4,2),(7,2)",,0,0.0000
1379,LM01260819000748,Approved,2026-08-19T20:55:34+08:00,2026-08-19T20:57:18+08:00,84.60,PRT_L1,271,142.50,994382.37628,360,364,38617.5000,32670.0000,0.0000,0.0000,32670.0000,"4,4,7","3,6","(3,2),(4,1),(6,2)",,0,0.0000
1380,LM01260819000747,Approved,2026-08-19T20:54:15+08:00,2026-08-19T20:55:29+08:00,81.44,PRT_L1,279,141.68,994226.47628,374,378,39527.5000,32190.0000,0.0000,0.0000,32190.0000,"2,6,6","2,6","(4,2),(1,1),(7,2)",,0,0.0000
1381,LM01260819000746,Approved,2026-08-19T20:53:02+08:00,2026-08-19T20:54:10+08:00,113.34,PRT_L1,279,138.04,994070.17628,381,385,38512.5000,43650.0000,0.0000,0.0000,43650.0000,"1,3,3","7,9","(1,2),(8,2),(2,1)",,0,0.0000
1382,LM01260819000745,Approved,2026-08-19T20:51:46+08:00,2026-08-19T20:52:57+08:00,132.24,PRT_L1,289,146.09,993916.02628,377,392,42220.0000,55830.0000,0.0000,0.0000,55830.0000,"3,4,6","3,7","(7,3),(1,2),(5,1)",,0,0.0000
1383,LM01260819000744,Approved,2026-08-19T20:50:27+08:00,2026-08-19T20:51:41+08:00,55.59,PRT_L1,283,143.66,993748.85128,364,381,40655.0000,22600.0000,0.0000,0.0000,22600.0000,"1,4,7","1,2","(7,1),(6,2),(2,2)",,0,0.0000
1384,LM01260819000743,Approved,2026-08-19T20:49:13+08:00,2026-08-19T20:50:22+08:00,126.60,PRT_L1,266,150.88,993587.10128,359,366,40135.0000,50810.0000,0.0000,0.0000,50810.0000,"3,5,9","7,3","(4,1),(5,2),(7,2)",,0,0.0000
1385,LM01260819000742,Approved,2026-08-19T20:47:12+08:00,2026-08-19T20:49:08+08:00,106.90,PRT_L1,248,150.05,993429.02628,331,365,37212.5000,39780.0000,0.0000,0.0000,39780.0000,"4,6,6","4,3","(3,2),(5,2),(1,1)",,0,0.0000
1386,LM01260819000741,Approved,2026-08-19T20:45:53+08:00,2026-08-19T20:47:07+08:00,85.90,PRT_L1,248,155.23,993282.77628,345,340,38497.5000,33070.0000,0.0000,0.0000,33070.0000,"3,6,8","8,5","(8,2),(2,1),(4,2)",,0,0.0000
1387,LM01260819000740,Approved,2026-08-19T20:44:45+08:00,2026-08-19T20:45:48+08:00,96.55,PRT_L1,244,145.68,993131.05128,329,341,35545.0000,34320.0000,0.0000,0.0000,34320.0000,"4,5,5","6,2","(4,2),(5,1),(8,2)",,0,0.0000
1388,LM01260819000739,Approved,2026-08-19T20:43:29+08:00,2026-08-19T20:44:40+08:00,57.62,PRT_L1,240,168.92,992986.25128,326,331,40540.0000,23360.0000,0.0000,0.0000,23360.0000,"4,5,7","6,2","(2,2),(8,1),(4,2)",,0,0.0000
1389,LM01260819000738,Approved,2026-08-19T20:42:20+08:00,2026-08-19T20:43:24+08:00,84.74,PRT_L1,249,148.29,992821.90128,330,337,36925.0000,31290.0000,0.0000,0.0000,31290.0000,"4,6,9","7,4","(4,2),(8,1),(9,2)",,0,0.0000
1390,LM01260819000737,Approved,2026-08-19T20:41:00+08:00,2026-08-19T20:42:15+08:00,98.65,PRT_L1,253,176.10,992676.50128,338,340,44552.5000,43950.0000,0.0000,0.0000,43950.0000,"1,4,6","5,2","(7,2),(4,1),(6,2)",,0,0.0000
1391,LM01260819000736,Approved,2026-08-19T20:39:47+08:00,2026-08-19T20:40:55+08:00,68.09,PRT_L1,260,159.66,992493.50128,349,350,41512.5000,28265.0000,0.0000,0.0000,28265.0000,"1,1,6","8,4","(6,2),(4,2),(9,1)",,0,0.0000
1392,LM01260819000735,Approved,2026-08-19T20:38:30+08:00,2026-08-19T20:39:42+08:00,107.64,PRT_L1,267,165.63,992326.72628,351,359,44222.5000,47600.0000,0.0000,0.0000,47600.0000,"2,3,5","1,9","(2,2),(8,2),(3,1)",,0,0.0000
1393,LM01260819000734,Approved,2026-08-19T20:37:13+08:00,2026-08-19T20:38:25+08:00,78.92,PRT_L1,263,162.90,992147.82628,354,360,42842.5000,33810.0000,0.0000,0.0000,33810.0000,"2,3,6","6,9","(7,2),(4,1),(8,2)",,0,0.0000
1394,LM01260819000733,Approved,2026-08-19T20:35:54+08:00,2026-08-19T20:37:08+08:00,100.34,PRT_L1,257,157.09,991977.07628,336,366,40372.5000,40510.0000,0.0000,0.0000,40510.0000,"1,2,3","3,2","(9,2),(7,2),(6,1)",,0,0.0000
1395,LM01260819000732,Approved,2026-08-19T20:34:41+08:00,2026-08-19T20:35:49+08:00,74.85,PRT_L1,262,187.99,991813.05128,346,341,49252.5000,36865.0000,0.0000,0.0000,36865.0000,"2,2,3","1,8","(4,2),(1,1),(3,2)",,0,0.0000
1396,LM01260819000731,Approved,2026-08-19T20:33:24+08:00,2026-08-19T20:34:36+08:00,49.91,PRT_L1,271,131.47,991619.87628,351,352,35627.5000,17780.0000,0.0000,0.0000,17780.0000,"1,4,6","3,7","(5,2),(9,1),(1,2)",,0,0.0000
1397,LM01260819000730,Approved,2026-08-19T20:32:09+08:00,2026-08-19T20:33:19+08:00,61.01,PRT_L1,253,134.88,991475.55128,339,355,34125.0000,20820.0000,0.0000,0.0000,20820.0000,"2,4,5","6,9","(2,2),(1,1),(8,2)",,0,0.0000
1398,LM01260819000729,Approved,2026-08-19T20:30:46+08:00,2026-08-19T20:32:04+08:00,84.99,PRT_L1,240,143.06,991338.47628,319,350,34335.0000,29180.0000,0.0000,0.0000,29180.0000,"1,5,9","8,1","(4,2),(9,2),(2,1)",,0,0.0000
1399,LM01260819000728,Approved,2026-08-19T20:29:25+08:00,2026-08-19T20:30:41+08:00,191.23,PRT_L1,229,139.12,991199.55128,306,328,31857.5000,60920.0000,0.0000,0.0000,60920.0000,"5,5,9","9,5","(4,1),(5,2),(7,2)",,0,0.0000
1400,LM01260819000727,Approved,2026-08-19T20:28:09+08:00,2026-08-19T20:29:20+08:00,61.97,PRT_L1,224,181.40,991069.40128,314,310,40632.5000,25180.0000,0.0000,0.0000,25180.0000,"1,9,9","9,1","(7,2),(4,2),(9,2)",,0,0.0000
1401,LM01260819000726,Approved,2026-08-19T20:26:53+08:00,2026-08-19T20:28:04+08:00,105.11,PRT_L1,225,175.50,990909.12628,300,318,39487.5000,41505.0000,0.0000,0.0000,41505.0000,"6,8,8","5,4","(6,1),(5,2),(8,2)",,0,0.0000
1402,LM01260819000725,Approved,2026-08-19T20:24:52+08:00,2026-08-19T20:26:48+08:00,131.18,PRT_L1,210,139.87,990754.15128,290,317,29372.5000,38530.0000,0.0000,0.0000,38530.0000,"5,5,6","5,1","(8,2),(7,1),(6,2)",,0,0.0000
1403,LM01260819000724,Approved,2026-08-19T20:23:38+08:00,2026-08-19T20:24:47+08:00,135.27,PRT_L1,205,159.01,990642.42628,284,310,32597.5000,44095.0000,0.0000,0.0000,44095.0000,"2,3,3","4,2","(6,2),(8,1),(9,3)",,0,0.0000
1404,LM01260819000723,Approved,2026-08-19T20:22:21+08:00,2026-08-19T20:23:33+08:00,78.06,PRT_L1,201,181.32,990514.42628,269,283,36445.0000,28450.0000,0.0000,0.0000,28450.0000,"3,8,8","6,2","(1,1),(7,3),(6,2)",,0,0.0000
1405,LM01260819000722,Approved,2026-08-19T20:21:12+08:00,2026-08-19T20:22:16+08:00,75.60,PRT_L1,202,182.43,990374.70128,290,284,36850.0000,27860.0000,0.0000,0.0000,27860.0000,"3,8,9","5,9","(4,2),(6,2),(5,1)",,0,0.0000
1406,LM01260819000721,Approved,2026-08-19T20:19:59+08:00,2026-08-19T20:21:07+08:00,69.00,PRT_L1,199,293.37,990237.32628,284,283,58380.0000,40280.0000,0.0000,0.0000,40280.0000,"2,3,9","1,7","(5,2),(1,2),(7,1)",,0,0.0000
1407,LM01260819000720,Approved,2026-08-19T20:18:47+08:00,2026-08-19T20:19:54+08:00,62.35,PRT_L1,201,197.82,990028.22628,287,287,39762.5000,24790.0000,0.0000,0.0000,24790.0000,"5,5,8","2,7","(6,1),(8,2),(4,2)",,0,0.0000
1408,LM01260819000719,Approved,2026-08-19T20:17:33+08:00,2026-08-19T20:18:42+08:00,67.07,PRT_L1,211,191.86,989876.32628,309,301,40482.5000,27150.0000,0.0000,0.0000,27150.0000,"6,7,8","5,8","(5,3),(6,1),(4,2)",,0,0.0000
1409,LM01260819000718,Approved,2026-08-19T20:16:20+08:00,2026-08-19T20:17:28+08:00,55.87,PRT_L1,215,192.71,989716.80128,305,306,41432.5000,23150.0000,0.0000,0.0000,23150.0000,"2,4,5","8,2","(9,2),(4,2),(3,1)",,0,0.0000
1410,LM01260819000717,Approved,2026-08-19T20:15:10+08:00,2026-08-19T20:16:15+08:00,39.89,PRT_L1,209,243.12,989558.10128,289,301,50812.5000,20270.0000,0.0000,0.0000,20270.0000,"4,7,8","5,1","(6,2),(4,2),(9,1)",,0,0.0000
1411,LM01260819000716,Approved,2026-08-19T20:13:59+08:00,2026-08-19T20:15:05+08:00,29.62,PRT_L1,218,224.69,989371.32628,292,293,48982.5000,14510.0000,0.0000,0.0000,14510.0000,"7,7,9","6,2","(2,1),(9,2),(1,2)",,0,0.0000
1412,LM01260819000715,Approved,2026-08-19T20:12:49+08:00,2026-08-19T20:13:54+08:00,65.14,PRT_L1,221,192.17,989190.25128,294,303,42470.0000,27665.0000,0.0000,0.0000,27665.0000,"5,5,6","4,7","(3,1),(8,2),(2,2)",,0,0.0000
1413,LM01260819000714,Approved,2026-08-19T20:11:38+08:00,2026-08-19T20:12:44+08:00,105.72,PRT_L1,227,209.43,989029.05128,301,307,47540.0000,50260.0000,0.0000,0.0000,50260.0000,"6,7,8","6,3","(6,2),(5,1),(3,2)",,0,0.0000
1414,LM01260819000713,Approved,2026-08-19T20:10:27+08:00,2026-08-19T20:11:33+08:00,80.25,PRT_L1,229,185.93,988849.25128,301,309,42577.5000,34170.0000,0.0000,0.0000,34170.0000,"3,5,8","9,2","(9,1),(7,2),(6,2)",,0,0.0000
1415,LM01260819000712,Approved,2026-08-19T20:09:08+08:00,2026-08-19T20:10:22+08:00,119.08,PRT_L1,212,197.62,988689.15128,300,304,41895.0000,49890.0000,0.0000,0.0000,49890.0000,"2,3,6","1,5","(2,2),(5,1),(1,2)",,0,0.0000
1416,LM01260819000711,Approved,2026-08-19T20:07:56+08:00,2026-08-19T20:09:03+08:00,44.97,PRT_L1,208,222.86,988527.12628,310,302,46355.0000,20845.0000,0.0000,0.0000,20845.0000,"2,8,8","5,4","(3,2),(9,1),(5,2)",,0,0.0000
1417,LM01260819000710,Approved,2026-08-19T20:06:39+08:00,2026-08-19T20:07:51+08:00,38.72,PRT_L1,238,191.41,988346.30128,328,320,45555.0000,17640.0000,0.0000,0.0000,17640.0000,"6,8,8","5,9","(4,2),(7,2),(8,2)",,0,0.0000
1418,LM01260819000709,Approved,2026-08-19T20:05:29+08:00,2026-08-19T20:06:34+08:00,167.50,PRT_L1,234,188.14,988171.00128,312,330,44025.0000,73740.0000,0.0000,0.0000,73740.0000,"2,3,7","5,4","(3,2),(9,1),(4,2)",,0,0.0000
1419,LM01260819000708,Approved,2026-08-19T20:04:18+08:00,2026-08-19T20:05:24+08:00,64.76,PRT_L1,254,208.16,988004.57628,324,327,52872.5000,34240.0000,0.0000,0.0000,34240.0000,"1,6,9","2,6","(7,2),(6,2),(8,1)",,0,0.0000
1420,LM01260819000707,Approved,2026-08-19T20:03:04+08:00,2026-08-19T20:04:13+08:00,166.48,PRT_L1,247,165.69,987799.07628,324,327,40925.0000,68130.0000,0.0000,0.0000,68130.0000,"3,6,8","9,4","(3,2),(1,2),(8,2)",,0,0.0000
1421,LM01260819000706,Approved,2026-08-19T20:00:51+08:00,2026-08-19T20:02:59+08:00,118.57,PRT_L1,242,151.01,987634.22628,298,324,36545.0000,43330.0000,0.0000,0.0000,43330.0000,"1,2,3","9,6","(7,2),(3,1),(5,2)",,0,0.0000
1422,LM01260819000705,Approved,2026-08-19T19:59:42+08:00,2026-08-19T20:00:46+08:00,39.04,PRT_L1,242,155.07,987485.82628,305,314,37527.5000,14650.0000,0.0000,0.0000,14650.0000,"1,7,7","8,9","(9,2),(5,2),(1,1)",,0,0.0000
1423,LM01260819000704,Approved,2026-08-19T19:58:28+08:00,2026-08-19T19:59:37+08:00,206.30,PRT_L1,232,183.41,987335.00128,310,311,42550.0000,87780.0000,0.0000,0.0000,87780.0000,"2,3,8","1,8","(1,2),(3,2),(4,1)",,0,0.0000
1424,LM01260819000703,Approved,2026-08-19T19:57:11+08:00,2026-08-19T19:58:23+08:00,212.86,PRT_L1,226,174.42,987165.42628,317,322,39420.0000,83910.0000,0.0000,0.0000,83910.0000,"3,7,9","3,8","(6,2),(7,2),(3,2)",,0,0.0000
1425,LM01260819000702,Approved,2026-08-19T19:55:11+08:00,2026-08-19T19:57:06+08:00,73.63,PRT_L1,216,168.76,987002.77628,287,322,36452.5000,26840.0000,0.0000,0.0000,26840.0000,"3,5,7","2,8","(1,2),(5,1),(6,2)",,0,0.0000
1426,LM01260819000701,Approved,2026-08-19T19:53:52+08:00,2026-08-19T19:55:06+08:00,40.43,PRT_L1,231,174.95,986846.85128,311,311,40412.5000,16340.0000,0.0000,0.0000,16340.0000,"1,2,5","8,6","(9,2),(2,1),(1,2)",,0,0.0000
1427,LM01260819000700,Approved,2026-08-19T19:52:36+08:00,2026-08-19T19:53:47+08:00,249.27,PRT_L1,220,210.10,986678.17628,299,310,46222.5000,115220.0000,0.0000,0.0000,115220.0000,"3,3,6","9,4","(7,2),(3,1),(2,2)",,0,0.0000
1428,LM01260819000699,Approved,2026-08-19T19:51:19+08:00,2026-08-19T19:52:31+08:00,195.23,PRT_L1,200,224.54,986495.25128,278,297,44907.5000,87675.0000,0.0000,0.0000,87675.0000,"3,3,6","8,4","(8,1),(6,2),(9,2)",,0,0.0000
1429,LM01260819000698,Approved,2026-08-19T19:50:02+08:00,2026-08-19T19:51:14+08:00,39.69,PRT_L1,202,382.45,986321.97628,277,288,77255.0000,30665.0000,0.0000,0.0000,30665.0000,"2,2,6","6,8","(7,2),(2,2),(1,1)",,0,0.0000
1430,LM01260819000697,Approved,2026-08-19T19:48:49+08:00,2026-08-19T19:49:57+08:00,170.59,PRT_L1,194,373.00,986046.37628,276,278,72362.5000,123440.0000,0.0000,0.0000,123440.0000,"3,4,7","7,3","(1,2),(9,2),(8,1)",,0,0.0000
1431,LM01260819000696,Approved,2026-08-19T19:47:38+08:00,2026-08-19T19:48:44+08:00,49.46,PRT_L1,199,307.42,985785.75128,284,284,61177.5000,30260.0000,0.0000,0.0000,30260.0000,"2,2,6","3,2","(2,2),(5,2),(9,1)",,0,0.0000
1432,LM01260819000695,Approved,2026-08-19T19:46:26+08:00,2026-08-19T19:47:33+08:00,115.80,PRT_L1,192,341.97,985556.02628,277,284,65657.5000,76030.0000,0.0000,0.0000,76030.0000,"3,4,9","1,8","(7,2),(5,2),(2,1)",,0,0.0000
1433,LM01260819000694,Approved,2026-08-19T19:45:11+08:00,2026-08-19T19:46:21+08:00,26.87,PRT_L1,199,290.30,985314.10128,272,279,57770.0000,15520.0000,0.0000,0.0000,15520.0000,"2,2,7","9,7","(4,2),(2,2),(3,1)",,0,0.0000
1434,LM01260819000693,Approved,2026-08-19T19:43:54+08:00,2026-08-19T19:45:06+08:00,287.15,PRT_L1,185,327.09,985102.52628,258,273,60512.5000,173760.0000,0.0000,0.0000,173760.0000,"3,4,6","6,3","(5,2),(1,2),(3,2)",,0,0.0000
1435,LM01260819000692,Approved,2026-08-19T19:42:41+08:00,2026-08-19T19:43:49+08:00,138.09,PRT_L1,179,282.78,984882.52628,263,265,50617.5000,69900.0000,0.0000,0.0000,69900.0000,"1,6,9","3,5","(9,2),(8,2),(2,1)",,0,0.0000
1436,LM01260819000691,Approved,2026-08-19T19:39:40+08:00,2026-08-19T19:42:36+08:00,407.16,PRT_L1,156,338.41,984695.72628,239,264,52792.5000,177250.0000,37700.0000,0.0000,214950.0000,"3,3,3","1,5","(1,2),(2,1),(4,2)","result:(1,2),(1,4),(2,4)",0,0.0000
1437,LM01260819000690,Approved,2026-08-19T19:38:15+08:00,2026-08-19T19:39:35+08:00,24.71,PRT_L1,172,342.63,984503.62628,243,253,58932.5000,14560.0000,0.0000,0.0000,14560.0000,"1,5,8","5,1","(8,2),(1,2),(6,1)",,0,0.0000
1438,LM01260819000689,Approved,2026-08-19T19:37:03+08:00,2026-08-19T19:38:10+08:00,14.32,PRT_L1,170,384.90,984291.62628,231,249,65432.5000,9370.0000,0.0000,0.0000,9370.0000,"1,4,5","6,5","(7,2),(3,2),(8,1)",,0,0.0000
1439,LM01260819000688,Approved,2026-08-19T19:35:46+08:00,2026-08-19T19:36:58+08:00,156.25,PRT_L1,153,373.17,984054.67628,214,232,57095.0000,89210.0000,0.0000,0.0000,89210.0000,"3,8,8","3,8","(4,1),(9,2),(7,2)",,0,0.0000
1440,LM01260819000687,Approved,2026-08-19T19:34:32+08:00,2026-08-19T19:35:41+08:00,12.89,PRT_L1,140,369.00,983846.72628,207,220,51660.0000,6660.0000,0.0000,0.0000,6660.0000,"2,4,5","1,8","(2,1),(1,2),(6,2)",,0,0.0000
1441,LM01260819000686,Approved,2026-08-19T19:33:11+08:00,2026-08-19T19:34:27+08:00,84.28,PRT_L1,124,390.50,983654.25128,175,204,48422.5000,40810.0000,0.0000,0.0000,40810.0000,"1,3,4","7,1","(5,2),(1,2),(6,1)",,0,0.0000
1442,LM01260819000685,Approved,2026-08-19T19:31:55+08:00,2026-08-19T19:33:06+08:00,176.46,PRT_L1,103,297.77,983475.85128,152,172,30670.0000,54120.0000,0.0000,0.0000,54120.0000,"6,6,9","2,4","(6,2),(9,2),(1,1)",,0,0.0000
1443,LM01260819000684,Approved,2026-08-19T19:30:39+08:00,2026-08-19T19:31:50+08:00,129.78,PRT_L1,90,295.97,983360.90128,140,149,26637.5000,34570.0000,0.0000,0.0000,34570.0000,"2,2,9","4,3","(2,2),(9,2),(6,2)",,0,0.0000
1444,LM01260819000683,Approved,2026-08-19T19:29:25+08:00,2026-08-19T19:30:34+08:00,744.03,PRT_L1,86,275.47,983262.12628,115,132,23690.0000,176260.0000,0.0000,0.0000,176260.0000,"3,3,4","3,8","(5,2),(3,2),(2,2)",,0,0.0000
1445,LM01260819000682,Approved,2026-08-19T19:28:16+08:00,2026-08-19T19:29:20+08:00,86.04,PRT_L1,84,368.33,983176.95128,110,116,30940.0000,26620.0000,0.0000,0.0000,26620.0000,"1,3,7","4,2","(4,2),(7,1),(1,2)",,0,0.0000
1446,LM01260819000681,Approved,2026-08-19T19:27:00+08:00,2026-08-19T19:28:11+08:00,51.35,PRT_L1,81,592.69,983066.72628,107,109,48007.5000,24650.0000,0.0000,0.0000,24650.0000,"6,8,9","3,2","(7,2),(1,2),(2,1)",,0,0.0000
1447,LM01260819000680,Approved,2026-08-19T19:25:03+08:00,2026-08-19T19:26:55+08:00,71.04,PRT_L1,79,641.33,982900.27628,108,111,50665.0000,35990.0000,0.0000,0.0000,35990.0000,"3,6,8","5,8","(7,2),(2,2),(5,1)",,0,0.0000
1448,LM01260819000679,Approved,2026-08-19T19:23:51+08:00,2026-08-19T19:24:58+08:00,61.00,PRT_L1,74,618.78,982725.35128,108,108,45790.0000,27930.0000,0.0000,0.0000,27930.0000,"1,2,9","3,4","(7,3),(6,1),(8,2)",,0,0.0000
1449,LM01260819000678,Approved,2026-08-19T19:22:34+08:00,2026-08-19T19:23:46+08:00,97.33,PRT_L1,78,172.76,982566.70128,111,108,13475.0000,13115.0000,0.0000,0.0000,13115.0000,"1,5,5","2,9","(3,1),(1,2),(9,2)",,0,0.0000
1450,LM01260819000677,Approved,2026-08-19T19:21:17+08:00,2026-08-19T19:22:29+08:00,576.25,PRT_L1,74,322.94,982516.07628,109,108,23897.5000,137710.0000,0.0000,0.0000,137710.0000,"3,3,4","8,3","(6,1),(3,2),(2,2)",,0,0.0000
1451,LM01260819000676,Approved,2026-08-19T19:20:04+08:00,2026-08-19T19:21:12+08:00,56.66,PRT_L1,70,222.89,982431.22628,101,112,15602.5000,8840.0000,0.0000,0.0000,8840.0000,"2,3,6","4,9","(2,1),(8,2),(9,2)",,0,0.0000
1452,LM01260819000675,Approved,2026-08-19T19:18:51+08:00,2026-08-19T19:19:59+08:00,73.92,PRT_L1,69,362.14,982375.25128,104,102,24987.5000,18470.0000,0.0000,0.0000,18470.0000,"7,9,9","6,2","(2,2),(6,2),(3,1)",,0,0.0000
1453,LM01260819000674,Approved,2026-08-19T19:17:36+08:00,2026-08-19T19:18:46+08:00,271.96,PRT_L1,68,414.74,982287.42628,100,107,28202.5000,76700.0000,0.0000,0.0000,76700.0000,"2,3,3","6,3","(1,1),(7,2),(9,2)",,0,0.0000
1454,LM01260819000673,Approved,2026-08-19T19:16:22+08:00,2026-08-19T19:17:31+08:00,65.27,PRT_L1,82,337.26,982181.62628,115,103,27655.0000,18050.0000,0.0000,0.0000,18050.0000,"1,1,2","6,1","(9,2),(2,1),(3,2)",,0,0.0000
1455,LM01260819000672,Approved,2026-08-19T19:15:02+08:00,2026-08-19T19:16:17+08:00,42.41,PRT_L1,83,249.43,982077.30128,115,115,20702.5000,8780.0000,0.0000,0.0000,8780.0000,"2,5,6","7,8","(4,2),(2,2),(8,2)",,0,0.0000
1456,LM01260819000671,Approved,2026-08-19T19:13:43+08:00,2026-08-19T19:14:57+08:00,82.94,PRT_L1,81,361.73,981997.15128,103,116,29300.0000,24300.0000,0.0000,0.0000,24300.0000,"3,6,8","6,5","(5,2),(7,2),(1,1)",,0,0.0000
1457,LM01260819000670,Approved,2026-08-19T19:12:32+08:00,2026-08-19T19:13:38+08:00,119.82,PRT_L1,73,312.67,981883.55128,100,103,22825.0000,27350.0000,0.0000,0.0000,27350.0000,"1,5,9","8,9","(9,1),(6,2),(8,2)",,0,0.0000
1458,LM01260819000669,Approved,2026-08-19T19:11:19+08:00,2026-08-19T19:12:27+08:00,92.69,PRT_L1,78,272.76,981797.95128,100,101,21275.0000,19720.0000,0.0000,0.0000,19720.0000,"5,5,6","3,5","(1,2),(2,1),(3,2)",,0,0.0000
1459,LM01260819000668,Approved,2026-08-19T19:10:06+08:00,2026-08-19T19:11:14+08:00,118.38,PRT_L1,72,227.26,981719.62628,98,97,16362.5000,19370.0000,0.0000,0.0000,19370.0000,"3,7,7","8,6","(5,1),(9,2),(3,2)",,0,0.0000
1460,LM01260819000667,Approved,2026-08-19T19:08:53+08:00,2026-08-19T19:10:01+08:00,60.64,PRT_L1,71,258.17,981658.42628,94,102,18330.0000,11115.0000,0.0000,0.0000,11115.0000,"3,8,8","9,7","(2,1),(9,2),(7,2)",,0,0.0000
1461,LM01260819000666,Approved,2026-08-19T19:07:40+08:00,2026-08-19T19:08:48+08:00,104.14,PRT_L1,62,278.31,981591.02628,92,92,17255.0000,17970.0000,0.0000,0.0000,17970.0000,"1,5,9","6,9","(1,1),(8,2),(5,2)",,0,0.0000
1462,LM01260819000665,Approved,2026-08-19T19:06:27+08:00,2026-08-19T19:07:35+08:00,25.77,PRT_L1,65,268.65,981526.82628,89,96,17462.5000,4500.0000,0.0000,0.0000,4500.0000,"4,6,6","8,2","(5,1),(7,2),(3,2)",,0,0.0000
1463,LM01260819000664,Approved,2026-08-19T19:05:08+08:00,2026-08-19T19:06:22+08:00,153.38,PRT_L1,62,153.27,981459.42628,89,90,9502.5000,14575.0000,0.0000,0.0000,14575.0000,"3,3,8","1,7","(1,2),(2,2),(8,1)",,0,0.0000
1464,LM01260819000663,Approved,2026-08-19T19:03:51+08:00,2026-08-19T19:05:03+08:00,82.14,PRT_L1,56,158.48,981418.52628,87,89,8875.0000,7290.0000,0.0000,0.0000,7290.0000,"2,3,5","7,2","(1,2),(2,1),(8,2)",,0,0.0000
1465,LM01260819000662,Approved,2026-08-19T19:01:05+08:00,2026-08-19T19:03:46+08:00,314.29,PRT_L1,54,226.85,981381.32628,73,85,12250.0000,32350.0000,6150.0000,0.0000,38500.0000,"3,3,3","4,8","(8,1),(7,2),(1,2)","result:(3,4),(3,4),(2,3)",0,0.0000
1466,LM01260819000661,Approved,2026-08-19T18:59:50+08:00,2026-08-19T19:01:00+08:00,77.96,PRT_L1,57,226.62,981334.95128,72,74,12917.5000,10070.0000,0.0000,0.0000,10070.0000,"1,6,7","6,9","(6,1),(9,2),(3,2)",,0,0.0000
1467,LM01260819000660,Approved,2026-08-19T18:58:34+08:00,2026-08-19T18:59:45+08:00,12.66,PRT_L1,42,261.49,981281.47628,63,71,10982.5000,1390.0000,0.0000,0.0000,1390.0000,"1,1,8","1,5","(9,2),(3,3),(6,1)",,0,0.0000
1468,LM01260819000659,Approved,2026-08-19T18:57:20+08:00,2026-08-19T18:58:29+08:00,146.05,PRT_L1,42,225.54,981236.30128,63,62,9472.5000,13835.0000,0.0000,0.0000,13835.0000,"3,3,7","9,1","(9,2),(8,3),(7,1)",,0,0.0000
1469,LM01260819000658,Approved,2026-08-19T18:55:28+08:00,2026-08-19T18:57:15+08:00,33.16,PRT_L1,44,209.38,981195.82628,58,67,9212.5000,3055.0000,0.0000,0.0000,3055.0000,"4,4,9","7,8","(5,3),(6,2),(2,1)",,0,0.0000
1470,LM01260819000657,Approved,2026-08-19T18:54:13+08:00,2026-08-19T18:55:23+08:00,71.06,PRT_L1,37,187.50,981155.37628,61,61,6937.5000,4930.0000,0.0000,0.0000,4930.0000,"1,2,3","4,7","(4,2),(8,1),(7,2)",,0,0.0000
1471,LM01260819000656,Approved,2026-08-19T18:52:56+08:00,2026-08-19T18:54:08+08:00,51.85,PRT_L1,31,137.50,981124.40128,54,64,4262.5000,2210.0000,0.0000,0.0000,2210.0000,"3,4,8","1,4","(7,1),(4,2),(9,2)",,0,0.0000
1472,LM01260819000655,Approved,2026-08-19T18:51:45+08:00,2026-08-19T18:52:51+08:00,41.02,PRT_L1,31,184.03,981105.02628,42,54,5705.0000,2340.0000,0.0000,0.0000,2340.0000,"6,8,9","1,8","(3,1),(4,2),(7,2)",,0,0.0000
1473,LM01260819000654,Approved,2026-08-19T18:50:36+08:00,2026-08-19T18:51:40+08:00,197.07,PRT_L1,23,118.91,981078.80128,41,45,2735.0000,5390.0000,0.0000,0.0000,5390.0000,"3,5,6","3,8","(7,1),(8,2),(1,2)",,0,0.0000
1474,LM01260819000653,Approved,2026-08-19T18:49:24+08:00,2026-08-19T18:50:31+08:00,43.52,PRT_L1,20,83.88,981066.95128,39,44,1677.5000,730.0000,0.0000,0.0000,730.0000,"4,7,9","6,7","(2,2),(7,1),(5,2)",,0,0.0000
1475,LM01260819000652,Approved,2026-08-19T16:59:51+08:00,2026-08-19T18:49:19+08:00,175.38,PRT_L1,7,46.43,981060.32628,21,40,325.0000,570.0000,0.0000,0.0000,570.0000,"1,1,6","2,4","(2,2),(3,2),(7,2)",,0,0.0000
1476,LM01260819000651,Approved,2026-08-19T16:58:53+08:00,,0.00,PRT_L1,1,0.00,981058.75128,2,2,0.0000,0.0000,0.0000,0.0000,0.0000,"1,2,3","1,7","(6,2),(5,2),(2,1)",,0,0.0000
1477,LM01260819000650,Approved,2026-08-19T16:57:34+08:00,,0.00,PRT_L1,1,0.00,981058.75128,2,2,0.0000,0.0000,0.0000,0.0000,0.0000,"1,1,1","1,5","(4,2),(7,2),(9,1)","result:(3,4)",0,0.0000
1478,LM01260819000649,Approved,2026-08-19T16:56:41+08:00,,0.00,PRT_L1,1,0.00,981058.75128,2,2,0.0000,0.0000,0.0000,0.0000,0.0000,"1,1,3","7,3","(6,1),(5,2),(9,2)",,0,0.0000
1479,LM01260819000648,Approved,2026-08-19T16:55:44+08:00,,0.00,PRT_L1,1,0.00,981058.75128,2,2,0.0000,0.0000,0.0000,0.0000,0.0000,"1,2,3","1,6","(7,2),(9,1),(8,2)",,0,0.0000
1480,LM01260819000647,Approved,2026-08-19T16:41:24+08:00,,0.00,PRT_L1,1,0.00,981058.75128,2,2,0.0000,0.0000,0.0000,0.0000,0.0000,"1,2,3","9,6","(8,1),(4,3),(1,2)",,0,0.0000
1481,LM01260819000645,Playing,2026-08-19T15:55:43+08:00,,0.00,PRT_L1,0,0.00,0.00000,0,0,0.0000,0.0000,0.0000,0.0000,0.0000,,,,,0,0.0000
1482,LM01260819000644,Approved,2026-08-19T15:54:26+08:00,2026-08-19T15:55:38+08:00,95.40,PRT_L1,151,171.32,981058.75128,224,239,25870.0000,24680.0000,0.0000,0.0000,24680.0000,"5,6,8","9,8","(4,1),(5,2),(9,2)",,0,0.0000
1483,LM01260819000643,Approved,2026-08-19T15:53:14+08:00,2026-08-19T15:54:21+08:00,148.42,PRT_L1,171,196.42,980952.85128,249,230,33587.5000,49850.0000,0.0000,0.0000,49850.0000,"3,5,9","6,3","(6,2),(5,2),(8,2)",,0,0.0000
1484,LM01260819000642,Approved,2026-08-19T15:51:58+08:00,2026-08-19T15:53:09+08:00,35.95,PRT_L1,172,155.57,980810.50128,252,260,26757.5000,9620.0000,0.0000,0.0000,9620.0000,"1,2,4","5,9","(2,2),(4,2),(7,1)",,0,0.0000
1485,LM01260819000641,Approved,2026-08-19T15:50:47+08:00,2026-08-19T15:51:53+08:00,49.54,PRT_L1,183,173.96,980697.92628,262,253,31835.0000,15770.0000,0.0000,0.0000,15770.0000,"1,4,7","1,2","(2,2),(4,2),(9,2)",,0,0.0000
1486,LM01260819000640,Approved,2026-08-19T15:49:35+08:00,2026-08-19T15:50:42+08:00,62.97,PRT_L1,184,220.50,980560.82628,269,273,40572.5000,25550.0000,0.0000,0.0000,25550.0000,"3,7,8","4,1","(1,2),(5,2),(4,2)",,0,0.0000
1487,LM01260819000639,Approved,2026-08-19T15:48:22+08:00,2026-08-19T15:49:30+08:00,47.71,PRT_L1,195,180.88,980384.85128,286,273,35272.5000,16830.0000,0.0000,0.0000,16830.0000,"1,2,8","7,1","(4,2),(8,2),(9,2)",,0,0.0000
1488,LM01260819000638,Approved,2026-08-19T15:47:08+08:00,2026-08-19T15:48:17+08:00,84.72,PRT_L1,193,189.26,980236.32628,288,285,36527.5000,30945.0000,0.0000,0.0000,30945.0000,"1,3,3","9,5","(8,2),(1,2),(9,2)",,0,0.0000
1489,LM01260819000637,Approved,2026-08-19T15:45:54+08:00,2026-08-19T15:47:03+08:00,131.07,PRT_L1,186,156.03,980082.62628,289,290,29022.5000,38040.0000,0.0000,0.0000,38040.0000,"5,5,6","8,2","(2,2),(8,2),(1,2)",,0,0.0000
1490,LM01260819000636,Approved,2026-08-19T15:44:44+08:00,2026-08-19T15:45:49+08:00,103.25,PRT_L1,191,154.99,979962.05128,279,289,29602.5000,30565.0000,0.0000,0.0000,30565.0000,"6,9,9","2,6","(2,2),(8,2),(5,2)",,0,0.0000
1491,LM01260819000635,Approved,2026-08-19T15:43:28+08:00,2026-08-19T15:44:39+08:00,116.63,PRT_L1,183,144.26,979837.65128,270,288,26400.0000,30790.0000,0.0000,0.0000,30790.0000,"3,7,9","9,1","(6,2),(4,2),(9,2)",,0,0.0000
1492,LM01260819000634,Approved,2026-08-19T15:42:14+08:00,2026-08-19T15:43:23+08:00,131.41,PRT_L1,183,125.87,979729.50128,257,274,23035.0000,30270.0000,0.0000,0.0000,30270.0000,"3,3,5","8,9","(6,1),(7,3),(4,2)",,0,0.0000
1493,LM01260819000633,Approved,2026-08-19T15:40:57+08:00,2026-08-19T15:42:09+08:00,96.59,PRT_L1,177,155.59,979635.02628,272,261,27540.0000,26600.0000,0.0000,0.0000,26600.0000,"4,5,9","9,6","(1,2),(9,2),(7,2)",,0,0.0000
1494,LM01260819000632,Approved,2026-08-19T15:39:46+08:00,2026-08-19T15:40:52+08:00,37.58,PRT_L1,194,171.88,979518.55128,268,280,33345.0000,12530.0000,0.0000,0.0000,12530.0000,"1,2,6","1,4","(1,2),(9,2),(6,2)",,0,0.0000
1495,LM01260819000631,Approved,2026-08-19T15:38:37+08:00,2026-08-19T15:39:41+08:00,122.57,PRT_L1,195,164.32,979371.02628,275,271,32042.5000,39275.0000,0.0000,0.0000,39275.0000,"4,5,5","9,8","(8,2),(4,2),(5,2)",,0,0.0000
1496,LM01260819000630,Approved,2026-08-19T15:37:29+08:00,2026-08-19T15:38:32+08:00,130.79,PRT_L1,199,174.47,979229.15128,281,279,34720.0000,45410.0000,0.0000,0.0000,45410.0000,"5,5,8","5,8","(8,2),(7,2),(6,2)",,0,0.0000
1497,LM01260819000629,Approved,2026-08-19T15:36:15+08:00,2026-08-19T15:37:24+08:00,46.67,PRT_L1,201,164.07,979072.80128,272,282,32977.5000,15390.0000,0.0000,0.0000,15390.0000,"2,5,5","8,2","(5,2),(9,2),(8,2)",,0,0.0000
1498,LM01260819000628,Approved,2026-08-19T15:35:01+08:00,2026-08-19T15:36:10+08:00,74.06,PRT_L1,213,140.86,978924.72628,296,283,30002.5000,22220.0000,0.0000,0.0000,22220.0000,"1,4,4","3,4","(2,2),(6,2),(5,2)",,0,0.0000
1499,LM01260819000627,Approved,2026-08-19T15:33:47+08:00,2026-08-19T15:34:56+08:00,40.40,PRT_L1,208,158.17,978793.17628,301,301,32900.0000,13290.0000,0.0000,0.0000,13290.0000,"1,5,6","1,8","(7,2),(1,2),(9,2)",,0,0.0000
1500,LM01260819000626,Approved,2026-08-19T15:32:39+08:00,2026-08-19T15:33:42+08:00,138.41,PRT_L1,221,159.23,978649.87628,313,308,35190.0000,48705.0000,0.0000,0.0000,48705.0000,"3,3,8","9,6","(2,2),(4,2),(6,2)",,0,0.0000
1501,LM01260819000625,Approved,2026-08-19T15:31:31+08:00,2026-08-19T15:32:34+08:00,113.42,PRT_L1,225,160.44,978497.45128,308,319,36100.0000,40945.0000,0.0000,0.0000,40945.0000,"8,9,9","8,7","(6,2),(5,2),(8,2)",,0,0.0000
1502,LM01260819000624,Approved,2026-08-19T15:30:15+08:00,2026-08-19T15:31:26+08:00,94.20,PRT_L1,207,150.21,978341.50128,289,303,31092.5000,29290.0000,0.0000,0.0000,29290.0000,"6,8,9","2,8","(7,2),(2,2),(6,2)",,0,0.0000
1503,LM01260819000623,Approved,2026-08-19T15:29:02+08:00,2026-08-19T15:30:10+08:00,87.46,PRT_L1,208,108.79,978204.65128,283,291,22627.5000,19790.0000,0.0000,0.0000,19790.0000,"5,5,8","9,8","(6,2),(5,2),(9,2)",,0,0.0000
1504,LM01260819000622,Approved,2026-08-19T15:27:50+08:00,2026-08-19T15:28:57+08:00,133.31,PRT_L1,204,126.42,978106.17628,295,292,25790.0000,34380.0000,0.0000,0.0000,34380.0000,"1,3,4","6,7","(3,2),(9,2),(5,2)",,0,0.0000
1505,LM01260819000621,Approved,2026-08-19T15:25:55+08:00,2026-08-19T15:27:45+08:00,128.17,PRT_L1,211,108.84,977998.27628,288,299,22965.0000,29435.0000,0.0000,0.0000,29435.0000,"2,3,3","9,6","(9,2),(2,2),(5,2)",,0,0.0000
1506,LM01260819000620,Approved,2026-08-19T15:24:44+08:00,2026-08-19T15:25:50+08:00,65.40,PRT_L1,211,132.39,977902.50128,297,307,27935.0000,18270.0000,0.0000,0.0000,18270.0000,"1,2,3","2,1","(8,2),(1,2),(9,2)",,0,0.0000
1507,LM01260819000619,Approved,2026-08-19T15:23:24+08:00,2026-08-19T15:24:39+08:00,73.40,PRT_L1,201,158.27,977784.50128,292,303,31812.5000,23350.0000,0.0000,0.0000,23350.0000,"3,6,7","4,8","(9,2),(7,2),(8,2)",,0,0.0000
1508,LM01260819000618,Approved,2026-08-19T15:22:10+08:00,2026-08-19T15:23:19+08:00,101.29,PRT_L1,186,125.00,977643.62628,303,291,23250.0000,23550.0000,0.0000,0.0000,23550.0000,"7,9,9","5,7","(7,2),(8,2),(5,2)",,0,0.0000
1509,LM01260819000617,Approved,2026-08-19T15:19:10+08:00,2026-08-19T15:22:05+08:00,407.11,PRT_L1,181,147.65,977544.30128,280,302,26725.0000,89800.0000,19000.0000,0.0000,108800.0000,"3,3,3","2,8","(5,2),(6,2),(3,1)","result:(2,3),(1,2),(3,4)",0,0.0000
1510,LM01260819000616,Approved,2026-08-19T15:16:28+08:00,2026-08-19T15:19:05+08:00,94.39,PRT_L1,178,172.91,977428.22628,286,283,30777.5000,22250.0000,6800.0000,0.0000,29050.0000,"6,6,6","4,9","(7,2),(8,2),(3,2)","result:(1,4),(2,3),(3,4)",0,0.0000
1511,LM01260819000615,Approved,2026-08-19T15:15:13+08:00,2026-08-19T15:16:23+08:00,46.41,PRT_L1,173,204.31,977297.52628,266,287,35345.0000,16405.0000,0.0000,0.0000,16405.0000,"6,7,7","6,4","(1,2),(8,2),(4,2)",,0,0.0000
1512,LM01260819000614,Approved,2026-08-19T15:13:58+08:00,2026-08-19T15:15:08+08:00,97.69,PRT_L1,169,175.83,977142.95128,274,268,29715.0000,29030.0000,0.0000,0.0000,29030.0000,"3,6,6","5,3","(9,2),(2,2),(4,2)",,0,0.0000
1513,LM01260819000613,Approved,2026-08-19T15:12:39+08:00,2026-08-19T15:13:53+08:00,192.70,PRT_L1,187,166.95,977018.35128,272,284,31220.0000,60160.0000,0.0000,0.0000,60160.0000,"1,3,3","6,9","(6,2),(7,2),(3,2)",,0,0.0000
1514,LM01260819000612,Approved,2026-08-19T15:11:24+08:00,2026-08-19T15:12:34+08:00,63.92,PRT_L1,176,231.11,976894.40128,262,275,40675.0000,26000.0000,0.0000,0.0000,26000.0000,"4,8,9","7,3","(3,2),(5,2),(6,2)",,0,0.0000
1515,LM01260819000611,Approved,2026-08-19T15:10:08+08:00,2026-08-19T15:11:19+08:00,83.63,PRT_L1,172,164.20,976722.95128,253,266,28242.5000,23620.0000,0.0000,0.0000,23620.0000,"3,5,6","7,5","(7,2),(1,2),(9,2)",,0,0.0000
1516,LM01260819000610,Approved,2026-08-19T15:09:00+08:00,2026-08-19T15:10:03+08:00,103.32,PRT_L1,177,176.19,976611.92628,271,259,31185.0000,32220.0000,0.0000,0.0000,32220.0000,"1,1,3","3,4","(6,2),(4,1),(7,3)",,0,0.0000
1517,LM01260819000609,Approved,2026-08-19T15:07:43+08:00,2026-08-19T15:08:55+08:00,92.48,PRT_L1,177,157.50,976486.50128,268,281,27877.5000,25780.0000,0.0000,0.0000,25780.0000,"4,5,6","6,8","(3,2),(5,2),(7,2)",,0,0.0000
1518,LM01260819000608,Approved,2026-08-19T15:06:35+08:00,2026-08-19T15:07:38+08:00,87.59,PRT_L1,182,221.81,976376.10128,284,274,40370.0000,35360.0000,0.0000,0.0000,35360.0000,"5,5,6","6,2","(8,2),(2,2),(9,2)",,0,0.0000
1519,LM01260819000607,Approved,2026-08-19T15:05:21+08:00,2026-08-19T15:06:30+08:00,56.09,PRT_L1,175,192.13,976205.15128,272,291,33622.5000,18860.0000,0.0000,0.0000,18860.0000,"2,4,6","9,5","(6,2),(4,2),(8,2)",,0,0.0000
1520,LM01260819000606,Approved,2026-08-19T15:04:09+08:00,2026-08-19T15:05:16+08:00,206.54,PRT_L1,186,174.80,976061.22628,278,282,32512.5000,67150.0000,0.0000,0.0000,67150.0000,"3,9,9","9,1","(8,2),(7,2),(4,2)",,0,0.0000
1521,LM01260819000605,Approved,2026-08-19T15:02:55+08:00,2026-08-19T15:04:04+08:00,51.95,PRT_L1,196,165.64,975921.72628,287,286,32465.0000,16865.0000,0.0000,0.0000,16865.0000,"4,7,7","3,8","(6,2),(8,2),(7,2)",,0,0.0000
1522,LM01260819000604,Approved,2026-08-19T15:01:41+08:00,2026-08-19T15:02:50+08:00,71.87,PRT_L1,192,178.39,975782.40128,292,289,34250.0000,24615.0000,0.0000,0.0000,24615.0000,"5,5,8","4,1","(6,2),(8,2),(4,2)",,0,0.0000
1523,LM01260819000603,Approved,2026-08-19T15:00:29+08:00,2026-08-19T15:01:36+08:00,75.53,PRT_L1,191,178.22,975634.90128,294,288,34040.0000,25710.0000,0.0000,0.0000,25710.0000,"4,5,5","7,1","(1,1),(6,2),(2,3)",,0,0.0000
1524,LM01260819000602,Approved,2026-08-19T14:59:13+08:00,2026-08-19T15:00:24+08:00,267.99,PRT_L1,190,150.63,975490.40128,285,289,28620.0000,76700.0000,0.0000,0.0000,76700.0000,"3,3,5","3,5","(1,1),(7,2),(5,2)",,0,0.0000
1525,LM01260819000601,Approved,2026-08-19T14:57:57+08:00,2026-08-19T14:59:08+08:00,124.99,PRT_L1,188,119.07,975372.97628,285,294,22385.0000,27980.0000,0.0000,0.0000,27980.0000,"3,4,9","4,1","(7,2),(4,2),(2,2)",,0,0.0000
1526,LM01260819000600,Approved,2026-08-19T14:56:42+08:00,2026-08-19T14:57:52+08:00,64.38,PRT_L1,184,156.85,975279.85128,272,286,28860.0000,18580.0000,0.0000,0.0000,18580.0000,"1,4,8","4,9","(9,2),(1,2),(4,2)",,0,0.0000
1527,LM01260819000599,Approved,2026-08-19T14:55:01+08:00,2026-08-19T14:56:37+08:00,36.76,PRT_L1,186,144.41,975155.57628,270,280,26860.0000,9875.0000,0.0000,0.0000,9875.0000,"4,4,8","5,9","(1,2),(7,2),(9,2)",,0,0.0000
1528,LM01260819000598,Approved,2026-08-19T14:53:44+08:00,2026-08-19T14:54:56+08:00,40.17,PRT_L1,187,159.09,975043.60128,274,285,29750.0000,11950.0000,0.0000,0.0000,11950.0000,"1,6,6","2,3","(7,2),(4,2),(9,2)",,0,0.0000
1529,LM01260819000597,Approved,2026-08-19T14:52:33+08:00,2026-08-19T14:53:39+08:00,48.45,PRT_L1,193,206.20,974921.25128,286,277,39797.5000,19280.0000,0.0000,0.0000,19280.0000,"2,8,8","6,1","(8,2),(9,2),(7,2)",,0,0.0000
1530,LM01260819000596,Approved,2026-08-19T14:51:20+08:00,2026-08-19T14:52:28+08:00,147.30,PRT_L1,186,186.37,974758.95128,291,291,34665.0000,51060.0000,0.0000,0.0000,51060.0000,"3,6,9","8,2","(2,2),(1,2),(9,2)",,0,0.0000
1531,LM01260819000595,Approved,2026-08-19T14:48:39+08:00,2026-08-19T14:51:15+08:00,215.78,PRT_L1,188,221.12,974619.35128,295,290,41570.0000,85000.0000,4700.0000,0.0000,89700.0000,"9,9,9","5,6","(9,1),(1,3),(4,2)","result:(3,4),(2,3),(2,3)",0,0.0000
1532,LM01260819000594,Approved,2026-08-19T14:47:23+08:00,2026-08-19T14:48:34+08:00,100.25,PRT_L1,197,137.73,974451.30128,287,295,27132.5000,27200.0000,0.0000,0.0000,27200.0000,"2,5,9","5,1","(5,2),(2,2),(8,2)",,0,0.0000
1533,LM01260819000593,Approved,2026-08-19T14:46:08+08:00,2026-08-19T14:47:18+08:00,62.75,PRT_L1,176,108.84,974347.02628,273,292,19155.0000,12020.0000,0.0000,0.0000,12020.0000,"4,7,8","6,4","(9,2),(2,2),(4,2)",,0,0.0000
1534,LM01260819000592,Approved,2026-08-19T14:44:55+08:00,2026-08-19T14:46:03+08:00,92.57,PRT_L1,184,132.45,974269.17628,267,275,24370.0000,22560.0000,0.0000,0.0000,22560.0000,"3,5,7","2,4","(2,2),(5,2),(4,2)",,0,0.0000
1535,LM01260819000591,Approved,2026-08-19T14:43:45+08:00,2026-08-19T14:44:50+08:00,133.08,PRT_L1,185,143.95,974173.57628,269,268,26630.0000,35440.0000,0.0000,0.0000,35440.0000,"3,5,5","7,4","(3,2),(2,2),(1,1)",,0,0.0000
1536,LM01260819000590,Approved,2026-08-19T14:42:32+08:00,2026-08-19T14:43:40+08:00,70.69,PRT_L1,191,146.06,974067.70128,266,269,27897.5000,19720.0000,0.0000,0.0000,19720.0000,"4,9,9","7,8","(7,2),(5,2),(2,1)",,0,0.0000
1537,LM01260819000589,Approved,2026-08-19T14:41:21+08:00,2026-08-19T14:42:27+08:00,61.11,PRT_L1,183,154.19,973958.80128,265,265,28217.5000,17245.0000,0.0000,0.0000,17245.0000,"6,6,9","3,8","(1,2),(4,2),(9,1)",,0,0.0000
1538,LM01260819000588,Approved,2026-08-19T14:40:09+08:00,2026-08-19T14:41:16+08:00,63.39,PRT_L1,178,177.12,973845.65128,258,268,31527.5000,19985.0000,0.0000,0.0000,19985.0000,"3,7,7","5,8","(1,1),(6,2),(8,2)",,0,0.0000
1539,LM01260819000587,Approved,2026-08-19T14:37:24+08:00,2026-08-19T14:40:04+08:00,56.10,PRT_L1,180,201.03,973713.25128,250,259,36185.0000,15150.0000,5150.0000,0.0000,20300.0000,"4,4,4","2,9","(5,2),(9,2),(3,2)","result:(3,4),(2,3),(2,4)",0,0.0000
1540,LM01260819000586,Approved,2026-08-19T14:36:13+08:00,2026-08-19T14:37:19+08:00,153.98,PRT_L1,184,168.22,973560.90128,252,257,30952.5000,47660.0000,0.0000,0.0000,47660.0000,"1,1,3","2,9","(3,1),(6,3),(1,2)",,0,0.0000
1541,LM01260819000585,Approved,2026-08-19T14:35:03+08:00,2026-08-19T14:36:08+08:00,73.05,PRT_L1,192,177.11,973432.75128,269,259,34005.0000,24840.0000,0.0000,0.0000,24840.0000,"5,5,9","8,7","(4,2),(1,1),(2,2)",,0,0.0000
1542,LM01260819000584,Approved,2026-08-19T14:32:54+08:00,2026-08-19T14:34:58+08:00,57.06,PRT_L1,166,160.05,973291.12628,251,271,26567.5000,15160.0000,0.0000,0.0000,15160.0000,"4,5,8","6,7","(6,2),(8,2),(4,2)",,0,0.0000
1543,LM01260819000583,Approved,2026-08-19T14:31:40+08:00,2026-08-19T14:32:49+08:00,133.98,PRT_L1,163,185.21,973178.62628,244,257,30190.0000,40450.0000,0.0000,0.0000,40450.0000,"1,9,9","1,4","(2,3),(9,1),(5,2)",,0,0.0000
1544,LM01260819000582,Approved,2026-08-19T14:28:20+08:00,2026-08-19T14:31:35+08:00,221.24,PRT_L1,155,163.74,973052.12628,241,249,25380.0000,41700.0000,14450.0000,0.0000,56150.0000,"3,3,3","6,7","(9,2),(1,2),(6,2)","result:(2,3),(3,4),(2,4),(3,4)",0,0.0000
1545,LM01260819000581,Approved,2026-08-19T14:27:05+08:00,2026-08-19T14:28:15+08:00,48.19,PRT_L1,150,191.97,972940.70128,228,243,28795.0000,13875.0000,0.0000,0.0000,13875.0000,"4,4,5","6,1","(5,2),(7,2),(8,2)",,0,0.0000
1546,LM01260819000580,Approved,2026-08-19T14:25:14+08:00,2026-08-19T14:27:00+08:00,146.35,PRT_L1,135,145.52,972819.00128,212,227,19645.0000,28750.0000,0.0000,0.0000,28750.0000,"3,3,8","5,2","(8,2),(9,2),(5,2)",,0,0.0000
1547,LM01260819000579,Approved,2026-08-19T14:24:00+08:00,2026-08-19T14:25:09+08:00,47.66,PRT_L1,141,202.70,972733.52628,238,228,28580.0000,13620.0000,0.0000,0.0000,13620.0000,"2,4,8","2,7","(6,2),(4,2),(9,2)",,0,0.0000
1548,LM01260819000578,Approved,2026-08-19T14:22:43+08:00,2026-08-19T14:23:55+08:00,115.77,PRT_L1,145,149.22,972616.35128,243,241,21637.5000,25050.0000,0.0000,0.0000,25050.0000,"4,7,9","7,9","(7,2),(8,2),(6,1)",,0,0.0000
1549,LM01260819000577,Approved,2026-08-19T14:21:34+08:00,2026-08-19T14:22:38+08:00,68.59,PRT_L1,158,146.90,972526.25128,256,249,23210.0000,15920.0000,0.0000,0.0000,15920.0000,"2,7,8","8,1","(5,2),(8,2),(4,2)",,0,0.0000
1550,LM01260819000576,Approved,2026-08-19T14:20:22+08:00,2026-08-19T14:21:29+08:00,38.10,PRT_L1,147,210.70,972430.25128,241,262,30972.5000,11800.0000,0.0000,0.0000,11800.0000,"1,2,4","3,6","(4,2),(2,2),(6,2)",,0,0.0000
1551,LM01260819000575,Approved,2026-08-19T14:19:04+08:00,2026-08-19T14:20:17+08:00,247.28,PRT_L1,149,163.02,972306.47628,242,241,24290.0000,60065.0000,0.0000,0.0000,60065.0000,"2,3,3","4,9","(2,2),(9,2),(3,2)",,0,0.0000
1552,LM01260819000574,Approved,2026-08-19T14:17:51+08:00,2026-08-19T14:18:59+08:00,43.14,PRT_L1,147,169.03,972205.55128,245,250,24847.5000,10720.0000,0.0000,0.0000,10720.0000,"4,6,8","5,7","(3,2),(8,2),(9,2)",,0,0.0000
1553,LM01260819000573,Approved,2026-08-19T14:16:39+08:00,2026-08-19T14:17:46+08:00,58.42,PRT_L1,162,156.39,972107.32628,242,246,25335.0000,14800.0000,0.0000,0.0000,14800.0000,"2,5,5","1,5","(1,2),(6,2),(8,1)",,0,0.0000
1554,LM01260819000572,Approved,2026-08-19T14:15:28+08:00,2026-08-19T14:16:34+08:00,102.68,PRT_L1,161,197.02,972003.82628,241,244,31720.0000,32570.0000,0.0000,0.0000,32570.0000,"2,6,9","4,7","(4,2),(7,2),(9,2)",,0,0.0000
1555,LM01260819000571,Approved,2026-08-19T14:14:17+08:00,2026-08-19T14:15:23+08:00,91.47,PRT_L1,157,140.53,971882.72628,252,246,22062.5000,20180.0000,0.0000,0.0000,20180.0000,"1,4,9","9,8","(3,2),(2,2),(8,2)",,0,0.0000
1556,LM01260819000570,Approved,2026-08-19T14:13:07+08:00,2026-08-19T14:14:12+08:00,65.57,PRT_L1,163,129.20,971794.70128,250,253,21060.0000,13810.0000,0.0000,0.0000,13810.0000,"2,7,9","2,4","(7,2),(6,2),(1,2)",,0,0.0000
1557,LM01260819000569,Approved,2026-08-19T14:11:52+08:00,2026-08-19T14:13:02+08:00,71.56,PRT_L1,162,159.75,971711.72628,251,261,25880.0000,18520.0000,0.0000,0.0000,18520.0000,"1,1,5","1,3","(3,2),(1,2),(7,2)",,0,0.0000
1558,LM01260819000568,Approved,2026-08-19T14:10:38+08:00,2026-08-19T14:11:47+08:00,116.33,PRT_L1,151,101.79,971612.90128,246,255,15370.0000,17880.0000,0.0000,0.0000,17880.0000,"3,8,9","2,5","(1,2),(2,2),(3,2)",,0,0.0000
1559,LM01260819000567,Approved,2026-08-19T14:09:28+08:00,2026-08-19T14:10:33+08:00,37.87,PRT_L1,161,135.33,971548.42628,253,255,21787.5000,8250.0000,0.0000,0.0000,8250.0000,"1,2,5","6,3","(6,2),(1,2),(7,1)",,0,0.0000
1560,LM01260819000566,Approved,2026-08-19T14:08:16+08:00,2026-08-19T14:09:23+08:00,47.19,PRT_L1,169,147.07,971463.02628,261,264,24855.0000,11730.0000,0.0000,0.0000,11730.0000,"1,2,6","8,2","(9,2),(3,2),(7,2)",,0,0.0000
1561,LM01260819000565,Approved,2026-08-19T14:07:04+08:00,2026-08-19T14:08:11+08:00,110.29,PRT_L1,161,118.15,971366.65128,237,266,19022.5000,20980.0000,0.0000,0.0000,20980.0000,"3,4,6","6,5","(4,2),(8,2),(2,2)",,0,0.0000
1562,LM01260819000564,Approved,2026-08-19T14:05:52+08:00,2026-08-19T14:06:59+08:00,62.83,PRT_L1,167,137.44,971289.62628,244,246,22952.5000,14420.0000,0.0000,0.0000,14420.0000,"1,4,6","9,8","(6,2),(1,2),(9,2)",,0,0.0000
1563,LM01260819000563,Approved,2026-08-19T14:04:41+08:00,2026-08-19T14:05:47+08:00,85.00,PRT_L1,166,122.39,971193.37628,252,244,20317.5000,17270.0000,0.0000,0.0000,17270.0000,"3,4,9","8,9","(1,2),(5,2),(8,2)",,0,0.0000
1564,LM01260819000562,Approved,2026-08-19T14:03:31+08:00,2026-08-19T14:04:36+08:00,61.08,PRT_L1,163,148.05,971109.85128,259,257,24132.5000,14740.0000,0.0000,0.0000,14740.0000,"2,4,9","8,6","(6,2),(4,2),(1,2)",,0,0.0000
1565,LM01260819000561,Approved,2026-08-19T14:01:13+08:00,2026-08-19T14:03:26+08:00,90.33,PRT_L1,152,138.52,971012.60128,225,263,21055.0000,19020.0000,0.0000,0.0000,19020.0000,"5,6,8","6,4","(4,2),(9,2),(8,2)",,0,0.0000
1566,LM01260819000560,Approved,2026-08-19T13:59:50+08:00,2026-08-19T14:01:08+08:00,91.67,PRT_L1,146,131.13,970924.45128,229,241,19145.0000,17550.0000,0.0000,0.0000,17550.0000,"2,3,7","4,7","(2,2),(8,2),(3,2)",,0,0.0000
1567,LM01260819000559,Approved,2026-08-19T13:58:37+08:00,2026-08-19T13:59:45+08:00,39.81,PRT_L1,153,130.93,970840.17628,239,236,20032.5000,7975.0000,0.0000,0.0000,7975.0000,"1,2,2","8,3","(4,2),(8,1),(6,2)",,0,0.0000
1568,LM01260819000558,Approved,2026-08-19T13:57:17+08:00,2026-08-19T13:58:32+08:00,157.11,PRT_L1,153,165.33,970755.17628,243,251,25295.0000,39740.0000,0.0000,0.0000,39740.0000,"1,1,9","8,1","(6,2),(2,2),(4,2)",,0,0.0000
1569,LM01260819000557,Approved,2026-08-19T13:55:59+08:00,2026-08-19T13:57:12+08:00,95.02,PRT_L1,143,130.93,970645.17628,230,249,18722.5000,17790.0000,0.0000,0.0000,17790.0000,"3,4,5","9,7","(1,1),(5,2),(9,2)",,0,0.0000
1570,LM01260819000556,Approved,2026-08-19T13:54:39+08:00,2026-08-19T13:55:54+08:00,112.23,PRT_L1,136,138.53,970565.75128,238,231,18840.0000,21145.0000,0.0000,0.0000,21145.0000,"4,4,5","6,5","(4,2),(8,2),(7,2)",,0,0.0000
1571,LM01260819000555,Approved,2026-08-19T13:53:16+08:00,2026-08-19T13:54:34+08:00,47.45,PRT_L1,140,142.32,970485.47628,230,243,19925.0000,9455.0000,0.0000,0.0000,9455.0000,"2,2,8","8,4","(4,2),(6,2),(3,2)",,0,0.0000
1572,LM01260819000554,Approved,2026-08-19T13:51:53+08:00,2026-08-19T13:53:11+08:00,87.85,PRT_L1,141,128.12,970399.32628,225,233,18065.0000,15870.0000,0.0000,0.0000,15870.0000,"6,7,8","8,4","(8,2),(6,2),(4,1)",,0,0.0000
1573,LM01260819000553,Approved,2026-08-19T13:50:38+08:00,2026-08-19T13:51:48+08:00,81.53,PRT_L1,135,139.19,970321.72628,218,227,18790.0000,15320.0000,0.0000,0.0000,15320.0000,"3,4,5","8,5","(8,2),(7,2),(5,2)",,0,0.0000
1574,LM01260819000552,Approved,2026-08-19T13:49:23+08:00,2026-08-19T13:50:33+08:00,56.51,PRT_L1,148,128.95,970243.42628,230,225,19085.0000,10785.0000,0.0000,0.0000,10785.0000,"1,3,3","7,5","(7,2),(8,2),(1,2)",,0,0.0000
1575,LM01260819000551,Approved,2026-08-19T13:48:09+08:00,2026-08-19T13:49:18+08:00,115.41,PRT_L1,161,106.91,970164.30128,250,236,17212.5000,19865.0000,0.0000,0.0000,19865.0000,"4,7,7","6,8","(5,2),(6,2),(4,2)",,0,0.0000
1576,LM01260819000550,Approved,2026-08-19T13:46:54+08:00,2026-08-19T13:48:04+08:00,90.05,PRT_L1,172,118.74,970089.17628,267,258,20422.5000,18390.0000,0.0000,0.0000,18390.0000,"4,5,7","6,1","(4,2),(8,2),(2,2)",,0,0.0000
1577,LM01260819000549,Approved,2026-08-19T13:45:35+08:00,2026-08-19T13:46:49+08:00,69.88,PRT_L1,179,113.28,970002.70128,262,273,20277.5000,14170.0000,0.0000,0.0000,14170.0000,"2,4,5","6,1","(1,2),(4,2),(5,2)",,0,0.0000
1578,LM01260819000548,Approved,2026-08-19T13:44:11+08:00,2026-08-19T13:45:30+08:00,92.58,PRT_L1,174,103.18,969914.95128,261,267,17952.5000,16620.0000,0.0000,0.0000,16620.0000,"1,4,9","4,2","(4,2),(8,2),(5,2)",,0,0.0000
1579,LM01260819000547,Approved,2026-08-19T13:42:53+08:00,2026-08-19T13:44:06+08:00,45.90,PRT_L1,187,100.20,969840.12628,263,262,18737.5000,8600.0000,0.0000,0.0000,8600.0000,"1,4,8","5,7","(4,2),(3,2),(2,2)",,0,0.0000
1580,LM01260819000546,Approved,2026-08-19T13:41:38+08:00,2026-08-19T13:42:48+08:00,43.24,PRT_L1,200,120.85,969759.95128,288,265,24170.0000,10450.0000,0.0000,0.0000,10450.0000,"4,5,8","1,2","(6,2),(2,2),(8,2)",,0,0.0000
1581,LM01260819000545,Approved,2026-08-19T13:40:23+08:00,2026-08-19T13:41:33+08:00,71.21,PRT_L1,203,116.35,969655.85128,283,296,23620.0000,16820.0000,0.0000,0.0000,16820.0000,"2,3,4","7,1","(5,2),(2,2),(9,2)",,0,0.0000
1582,LM01260819000544,Approved,2026-08-19T13:39:09+08:00,2026-08-19T13:40:18+08:00,61.48,PRT_L1,178,113.03,969557.85128,253,279,20120.0000,12370.0000,0.0000,0.0000,12370.0000,"1,5,6","5,7","(1,2),(2,2),(7,2)",,0,0.0000
1583,LM01260819000543,Approved,2026-08-19T13:37:56+08:00,2026-08-19T13:39:04+08:00,137.72,PRT_L1,177,121.92,969477.47628,259,258,21580.0000,29720.0000,0.0000,0.0000,29720.0000,"7,7,9","6,9","(2,1),(7,2),(1,2)",,0,0.0000
1584,LM01260819000542,Approved,2026-08-19T13:36:38+08:00,2026-08-19T13:37:51+08:00,111.25,PRT_L1,185,117.55,969388.47628,270,257,21747.5000,24195.0000,0.0000,0.0000,24195.0000,"2,3,3","5,1","(4,2),(5,2),(6,2)",,0,0.0000
1585,LM01260819000541,Approved,2026-08-19T13:35:13+08:00,2026-08-19T13:36:33+08:00,130.17,PRT_L1,203,112.91,969298.75128,291,279,22920.0000,29835.0000,0.0000,0.0000,29835.0000,"3,3,7","4,7","(2,2),(5,2),(6,2)",,0,0.0000
1586,LM01260819000540,Approved,2026-08-19T13:33:49+08:00,2026-08-19T13:35:08+08:00,79.47,PRT_L1,227,195.13,969201.82628,312,299,44295.0000,35200.0000,0.0000,0.0000,35200.0000,"2,7,8","2,3","(1,1),(8,3),(7,2)",,0,0.0000
1587,LM01260819000539,Approved,2026-08-19T13:32:27+08:00,2026-08-19T13:33:44+08:00,59.13,PRT_L1,217,151.73,969010.55128,309,316,32925.0000,19470.0000,0.0000,0.0000,19470.0000,"1,5,7","4,9","(4,2),(1,2),(6,2)",,0,0.0000
1588,LM01260819000538,Approved,2026-08-19T13:30:59+08:00,2026-08-19T13:32:22+08:00,100.36,PRT_L1,219,138.63,968875.37628,304,313,30360.0000,30470.0000,0.0000,0.0000,30470.0000,"1,6,9","6,4","(8,2),(4,2),(1,2)",,0,0.0000
1589,LM01260819000537,Approved,2026-08-19T13:29:44+08:00,2026-08-19T13:30:54+08:00,71.98,PRT_L1,222,150.33,968750.87628,307,303,33372.5000,24020.0000,0.0000,0.0000,24020.0000,"3,6,9","8,7","(1,2),(2,2),(7,2)",,0,0.0000
1590,LM01260819000536,Approved,2026-08-19T13:27:57+08:00,2026-08-19T13:29:39+08:00,100.18,PRT_L1,193,163.87,968610.90128,280,308,31627.5000,31685.0000,0.0000,0.0000,31685.0000,"8,8,9","4,7","(8,2),(4,2),(9,2)",,0,0.0000
1591,LM01260819000535,Approved,2026-08-19T13:26:39+08:00,2026-08-19T13:27:52+08:00,71.01,PRT_L1,198,173.18,968477.80128,275,286,34290.0000,24350.0000,0.0000,0.0000,24350.0000,"7,7,9","6,4","(8,2),(7,2),(6,2)",,0,0.0000
1592,LM01260819000534,Approved,2026-08-19T13:24:51+08:00,2026-08-19T13:26:34+08:00,75.48,PRT_L1,188,152.15,968335.90128,265,280,28605.0000,21590.0000,0.0000,0.0000,21590.0000,"6,9,9","7,8","(5,2),(6,2),(4,2)",,0,0.0000
1593,LM01260819000533,Approved,2026-08-19T13:23:32+08:00,2026-08-19T13:24:46+08:00,27.21,PRT_L1,199,270.49,968202.30128,282,284,53827.5000,14645.0000,0.0000,0.0000,14645.0000,"5,5,6","9,8","(9,2),(7,2),(3,2)",,0,0.0000
1594,LM01260819000532,Approved,2026-08-19T13:22:21+08:00,2026-08-19T13:23:27+08:00,92.51,PRT_L1,189,218.58,967984.27628,281,282,41312.5000,38220.0000,0.0000,0.0000,38220.0000,"1,3,9","5,9","(2,3),(1,2),(9,1)",,0,0.0000
1595,LM01260819000531,Approved,2026-08-19T13:21:02+08:00,2026-08-19T13:22:16+08:00,50.96,PRT_L1,188,195.40,967813.40128,282,287,36735.0000,18720.0000,0.0000,0.0000,18720.0000,"4,5,8","1,6","(3,2),(6,2),(7,2)",,0,0.0000
1596,LM01260819000530,Approved,2026-08-19T13:19:46+08:00,2026-08-19T13:20:57+08:00,66.47,PRT_L1,207,246.23,967660.00128,282,286,50970.0000,33880.0000,0.0000,0.0000,33880.0000,"2,2,8","8,6","(9,2),(3,2),(1,2)",,0,0.0000
1597,LM01260819000529,Approved,2026-08-19T13:18:33+08:00,2026-08-19T13:19:41+08:00,83.99,PRT_L1,205,256.01,967454.67628,278,292,52482.5000,44080.0000,0.0000,0.0000,44080.0000,"6,6,8","6,8","(5,2),(1,2),(3,2)",,0,0.0000
1598,LM01260819000528,Approved,2026-08-19T13:17:21+08:00,2026-08-19T13:18:28+08:00,85.16,PRT_L1,237,233.38,967246.45128,316,288,55310.0000,47100.0000,0.0000,0.0000,47100.0000,"2,4,4","8,4","(6,2),(4,1),(3,2)",,0,0.0000
1599,LM01260819000527,Approved,2026-08-19T13:16:00+08:00,2026-08-19T13:17:16+08:00,72.16,PRT_L1,238,228.64,967022.00128,322,314,54417.5000,39270.0000,0.0000,0.0000,39270.0000,"2,3,5","1,8","(7,2),(5,2),(9,2)",,0,0.0000
1600,LM01260819000526,Approved,2026-08-19T13:14:48+08:00,2026-08-19T13:15:55+08:00,71.02,PRT_L1,256,218.29,966800.22628,323,327,55882.5000,39690.0000,0.0000,0.0000,39690.0000,"1,3,4","2,1","(9,2),(7,2),(6,2)",,0,0.0000
1601,LM01260819000525,Approved,2026-08-19T13:13:21+08:00,2026-08-19T13:14:43+08:00,29.86,PRT_L1,244,218.00,966576.82628,317,323,53192.5000,15885.0000,0.0000,0.0000,15885.0000,"7,7,8","4,6","(6,1),(9,2),(7,2)",,0,0.0000
1602,LM01260819000524,Approved,2026-08-19T13:12:02+08:00,2026-08-19T13:13:16+08:00,111.37,PRT_L1,241,206.52,966365.77628,320,328,49772.5000,55430.0000,0.0000,0.0000,55430.0000,"6,9,9","6,3","(3,2),(5,2),(7,2)",,0,0.0000
1603,LM01260819000523,Approved,2026-08-19T13:10:45+08:00,2026-08-19T13:11:57+08:00,105.87,PRT_L1,222,221.88,966170.67628,302,324,49257.5000,52150.0000,0.0000,0.0000,52150.0000,"1,8,9","4,1","(4,2),(8,2),(1,2)",,0,0.0000
1604,LM01260819000522,Approved,2026-08-19T13:09:28+08:00,2026-08-19T13:10:40+08:00,48.54,PRT_L1,223,190.31,965981.02628,305,310,42440.0000,20600.0000,0.0000,0.0000,20600.0000,"2,4,8","4,7","(2,2),(4,1),(7,2)",,0,0.0000
1605,LM01260819000521,Approved,2026-08-19T13:06:36+08:00,2026-08-19T13:09:23+08:00,379.56,PRT_L1,216,174.51,965815.92628,303,300,37695.0000,112500.0000,30575.0000,0.0000,143075.0000,"3,3,3","5,4","(8,2),(5,2),(2,2)","result:(2,3),(1,3),(2,4)",0,0.0000
1606,LM01260819000520,Approved,2026-08-19T13:02:56+08:00,2026-08-19T13:06:31+08:00,373.89,PRT_L1,211,217.45,965666.87628,294,302,45882.5000,132650.0000,38900.0000,0.0000,171550.0000,"3,3,3","9,6","(4,3),(8,1),(9,2)","result:(2,3),(1,4),(3,4)",0,0.0000
1607,LM01260819000519,Approved,2026-08-19T13:01:39+08:00,2026-08-19T13:02:51+08:00,164.19,PRT_L1,208,229.52,965495.12628,290,297,47740.0000,78385.0000,0.0000,0.0000,78385.0000,"6,9,9","6,3","(6,2),(7,2),(9,2)",,0,0.0000
1608,LM01260819000518,Approved,2026-08-19T13:00:22+08:00,2026-08-19T13:01:34+08:00,179.86,PRT_L1,195,255.18,965317.05128,281,296,49760.0000,89500.0000,0.0000,0.0000,89500.0000,"3,6,8","9,6","(3,2),(2,2),(7,1)",,0,0.0000
1609,LM01260819000517,Approved,2026-08-19T12:59:11+08:00,2026-08-19T13:00:17+08:00,42.18,PRT_L1,204,239.28,965130.75128,287,282,48812.5000,20590.0000,0.0000,0.0000,20590.0000,"2,4,4","4,9","(8,2),(9,2),(3,2)",,0,0.0000
1610,LM01260819000516,Approved,2026-08-19T12:57:58+08:00,2026-08-19T12:59:06+08:00,136.62,PRT_L1,186,240.67,964946.57628,278,282,44765.0000,61160.0000,0.0000,0.0000,61160.0000,"3,5,6","7,3","(5,2),(8,1),(7,2)",,0,0.0000
1611,LM01260819000515,Approved,2026-08-19T12:56:05+08:00,2026-08-19T12:57:53+08:00,167.04,PRT_L1,184,234.74,964775.82628,257,282,43192.5000,72150.0000,0.0000,0.0000,72150.0000,"3,4,9","6,8","(3,2),(6,1),(1,2)",,0,0.0000
1612,LM01260819000514,Approved,2026-08-19T12:53:02+08:00,2026-08-19T12:56:00+08:00,185.01,PRT_L1,196,300.73,964608.37628,276,273,58942.5000,95600.0000,13450.0000,0.0000,109050.0000,"9,9,9","9,2","(5,2),(3,2),(4,2)","result:(2,3),(1,2),(2,4)",0,0.0000
1613,LM01260819000513,Approved,2026-08-19T12:51:47+08:00,2026-08-19T12:52:57+08:00,118.56,PRT_L1,188,347.78,964366.77628,252,275,65382.5000,77520.0000,0.0000,0.0000,77520.0000,"3,6,8","3,4","(3,2),(2,1),(1,2)",,0,0.0000
1614,LM01260819000512,Approved,2026-08-19T12:50:32+08:00,2026-08-19T12:51:42+08:00,50.10,PRT_L1,179,342.16,964090.10128,245,254,61247.5000,30685.0000,0.0000,0.0000,30685.0000,"2,9,9","6,5","(7,2),(2,2),(4,2)",,0,0.0000
1615,LM01260819000511,Approved,2026-08-19T12:49:15+08:00,2026-08-19T12:50:27+08:00,316.99,PRT_L1,169,261.42,963832.95128,240,249,44180.0000,140045.0000,0.0000,0.0000,140045.0000,"1,3,3","2,8","(3,2),(4,2),(5,1)",,0,0.0000
1616,LM01260819000510,Approved,2026-08-19T12:48:02+08:00,2026-08-19T12:49:10+08:00,45.94,PRT_L1,173,394.84,963661.85128,243,240,68307.5000,31380.0000,0.0000,0.0000,31380.0000,"5,5,7","3,9","(9,2),(7,2),(4,2)",,0,0.0000
1617,LM01260819000509,Approved,2026-08-19T12:46:44+08:00,2026-08-19T12:47:57+08:00,28.69,PRT_L1,169,409.62,963379.77628,257,250,69225.0000,19860.0000,0.0000,0.0000,19860.0000,"2,2,5","2,6","(2,1),(3,2),(7,2)",,0,0.0000
1618,LM01260819000508,Approved,2026-08-19T12:45:25+08:00,2026-08-19T12:46:39+08:00,98.70,PRT_L1,169,566.41,963093.60128,240,257,95722.5000,94480.0000,0.0000,0.0000,94480.0000,"1,9,9","4,9","(6,2),(8,2),(3,2)",,0,0.0000
1619,LM01260819000507,Approved,2026-08-19T12:44:12+08:00,2026-08-19T12:45:20+08:00,37.14,PRT_L1,161,337.83,962681.95128,241,245,54390.0000,20200.0000,0.0000,0.0000,20200.0000,"1,2,2","6,3","(8,2),(5,1),(3,2)",,0,0.0000
1620,LM01260819000506,Approved,2026-08-19T12:42:49+08:00,2026-08-19T12:44:07+08:00,111.15,PRT_L1,165,493.14,962461.25128,253,244,81367.5000,90440.0000,0.0000,0.0000,90440.0000,"3,6,6","6,2","(9,2),(3,2),(8,2)",,0,0.0000
1621,LM01260819000505,Approved,2026-08-19T12:41:33+08:00,2026-08-19T12:42:44+08:00,48.05,PRT_L1,174,612.64,962106.17628,261,267,106600.0000,51220.0000,0.0000,0.0000,51220.0000,"2,3,8","7,2","(9,2),(1,2),(6,2)",,0,0.0000
1622,LM01260819000504,Approved,2026-08-19T12:40:21+08:00,2026-08-19T12:41:28+08:00,54.66,PRT_L1,168,594.23,961666.17628,261,262,99830.0000,54565.0000,0.0000,0.0000,54565.0000,"1,4,4","3,8","(6,2),(5,2),(7,2)",,0,0.0000
1623,LM01260819000503,Approved,2026-08-19T12:37:25+08:00,2026-08-19T12:40:16+08:00,31.01,PRT_L1,178,313.92,961286.77628,255,263,55877.5000,12450.0000,4875.0000,0.0000,17325.0000,"2,2,2","7,9","(2,2),(1,2),(3,2)","result:(1,2),(1,2),(1,4)",0,0.0000
1624,LM01260819000502,Approved,2026-08-19T12:36:08+08:00,2026-08-19T12:37:20+08:00,61.93,PRT_L1,174,385.92,961059.80128,259,257,67150.0000,41585.0000,0.0000,0.0000,41585.0000,"1,5,5","7,3","(2,2),(9,1),(4,2)",,0,0.0000
1625,LM01260819000501,Approved,2026-08-19T12:34:57+08:00,2026-08-19T12:36:03+08:00,103.14,PRT_L1,182,310.15,960782.27628,247,265,56447.5000,58220.0000,0.0000,0.0000,58220.0000,"1,5,7","7,8","(2,2),(5,2),(6,2)",,0,0.0000
1626,LM01260819000500,Approved,2026-08-19T12:33:43+08:00,2026-08-19T12:34:52+08:00,110.23,PRT_L1,164,573.49,960557.70128,233,245,94052.5000,103670.0000,0.0000,0.0000,103670.0000,"1,3,9","6,5","(9,2),(4,2),(7,2)",,0,0.0000
1627,LM01260819000499,Approved,2026-08-19T12:32:26+08:00,2026-08-19T12:33:38+08:00,42.57,PRT_L1,164,785.35,960214.62628,240,243,128797.5000,54830.0000,0.0000,0.0000,54830.0000,"6,6,7","1,6","(3,2),(9,2),(8,2)",,0,0.0000
1628,LM01260819000498,Approved,2026-08-19T12:31:12+08:00,2026-08-19T12:32:21+08:00,93.86,PRT_L1,167,641.65,959723.45128,244,246,107155.0000,100580.0000,0.0000,0.0000,100580.0000,"1,6,9","2,9","(2,2),(5,2),(1,2)",,0,0.0000
1629,LM01260819000497,Approved,2026-08-19T12:29:51+08:00,2026-08-19T12:31:07+08:00,74.08,PRT_L1,163,248.04,959307.50128,242,250,40430.0000,29950.0000,0.0000,0.0000,29950.0000,"2,6,7","9,6","(7,2),(8,2),(9,2)",,0,0.0000
1630,LM01260819000496,Approved,2026-08-19T12:28:38+08:00,2026-08-19T12:29:46+08:00,12.37,PRT_L1,171,304.84,959136.60128,248,247,52127.5000,6450.0000,0.0000,0.0000,6450.0000,"4,8,8","8,6","(1,2),(4,2),(9,2)",,0,0.0000
1631,LM01260819000495,Approved,2026-08-19T12:27:21+08:00,2026-08-19T12:28:33+08:00,151.17,PRT_L1,160,379.88,958918.12628,238,247,60780.0000,91880.0000,0.0000,0.0000,91880.0000,"2,3,4","4,5","(9,2),(5,2),(4,2)",,0,0.0000
1632,LM01260819000494,Approved,2026-08-19T12:25:42+08:00,2026-08-19T12:27:16+08:00,73.17,PRT_L1,165,186.62,958648.42628,240,237,30792.5000,22530.0000,0.0000,0.0000,22530.0000,"1,1,3","8,7","(2,2),(4,2),(5,2)",,0,0.0000
1633,LM01260819000493,Approved,2026-08-19T12:24:26+08:00,2026-08-19T12:25:37+08:00,138.80,PRT_L1,155,243.32,958521.12628,239,253,37715.0000,52350.0000,0.0000,0.0000,52350.0000,"2,2,4","6,2","(1,2),(2,2),(8,2)",,0,0.0000
1634,LM01260819000492,Approved,2026-08-19T12:21:26+08:00,2026-08-19T12:24:21+08:00,236.78,PRT_L1,153,260.51,958363.85128,229,233,39857.5000,84900.0000,9475.0000,0.0000,94375.0000,"6,6,6","8,6","(9,2),(1,2),(3,2)","result:(2,3),(2,4),(1,4)",0,0.0000
1635,LM01260819000491,Approved,2026-08-19T12:20:08+08:00,2026-08-19T12:21:21+08:00,53.68,PRT_L1,156,277.77,958204.87628,227,236,43332.5000,23260.0000,0.0000,0.0000,23260.0000,"5,6,6","6,2","(2,2),(4,2),(1,2)",,0,0.0000
1636,LM01260819000490,Approved,2026-08-19T12:18:51+08:00,2026-08-19T12:20:03+08:00,213.64,PRT_L1,150,244.43,958031.77628,224,234,36665.0000,78330.0000,0.0000,0.0000,78330.0000,"2,3,6","8,2","(6,2),(1,2),(3,2)",,0,0.0000
1637,LM01260819000489,Approved,2026-08-19T12:17:31+08:00,2026-08-19T12:18:46+08:00,29.09,PRT_L1,156,290.79,957878.52628,233,231,45362.5000,13195.0000,0.0000,0.0000,13195.0000,"2,2,6","8,9","(1,2),(9,2),(8,2)",,0,0.0000
1638,LM01260819000488,Approved,2026-08-19T12:16:12+08:00,2026-08-19T12:17:26+08:00,107.56,PRT_L1,148,233.19,957688.30128,229,246,34512.5000,37120.0000,0.0000,0.0000,37120.0000,"3,8,9","9,5","(1,2),(5,2),(6,1)",,0,0.0000
1639,LM01260819000487,Approved,2026-08-19T12:15:00+08:00,2026-08-19T12:16:07+08:00,48.93,PRT_L1,156,267.12,957559.77628,241,235,41670.0000,20390.0000,0.0000,0.0000,20390.0000,"4,7,9","7,4","(4,2),(5,2),(8,2)",,0,0.0000
1640,LM01260819000486,Approved,2026-08-19T12:13:48+08:00,2026-08-19T12:14:55+08:00,25.08,PRT_L1,163,272.71,957395.27628,239,245,44452.5000,11150.0000,0.0000,0.0000,11150.0000,"6,8,9","4,5","(3,2),(7,2),(6,2)",,0,0.0000
1641,LM01260819000485,Approved,2026-08-19T12:12:38+08:00,2026-08-19T12:13:43+08:00,35.54,PRT_L1,175,363.26,957223.05128,245,248,63570.0000,22590.0000,0.0000,0.0000,22590.0000,"2,4,5","1,9","(2,2),(1,2),(7,2)",,0,0.0000
1642,LM01260819000484,Approved,2026-08-19T12:11:26+08:00,2026-08-19T12:12:33+08:00,18.15,PRT_L1,177,384.97,956965.00128,253,242,68140.0000,12365.0000,0.0000,0.0000,12365.0000,"2,2,4","6,7","(6,2),(8,2),(4,2)",,0,0.0000
1643,LM01260819000483,Approved,2026-08-19T12:10:12+08:00,2026-08-19T12:11:21+08:00,179.03,PRT_L1,172,373.11,956690.35128,242,253,64175.0000,114895.0000,0.0000,0.0000,114895.0000,"3,3,7","8,2","(5,2),(8,2),(2,2)",,0,0.0000
1644,LM01260819000482,Approved,2026-08-19T12:08:58+08:00,2026-08-19T12:10:07+08:00,21.67,PRT_L1,174,377.93,956439.85128,243,246,65760.0000,14250.0000,0.0000,0.0000,14250.0000,"1,5,7","2,5","(4,2),(2,1),(5,2)",,0,0.0000
1645,LM01260819000481,Approved,2026-08-19T12:07:44+08:00,2026-08-19T12:08:53+08:00,177.64,PRT_L1,172,378.08,956192.90128,233,241,65030.0000,115520.0000,0.0000,0.0000,115520.0000,"3,6,9","3,6","(4,1),(8,2),(7,3)",,0,0.0000
1646,LM01260819000480,Approved,2026-08-19T12:06:28+08:00,2026-08-19T12:07:39+08:00,82.74,PRT_L1,180,333.81,955952.20128,248,242,60085.0000,49715.0000,0.0000,0.0000,49715.0000,"3,6,6","8,2","(9,2),(4,2),(1,1)",,0,0.0000
1647,LM01260819000479,Approved,2026-08-19T12:05:11+08:00,2026-08-19T12:06:23+08:00,71.05,PRT_L1,185,306.58,955726.77628,255,255,56717.5000,40300.0000,0.0000,0.0000,40300.0000,"2,3,5","7,4","(4,2),(8,2),(2,2)",,0,0.0000
1648,LM01260819000478,Approved,2026-08-19T12:03:56+08:00,2026-08-19T12:05:06+08:00,79.22,PRT_L1,181,295.83,955512.65128,255,254,53545.0000,42420.0000,0.0000,0.0000,42420.0000,"1,1,4","6,9","(1,2),(4,2),(3,1)",,0,0.0000
1649,LM01260819000477,Approved,2026-08-19T12:02:00+08:00,2026-08-19T12:03:51+08:00,128.46,PRT_L1,171,306.32,955309.15128,241,258,52380.0000,67285.0000,0.0000,0.0000,67285.0000,"1,1,3","6,4","(3,2),(8,2),(6,2)",,0,0.0000
1650,LM01260819000476,Approved,2026-08-19T12:00:45+08:00,2026-08-19T12:01:55+08:00,213.43,PRT_L1,170,266.96,955105.87628,235,239,45382.5000,96860.0000,0.0000,0.0000,96860.0000,"3,4,9","9,4","(1,3),(5,1),(9,2)",,0,0.0000
1651,LM01260819000475,Approved,2026-08-19T11:59:26+08:00,2026-08-19T12:00:40+08:00,110.57,PRT_L1,164,318.55,954930.57628,227,237,52242.5000,57765.0000,0.0000,0.0000,57765.0000,"5,5,9","4,9","(9,2),(5,2),(6,2)",,0,0.0000
1652,LM01260819000474,Approved,2026-08-19T11:58:04+08:00,2026-08-19T11:59:21+08:00,198.84,PRT_L1,171,298.04,954732.50128,233,231,50965.0000,101340.0000,0.0000,0.0000,101340.0000,"3,4,9","1,7","(9,2),(3,2),(1,2)",,0,0.0000
1653,LM01260819000473,Approved,2026-08-19T11:56:49+08:00,2026-08-19T11:57:59+08:00,55.92,PRT_L1,174,259.08,954535.80128,246,236,45080.0000,25210.0000,0.0000,0.0000,25210.0000,"2,8,9","8,6","(9,2),(6,2),(5,2)",,0,0.0000
1654,LM01260819000472,Approved,2026-08-19T11:55:13+08:00,2026-08-19T11:56:44+08:00,170.44,PRT_L1,180,254.17,954357.40128,238,250,45750.0000,77975.0000,0.0000,0.0000,77975.0000,"1,1,9","4,7","(1,2),(5,2),(4,2)",,0,0.0000
1655,LM01260819000471,Approved,2026-08-19T11:53:54+08:00,2026-08-19T11:55:08+08:00,74.34,PRT_L1,188,389.52,954172.57628,252,258,73230.0000,54440.0000,0.0000,0.0000,54440.0000,"1,3,4","7,4","(4,2),(1,2),(7,2)",,0,0.0000
1656,LM01260819000470,Approved,2026-08-19T11:52:33+08:00,2026-08-19T11:53:49+08:00,171.81,PRT_L1,184,310.38,953878.30128,259,258,57110.0000,98120.0000,0.0000,0.0000,98120.0000,"3,3,7","2,7","(4,2),(1,2),(6,2)",,0,0.0000
1657,LM01260819000469,Approved,2026-08-19T11:50:52+08:00,2026-08-19T11:52:28+08:00,133.88,PRT_L1,183,313.47,953655.02628,246,258,57365.0000,76800.0000,0.0000,0.0000,76800.0000,"3,8,8","3,9","(9,2),(4,2),(2,2)",,0,0.0000
1658,LM01260819000468,Approved,2026-08-19T11:49:35+08:00,2026-08-19T11:50:47+08:00,51.15,PRT_L1,175,306.80,953432.67628,251,258,53690.0000,27465.0000,0.0000,0.0000,27465.0000,"1,9,9","4,2","(8,2),(7,2),(2,2)",,0,0.0000
1659,LM01260819000467,Approved,2026-08-19T11:47:00+08:00,2026-08-19T11:49:30+08:00,37.29,PRT_L1,165,351.88,953209.47628,240,251,58060.0000,21650.0000,0.0000,0.0000,21650.0000,"2,5,7","7,5","(8,2),(9,2),(6,2)",,0,0.0000
1660,LM01260819000466,Approved,2026-08-19T11:45:40+08:00,2026-08-19T11:46:55+08:00,9.62,PRT_L1,165,336.36,952978.17628,241,247,55500.0000,5340.0000,0.0000,0.0000,5340.0000,"4,7,8","3,6","(8,1),(1,2),(2,2)",,0,0.0000
1661,LM01260819000465,Approved,2026-08-19T11:44:24+08:00,2026-08-19T11:45:35+08:00,390.11,PRT_L1,158,318.16,952752.67628,233,245,50270.0000,196110.0000,0.0000,0.0000,196110.0000,"3,9,9","3,2","(3,2),(9,2),(4,2)",,0,0.0000
1662,LM01260819000464,Approved,2026-08-19T11:43:08+08:00,2026-08-19T11:44:19+08:00,191.83,PRT_L1,164,304.19,952555.55128,237,238,49887.5000,95700.0000,0.0000,0.0000,95700.0000,"3,3,6","5,4","(1,2),(9,2),(4,2)",,0,0.0000
1663,LM01260819000463,Approved,2026-08-19T11:41:52+08:00,2026-08-19T11:43:03+08:00,188.26,PRT_L1,159,317.34,952353.00128,240,238,50457.5000,94990.0000,0.0000,0.0000,94990.0000,"3,3,6","2,1","(1,2),(4,2),(6,2)",,0,0.0000
1664,LM01260819000462,Approved,2026-08-19T11:40:34+08:00,2026-08-19T11:41:47+08:00,183.80,PRT_L1,162,285.29,952148.72628,232,240,46217.5000,84950.0000,0.0000,0.0000,84950.0000,"6,6,7","6,8","(2,2),(9,1),(5,3)",,0,0.0000
1665,LM01260819000461,Approved,2026-08-19T11:39:13+08:00,2026-08-19T11:40:29+08:00,123.20,PRT_L1,155,297.39,951966.52628,227,229,46095.0000,56790.0000,0.0000,0.0000,56790.0000,"1,3,9","9,7","(5,2),(8,1),(4,3)",,0,0.0000
1666,LM01260819000460,Approved,2026-08-19T11:37:56+08:00,2026-08-19T11:39:08+08:00,156.88,PRT_L1,146,281.39,951787.75128,218,232,41082.5000,64450.0000,0.0000,0.0000,64450.0000,"3,7,9","9,1","(9,2),(4,2),(7,2)",,0,0.0000
1667,LM01260819000459,Approved,2026-08-19T11:36:36+08:00,2026-08-19T11:37:51+08:00,29.47,PRT_L1,152,235.89,951626.20128,227,229,35855.0000,10565.0000,0.0000,0.0000,10565.0000,"2,9,9","2,6","(7,2),(3,2),(4,2)",,0,0.0000
1668,LM01260819000458,Approved,2026-08-19T11:35:21+08:00,2026-08-19T11:36:31+08:00,151.52,PRT_L1,150,268.88,951488.72628,225,233,40332.5000,61110.0000,0.0000,0.0000,61110.0000,"2,6,6","9,6","(1,2),(9,2),(7,2)",,0,0.0000
1669,LM01260819000457,Approved,2026-08-19T11:34:03+08:00,2026-08-19T11:35:16+08:00,83.20,PRT_L1,160,171.95,951338.87628,229,227,27512.5000,22890.0000,0.0000,0.0000,22890.0000,"4,5,6","8,5","(9,2),(5,2),(4,2)",,0,0.0000
1670,LM01260819000456,Approved,2026-08-19T11:32:41+08:00,2026-08-19T11:33:58+08:00,82.06,PRT_L1,166,172.23,951229.72628,233,240,28590.0000,23460.0000,0.0000,0.0000,23460.0000,"1,3,7","2,4","(1,2),(7,2),(5,2)",,0,0.0000
1671,LM01260819000455,Approved,2026-08-19T11:31:13+08:00,2026-08-19T11:32:36+08:00,82.72,PRT_L1,160,242.30,951117.30128,227,235,38767.5000,32070.0000,0.0000,0.0000,32070.0000,"6,8,9","4,6","(5,2),(9,2),(2,2)",,0,0.0000
1672,LM01260819000454,Approved,2026-08-19T11:29:49+08:00,2026-08-19T11:31:08+08:00,126.79,PRT_L1,162,225.26,950969.50128,228,242,36492.5000,46270.0000,0.0000,0.0000,46270.0000,"3,8,9","5,2","(1,2),(3,1),(2,2)",,0,0.0000
1673,LM01260819000453,Approved,2026-08-19T11:28:29+08:00,2026-08-19T11:29:44+08:00,25.83,PRT_L1,166,217.80,950830.22628,238,232,36155.0000,9340.0000,0.0000,0.0000,9340.0000,"2,6,7","5,4","(4,2),(8,2),(7,2)",,0,0.0000
1674,LM01260819000452,Approved,2026-08-19T11:27:11+08:00,2026-08-19T11:28:24+08:00,193.76,PRT_L1,174,222.90,950690.10128,231,245,38785.0000,75150.0000,0.0000,0.0000,75150.0000,"3,5,8","4,6","(8,2),(2,2),(3,2)",,0,0.0000
1675,LM01260819000451,Approved,2026-08-19T11:25:33+08:00,2026-08-19T11:27:06+08:00,198.14,PRT_L1,171,204.09,950537.15128,233,234,34900.0000,69150.0000,0.0000,0.0000,69150.0000,"2,3,5","2,8","(9,2),(3,2),(4,2)",,0,0.0000
1676,LM01260819000450,Approved,2026-08-19T11:24:14+08:00,2026-08-19T11:25:28+08:00,43.40,PRT_L1,172,192.65,950399.37628,246,250,33135.0000,14380.0000,0.0000,0.0000,14380.0000,"2,4,5","3,9","(7,2),(1,2),(2,2)",,0,0.0000
1677,LM01260819000449,Approved,2026-08-19T11:22:55+08:00,2026-08-19T11:24:09+08:00,97.20,PRT_L1,162,189.31,950270.72628,237,251,30667.5000,29810.0000,0.0000,0.0000,29810.0000,"1,3,4","9,8","(8,2),(4,2),(7,2)",,0,0.0000
1678,LM01260819000448,Approved,2026-08-19T11:21:42+08:00,2026-08-19T11:22:50+08:00,264.99,PRT_L1,163,262.19,950154.07628,226,240,42737.5000,113250.0000,0.0000,0.0000,113250.0000,"1,3,6","3,4","(3,2),(6,1),(2,2)",,0,0.0000
1679,LM01260819000447,Approved,2026-08-19T11:20:26+08:00,2026-08-19T11:21:37+08:00,88.67,PRT_L1,154,217.86,949994.57628,213,228,33550.0000,29750.0000,0.0000,0.0000,29750.0000,"3,5,9","8,5","(2,2),(8,2),(4,2)",,0,0.0000
1680,LM01260819000446,Approved,2026-08-19T11:19:15+08:00,2026-08-19T11:20:21+08:00,29.17,PRT_L1,169,209.11,949868.85128,239,220,35340.0000,10310.0000,0.0000,0.0000,10310.0000,"2,4,4","4,1","(2,2),(3,2),(7,2)",,0,0.0000
1681,LM01260819000445,Approved,2026-08-19T11:17:59+08:00,2026-08-19T11:19:10+08:00,78.44,PRT_L1,162,290.45,949733.40128,254,244,47052.5000,36910.0000,0.0000,0.0000,36910.0000,"3,4,5","4,1","(8,1),(4,2),(7,3)",,0,0.0000
1682,LM01260819000444,Approved,2026-08-19T11:16:44+08:00,2026-08-19T11:17:54+08:00,110.98,PRT_L1,165,270.76,949537.65128,238,255,44675.0000,49580.0000,0.0000,0.0000,49580.0000,"1,3,8","5,7","(1,2),(4,3),(5,1)",,0,0.0000
1683,LM01260819000443,Approved,2026-08-19T11:15:26+08:00,2026-08-19T11:16:39+08:00,72.03,PRT_L1,151,277.40,949356.77628,226,243,41887.5000,30170.0000,0.0000,0.0000,30170.0000,"3,5,5","2,1","(5,2),(6,2),(9,2)",,0,0.0000
1684,LM01260819000442,Approved,2026-08-19T11:14:09+08:00,2026-08-19T11:15:21+08:00,121.07,PRT_L1,147,298.21,949185.77628,217,230,43837.5000,53075.0000,0.0000,0.0000,53075.0000,"6,6,7","1,8","(6,2),(9,2),(8,2)",,0,0.0000
1685,LM01260819000441,Approved,2026-08-19T11:12:54+08:00,2026-08-19T11:14:04+08:00,36.89,PRT_L1,143,227.27,949008.87628,222,224,32500.0000,11990.0000,0.0000,0.0000,11990.0000,"2,4,7","6,8","(1,2),(2,2),(6,2)",,0,0.0000
1686,LM01260819000440,Approved,2026-08-19T11:11:36+08:00,2026-08-19T11:12:49+08:00,79.58,PRT_L1,145,320.03,948887.17628,223,221,46405.0000,36930.0000,0.0000,0.0000,36930.0000,"2,3,5","1,8","(9,2),(8,2),(4,2)",,0,0.0000
1687,LM01260819000439,Approved,2026-08-19T11:10:22+08:00,2026-08-19T11:11:31+08:00,11.63,PRT_L1,144,284.27,948699.15128,218,234,40935.0000,4760.0000,0.0000,0.0000,4760.0000,"4,4,8","1,5","(5,2),(1,2),(3,2)",,0,0.0000
1688,LM01260819000438,Approved,2026-08-19T11:09:07+08:00,2026-08-19T11:10:17+08:00,138.62,PRT_L1,144,294.17,948533.40128,219,215,42360.0000,58720.0000,0.0000,0.0000,58720.0000,"3,5,9","2,5","(3,1),(2,2),(7,2)",,0,0.0000
1689,LM01260819000437,Approved,2026-08-19T11:07:51+08:00,2026-08-19T11:09:02+08:00,205.67,PRT_L1,158,277.61,948360.75128,230,221,43862.5000,90210.0000,0.0000,0.0000,90210.0000,"1,3,6","4,9","(9,2),(3,2),(1,2)",,0,0.0000
1690,LM01260819000436,Approved,2026-08-19T11:06:34+08:00,2026-08-19T11:07:46+08:00,87.84,PRT_L1,158,352.61,948182.40128,236,235,55712.5000,48940.0000,0.0000,0.0000,48940.0000,"2,3,4","8,7","(9,2),(3,1),(8,2)",,0,0.0000
1691,LM01260819000435,Approved,2026-08-19T11:05:18+08:00,2026-08-19T11:06:29+08:00,28.05,PRT_L1,156,232.45,947942.35128,233,238,36262.5000,10170.0000,0.0000,0.0000,10170.0000,"4,5,6","5,2","(5,2),(8,1),(3,2)",,0,0.0000
1692,LM01260819000434,Approved,2026-08-19T11:03:58+08:00,2026-08-19T11:05:13+08:00,18.19,PRT_L1,168,231.37,947799.77628,243,240,38870.0000,7070.0000,0.0000,0.0000,7070.0000,"2,5,8","4,1","(1,2),(3,2),(9,1)",,0,0.0000
1693,LM01260819000433,Approved,2026-08-19T11:02:39+08:00,2026-08-19T11:03:53+08:00,200.11,PRT_L1,161,251.89,947649.00128,239,245,40555.0000,81155.0000,0.0000,0.0000,81155.0000,"3,6,6","3,7","(4,2),(6,2),(1,2)",,0,0.0000
1694,LM01260819000432,Approved,2026-08-19T11:01:28+08:00,2026-08-19T11:02:34+08:00,16.38,PRT_L1,165,223.86,947491.37628,237,237,36937.5000,6050.0000,0.0000,0.0000,6050.0000,"5,7,8","4,6","(2,2),(9,2),(7,1)",,0,0.0000
1695,LM01260819000431,Approved,2026-08-19T11:00:13+08:00,2026-08-19T11:01:23+08:00,69.29,PRT_L1,171,218.51,947349.00128,235,239,37365.0000,25890.0000,0.0000,0.0000,25890.0000,"1,2,9","6,9","(3,2),(5,2),(6,2)",,0,0.0000
1696,LM01260819000430,Approved,2026-08-19T10:59:02+08:00,2026-08-19T11:00:08+08:00,424.96,PRT_L1,174,204.45,947203.75128,237,238,35575.0000,151180.0000,0.0000,0.0000,151180.0000,"1,3,3","6,4","(7,2),(3,2),(1,2)",,0,0.0000
1697,LM01260819000429,Approved,2026-08-19T10:57:50+08:00,2026-08-19T10:58:57+08:00,140.23,PRT_L1,160,220.13,947063.70128,230,232,35220.0000,49390.0000,0.0000,0.0000,49390.0000,"1,3,5","4,8","(1,2),(9,2),(4,2)",,0,0.0000
1698,LM01260819000428,Approved,2026-08-19T10:56:14+08:00,2026-08-19T10:57:45+08:00,49.20,PRT_L1,158,206.34,946924.17628,237,234,32602.5000,16040.0000,0.0000,0.0000,16040.0000,"1,7,8","3,7","(8,2),(3,2),(9,2)",,0,0.0000
1699,LM01260819000427,Approved,2026-08-19T10:54:56+08:00,2026-08-19T10:56:09+08:00,30.37,PRT_L1,178,205.62,946795.40128,269,261,36600.0000,11115.0000,0.0000,0.0000,11115.0000,"6,6,9","8,4","(5,2),(8,2),(7,2)",,0,0.0000
1700,LM01260819000426,Approved,2026-08-19T10:53:41+08:00,2026-08-19T10:54:51+08:00,569.16,PRT_L1,191,224.49,946653.97628,265,268,42877.5000,244040.0000,0.0000,0.0000,244040.0000,"3,3,8","8,3","(6,2),(3,2),(9,2)",,0,0.0000
1701,LM01260819000425,Approved,2026-08-19T10:52:25+08:00,2026-08-19T10:53:36+08:00,201.72,PRT_L1,182,198.27,946490.10128,269,267,36085.0000,72790.0000,0.0000,0.0000,72790.0000,"3,4,4","3,7","(7,2),(6,2),(3,2)",,0,0.0000
1702,LM01260819000424,Approved,2026-08-19T10:51:02+08:00,2026-08-19T10:52:20+08:00,153.78,PRT_L1,185,211.96,946345.60128,265,267,39212.5000,60300.0000,0.0000,0.0000,60300.0000,"3,4,8","5,8","(3,2),(8,2),(1,2)",,0,0.0000
1703,LM01260819000423,Approved,2026-08-19T10:49:48+08:00,2026-08-19T10:50:57+08:00,170.17,PRT_L1,184,197.76,946187.80128,255,266,36387.5000,61920.0000,0.0000,0.0000,61920.0000,"1,3,8","9,2","(6,2),(3,2),(7,2)",,0,0.0000
1704,LM01260819000422,Approved,2026-08-19T10:48:26+08:00,2026-08-19T10:49:43+08:00,183.13,PRT_L1,170,206.93,946043.32628,243,262,35177.5000,64420.0000,0.0000,0.0000,64420.0000,"1,3,8","7,3","(1,1),(2,2),(5,2)",,0,0.0000
1705,LM01260819000421,Approved,2026-08-19T10:47:08+08:00,2026-08-19T10:48:21+08:00,72.00,PRT_L1,166,187.42,945904.52628,238,243,31112.5000,22400.0000,0.0000,0.0000,22400.0000,"3,4,5","1,2","(1,2),(9,2),(7,2)",,0,0.0000
1706,LM01260819000420,Approved,2026-08-19T10:45:47+08:00,2026-08-19T10:47:03+08:00,162.67,PRT_L1,145,191.93,945781.25128,216,239,27830.0000,45270.0000,0.0000,0.0000,45270.0000,"3,3,9","5,7","(2,2),(8,2),(6,2)",,0,0.0000
1707,LM01260819000419,Approved,2026-08-19T10:42:56+08:00,2026-08-19T10:45:42+08:00,763.27,PRT_L1,145,187.40,945672.67628,216,218,27172.5000,187550.0000,19850.0000,0.0000,207400.0000,"3,3,3","8,6","(5,2),(3,2),(1,2)","result:(2,4),(1,3),(1,4)",0,0.0000
1708,LM01260819000418,Approved,2026-08-19T10:41:42+08:00,2026-08-19T10:42:51+08:00,84.61,PRT_L1,146,136.73,945567.85128,218,219,19962.5000,16890.0000,0.0000,0.0000,16890.0000,"2,2,3","2,7","(8,2),(9,2),(7,1)",,0,0.0000
1709,LM01260819000417,Approved,2026-08-19T10:40:27+08:00,2026-08-19T10:41:37+08:00,70.33,PRT_L1,154,134.71,945485.67628,231,229,20745.0000,14590.0000,0.0000,0.0000,14590.0000,"2,2,5","7,2","(2,2),(1,2),(3,2)",,0,0.0000
1710,LM01260819000416,Approved,2026-08-19T10:39:11+08:00,2026-08-19T10:40:22+08:00,104.51,PRT_L1,159,154.18,945399.72628,236,244,24515.0000,25620.0000,0.0000,0.0000,25620.0000,"6,6,7","2,5","(4,2),(7,2),(6,2)",,0,0.0000
1711,LM01260819000415,Approved,2026-08-19T10:37:52+08:00,2026-08-19T10:39:06+08:00,129.83,PRT_L1,167,147.72,945298.30128,228,239,24670.0000,32030.0000,0.0000,0.0000,32030.0000,"3,3,5","4,2","(1,2),(9,2),(7,2)",,0,0.0000
1712,LM01260819000414,Approved,2026-08-19T10:36:38+08:00,2026-08-19T10:37:47+08:00,117.86,PRT_L1,145,149.16,945191.65128,209,228,21627.5000,25490.0000,0.0000,0.0000,25490.0000,"3,8,9","7,5","(1,2),(8,2),(3,2)",,0,0.0000
1713,LM01260819000413,Approved,2026-08-19T10:35:22+08:00,2026-08-19T10:36:33+08:00,157.69,PRT_L1,144,149.18,945103.17628,214,214,21482.5000,33875.0000,0.0000,0.0000,33875.0000,"2,7,7","3,8","(7,2),(3,2),(4,2)",,0,0.0000
1714,LM01260819000412,Approved,2026-08-19T10:34:06+08:00,2026-08-19T10:35:17+08:00,52.76,PRT_L1,148,146.37,945016.55128,200,214,21662.5000,11430.0000,0.0000,0.0000,11430.0000,"1,2,4","5,3","(7,2),(1,2),(6,2)",,0,0.0000
1715,LM01260819000411,Approved,2026-08-19T10:32:49+08:00,2026-08-19T10:34:01+08:00,96.11,PRT_L1,146,153.58,944929.77628,196,205,22422.5000,21550.0000,0.0000,0.0000,21550.0000,"3,4,9","7,3","(8,2),(1,2),(5,2)",,0,0.0000
1716,LM01260819000410,Approved,2026-08-19T10:31:32+08:00,2026-08-19T10:32:44+08:00,65.59,PRT_L1,140,128.61,944838.02628,198,202,18005.0000,11810.0000,0.0000,0.0000,11810.0000,"1,3,8","9,6","(9,2),(4,2),(6,2)",,0,0.0000
1717,LM01260819000409,Approved,2026-08-19T10:28:44+08:00,2026-08-19T10:31:27+08:00,102.72,PRT_L1,145,174.90,944764.27628,198,194,25360.0000,20900.0000,5150.0000,0.0000,26050.0000,"1,1,1","8,1","(3,2),(4,2),(2,2)","result:(2,4),(2,4),(1,4)",0,0.0000
1718,LM01260819000408,Approved,2026-08-19T10:27:28+08:00,2026-08-19T10:28:39+08:00,40.87,PRT_L1,130,201.96,944666.12628,199,206,26255.0000,10730.0000,0.0000,0.0000,10730.0000,"1,4,6","6,8","(6,2),(9,2),(7,2)",,0,0.0000
1719,LM01260819000407,Approved,2026-08-19T10:25:42+08:00,2026-08-19T10:27:23+08:00,72.91,PRT_L1,127,195.81,944565.55128,196,203,24867.5000,18130.0000,0.0000,0.0000,18130.0000,"4,4,9","5,3","(6,2),(8,2),(5,2)",,0,0.0000
1720,LM01260819000406,Approved,2026-08-19T10:24:31+08:00,2026-08-19T10:25:37+08:00,131.85,PRT_L1,130,182.29,944469.47628,184,189,23697.5000,31245.0000,0.0000,0.0000,31245.0000,"3,3,8","6,9","(6,2),(9,2),(2,2)",,0,0.0000
1721,LM01260819000405,Approved,2026-08-19T10:23:14+08:00,2026-08-19T10:24:26+08:00,241.73,PRT_L1,128,161.95,944378.80128,178,188,20730.0000,50110.0000,0.0000,0.0000,50110.0000,"1,3,9","9,3","(6,2),(3,2),(4,2)",,0,0.0000
1722,LM01260819000404,Approved,2026-08-19T10:22:02+08:00,2026-08-19T10:23:09+08:00,83.31,PRT_L1,132,171.69,944297.12628,183,181,22662.5000,18880.0000,0.0000,0.0000,18880.0000,"3,5,5","4,2","(5,2),(4,2),(6,2)",,0,0.0000
1723,LM01260819000403,Approved,2026-08-19T10:20:47+08:00,2026-08-19T10:21:57+08:00,44.17,PRT_L1,120,184.63,944208.60128,174,188,22155.0000,9785.0000,0.0000,0.0000,9785.0000,"2,4,4","5,2","(4,2),(7,2),(1,2)",,0,0.0000
1724,LM01260819000402,Approved,2026-08-19T10:19:27+08:00,2026-08-19T10:20:42+08:00,65.71,PRT_L1,124,176.11,944123.72628,187,176,21837.5000,14350.0000,0.0000,0.0000,14350.0000,"2,3,6","7,1","(2,2),(7,2),(6,1)",,0,0.0000
1725,LM01260819000401,Approved,2026-08-19T10:18:11+08:00,2026-08-19T10:19:22+08:00,41.61,PRT_L1,125,165.16,944040.77628,199,190,20645.0000,8590.0000,0.0000,0.0000,8590.0000,"1,5,8","8,7","(4,3),(2,2),(1,1)",,0,0.0000
1726,LM01260819000400,Approved,2026-08-19T10:16:54+08:00,2026-08-19T10:18:06+08:00,102.04,PRT_L1,118,161.86,943962.30128,189,192,19100.0000,19490.0000,0.0000,0.0000,19490.0000,"1,3,9","1,5","(5,2),(8,3),(6,1)",,0,0.0000
1727,LM01260819000399,Approved,2026-08-19T10:15:40+08:00,2026-08-19T10:16:49+08:00,71.64,PRT_L1,126,169.82,943890.10128,196,191,21397.5000,15330.0000,0.0000,0.0000,15330.0000,"3,5,5","4,9","(6,2),(2,2),(4,2)",,0,0.0000
1728,LM01260819000398,Approved,2026-08-19T10:14:22+08:00,2026-08-19T10:15:35+08:00,192.68,PRT_L1,118,200.17,943807.17628,180,200,23620.0000,45510.0000,0.0000,0.0000,45510.0000,"1,6,9","9,7","(2,2),(4,2),(9,2)",,0,0.0000
1729,LM01260819000397,Approved,2026-08-19T10:13:06+08:00,2026-08-19T10:14:17+08:00,37.16,PRT_L1,126,191.98,943717.42628,181,182,24190.0000,8990.0000,0.0000,0.0000,8990.0000,"2,2,7","7,4","(6,2),(9,2),(7,1)",,0,0.0000
1730,LM01260819000396,Approved,2026-08-19T10:11:55+08:00,2026-08-19T10:13:01+08:00,87.77,PRT_L1,118,180.66,943614.92628,185,184,21317.5000,18710.0000,0.0000,0.0000,18710.0000,"3,7,8","1,4","(5,2),(1,2),(8,2)",,0,0.0000
1731,LM01260819000395,Approved,2026-08-19T10:10:41+08:00,2026-08-19T10:11:50+08:00,25.79,PRT_L1,121,176.24,943524.57628,179,185,21325.0000,5500.0000,0.0000,0.0000,5500.0000,"1,1,7","2,1","(6,2),(3,2),(2,2)",,0,0.0000
1732,LM01260819000394,Approved,2026-08-19T10:09:26+08:00,2026-08-19T10:10:36+08:00,79.64,PRT_L1,118,176.00,943432.02628,168,184,20767.5000,16540.0000,0.0000,0.0000,16540.0000,"2,3,8","9,6","(2,2),(1,2),(4,2)",,0,0.0000
1733,LM01260819000393,Approved,2026-08-19T10:08:12+08:00,2026-08-19T10:09:21+08:00,29.51,PRT_L1,116,137.00,943343.42628,174,171,15892.5000,4690.0000,0.0000,0.0000,4690.0000,"4,7,8","2,3","(3,2),(1,2),(2,2)",,0,0.0000
1734,LM01260819000392,Approved,2026-08-19T10:06:59+08:00,2026-08-19T10:08:07+08:00,37.25,PRT_L1,113,149.45,943274.07628,179,181,16887.5000,6290.0000,0.0000,0.0000,6290.0000,"4,8,8","2,5","(4,2),(1,2),(3,2)",,0,0.0000
1735,LM01260819000391,Approved,2026-08-19T10:05:48+08:00,2026-08-19T10:06:54+08:00,20.05,PRT_L1,128,229.53,943202.32628,181,178,29380.0000,5890.0000,0.0000,0.0000,5890.0000,"5,5,6","2,4","(1,2),(3,2),(7,1)",,0,0.0000
1736,LM01260819000390,Approved,2026-08-19T10:04:36+08:00,2026-08-19T10:05:43+08:00,46.01,PRT_L1,127,252.09,943067.27628,179,183,32015.0000,14730.0000,0.0000,0.0000,14730.0000,"1,3,7","8,9","(5,2),(6,2),(1,2)",,0,0.0000
1737,LM01260819000389,Approved,2026-08-19T10:03:19+08:00,2026-08-19T10:04:31+08:00,238.56,PRT_L1,127,214.02,942921.90128,181,181,27180.0000,64840.0000,0.0000,0.0000,64840.0000,"3,6,9","3,4","(6,1),(8,2),(4,2)",,0,0.0000
1738,LM01260819000388,Approved,2026-08-19T10:02:03+08:00,2026-08-19T10:03:14+08:00,58.08,PRT_L1,133,203.52,942802.62628,184,187,27067.5000,15720.0000,0.0000,0.0000,15720.0000,"2,4,9","8,6","(9,2),(2,2),(4,2)",,0,0.0000
1739,LM01260819000387,Approved,2026-08-19T10:00:53+08:00,2026-08-19T10:01:58+08:00,42.93,PRT_L1,127,178.46,942681.72628,189,185,22665.0000,9730.0000,0.0000,0.0000,9730.0000,"5,8,9","3,8","(5,2),(4,2),(8,2)",,0,0.0000
1740,LM01260819000386,Approved,2026-08-19T09:59:43+08:00,2026-08-19T10:00:48+08:00,148.57,PRT_L1,134,134.65,942586.40128,191,188,18042.5000,26805.0000,0.0000,0.0000,26805.0000,"5,9,9","8,5","(3,2),(9,2),(6,2)",,0,0.0000
1741,LM01260819000385,Approved,2026-08-19T09:58:31+08:00,2026-08-19T09:59:38+08:00,123.44,PRT_L1,133,133.82,942512.42628,185,201,17797.5000,21970.0000,0.0000,0.0000,21970.0000,"3,7,7","7,6","(8,2),(7,2),(6,2)",,0,0.0000
1742,LM01260819000384,Approved,2026-08-19T09:57:16+08:00,2026-08-19T09:58:26+08:00,67.89,PRT_L1,130,152.96,942439.27628,190,191,19885.0000,13500.0000,0.0000,0.0000,13500.0000,"1,4,9","1,9","(1,2),(2,2),(7,2)",,0,0.0000
1743,LM01260819000383,Approved,2026-08-19T09:55:40+08:00,2026-08-19T09:57:11+08:00,162.69,PRT_L1,130,131.96,942356.65128,189,190,17155.0000,27910.0000,0.0000,0.0000,27910.0000,"3,4,6","9,4","(6,2),(9,2),(3,2)",,0,0.0000
1744,LM01260819000382,Approved,2026-08-19T09:54:17+08:00,2026-08-19T09:55:35+08:00,31.28,PRT_L1,138,133.89,942284.07628,201,198,18477.5000,5780.0000,0.0000,0.0000,5780.0000,"1,1,8","4,3","(5,2),(7,2),(9,2)",,0,0.0000
1745,LM01260819000381,Approved,2026-08-19T09:52:54+08:00,2026-08-19T09:54:12+08:00,53.07,PRT_L1,142,170.79,942207.15128,202,212,24252.5000,12870.0000,0.0000,0.0000,12870.0000,"4,5,6","1,8","(3,2),(1,2),(8,2)",,0,0.0000
1746,LM01260819000380,Approved,2026-08-19T09:51:31+08:00,2026-08-19T09:52:49+08:00,49.80,PRT_L1,147,134.01,942111.52628,204,209,19700.0000,9810.0000,0.0000,0.0000,9810.0000,"2,4,8","6,8","(8,2),(6,2),(1,2)",,0,0.0000
1747,LM01260819000379,Approved,2026-08-19T09:50:16+08:00,2026-08-19T09:51:26+08:00,59.34,PRT_L1,146,133.89,942028.50128,202,209,19547.5000,11600.0000,0.0000,0.0000,11600.0000,"7,9,9","6,4","(4,2),(5,2),(2,2)",,0,0.0000
1748,LM01260819000378,Approved,2026-08-19T09:49:02+08:00,2026-08-19T09:50:11+08:00,184.23,PRT_L1,138,123.84,941946.82628,192,205,17090.0000,31485.0000,0.0000,0.0000,31485.0000,"1,3,3","1,8","(1,2),(7,2),(6,2)",,0,0.0000
1749,LM01260819000377,Approved,2026-08-19T09:47:41+08:00,2026-08-19T09:48:57+08:00,77.38,PRT_L1,133,140.02,941874.25128,186,197,18622.5000,14410.0000,0.0000,0.0000,14410.0000,"2,3,4","5,4","(2,2),(8,2),(5,2)",,0,0.0000
1750,LM01260819000376,Approved,2026-08-19T09:46:25+08:00,2026-08-19T09:47:36+08:00,63.54,PRT_L1,140,138.04,941795.17628,195,190,19325.0000,12280.0000,0.0000,0.0000,12280.0000,"1,2,6","8,6","(7,2),(4,2),(9,2)",,0,0.0000
1751,LM01260819000375,Approved,2026-08-19T09:45:09+08:00,2026-08-19T09:46:20+08:00,92.98,PRT_L1,142,153.59,941713.37628,203,197,21810.0000,20280.0000,0.0000,0.0000,20280.0000,"5,6,6","6,1","(1,2),(7,1),(9,2)",,0,0.0000
1752,LM01260819000374,Approved,2026-08-19T09:43:44+08:00,2026-08-19T09:45:04+08:00,68.41,PRT_L1,146,148.18,941624.92628,205,212,21635.0000,14800.0000,0.0000,0.0000,14800.0000,"4,6,8","5,4","(5,2),(7,2),(2,2)",,0,0.0000
1753,LM01260819000373,Approved,2026-08-19T09:42:25+08:00,2026-08-19T09:43:39+08:00,95.13,PRT_L1,125,171.14,941536.05128,198,209,21392.5000,20350.0000,0.0000,0.0000,20350.0000,"3,4,7","4,2","(9,2),(7,3),(8,1)",,0,0.0000
1754,LM01260819000372,Approved,2026-08-19T09:41:10+08:00,2026-08-19T09:42:20+08:00,154.27,PRT_L1,125,134.78,941450.82628,186,197,16847.5000,25990.0000,0.0000,0.0000,25990.0000,"1,3,9","2,7","(2,2),(3,2),(4,1)",,0,0.0000
1755,LM01260819000371,Approved,2026-08-19T09:39:50+08:00,2026-08-19T09:41:05+08:00,54.47,PRT_L1,122,150.64,941382.75128,188,187,18377.5000,10010.0000,0.0000,0.0000,10010.0000,"1,4,6","9,7","(6,1),(3,2),(7,3)",,0,0.0000
1756,LM01260819000370,Approved,2026-08-19T09:38:26+08:00,2026-08-19T09:39:45+08:00,18.30,PRT_L1,131,180.82,941309.40128,198,197,23687.5000,4335.0000,0.0000,0.0000,4335.0000,"4,4,7","6,1","(3,2),(5,2),(9,2)",,0,0.0000
1757,LM01260819000369,Approved,2026-08-19T09:37:05+08:00,2026-08-19T09:38:21+08:00,159.93,PRT_L1,139,174.41,941215.20128,201,200,24242.5000,38770.0000,0.0000,0.0000,38770.0000,"3,9,9","9,1","(4,2),(7,2),(1,2)",,0,0.0000
1758,LM01260819000368,Approved,2026-08-19T09:35:46+08:00,2026-08-19T09:37:00+08:00,137.93,PRT_L1,128,184.82,941119.62628,195,202,23657.5000,32630.0000,0.0000,0.0000,32630.0000,"3,6,7","1,5","(3,2),(7,2),(2,1)",,0,0.0000
1759,LM01260819000367,Approved,2026-08-19T09:34:29+08:00,2026-08-19T09:35:41+08:00,180.02,PRT_L1,118,164.15,941021.22628,192,193,19370.0000,34870.0000,0.0000,0.0000,34870.0000,"3,8,9","3,9","(7,2),(9,2),(8,2)",,0,0.0000
1760,LM01260819000366,Approved,2026-08-19T09:30:46+08:00,2026-08-19T09:34:24+08:00,306.80,PRT_L1,117,144.94,940944.07628,184,190,16957.5000,44150.0000,7875.0000,0.0000,52025.0000,"3,3,3","2,7","(4,1),(3,2),(8,2)","result:(1,2),(1,3),(3,4)",0,0.0000
1761,LM01260819000365,Approved,2026-08-19T09:26:49+08:00,2026-08-19T09:30:41+08:00,30.84,PRT_L1,124,343.87,940878.20128,190,181,42640.0000,5600.0000,7550.0000,27672.0000,40822.0000,"4,4,4","9,3","(4,2),(6,2),(3,2)","result:(2,4),(2,4),(1,3),(1,4),(1,3)",1,1729.5000
1762,LM01260819000364,Approved,2026-08-19T09:24:49+08:00,2026-08-19T09:26:44+08:00,166.57,PRT_L1,114,402.94,968363.25128,177,184,45935.0000,76515.0000,0.0000,0.0000,76515.0000,"5,6,6","9,5","(3,2),(7,2),(4,2)",,0,0.0000
1763,LM01260819000363,Approved,2026-08-19T09:23:32+08:00,2026-08-19T09:24:44+08:00,183.99,PRT_L1,108,231.94,968164.82628,172,186,25050.0000,46090.0000,0.0000,0.0000,46090.0000,"3,5,9","6,2","(9,2),(2,2),(5,2)",,0,0.0000
1764,LM01260819000362,Approved,2026-08-19T09:22:18+08:00,2026-08-19T09:23:27+08:00,18.17,PRT_L1,112,280.11,968070.07628,176,177,31372.5000,5700.0000,0.0000,0.0000,5700.0000,"1,7,8","9,6","(2,2),(3,2),(5,2)",,0,0.0000
1765,LM01260819000361,Approved,2026-08-19T09:21:06+08:00,2026-08-19T09:22:13+08:00,226.70,PRT_L1,104,317.86,967942.22628,166,181,33057.5000,74940.0000,0.0000,0.0000,74940.0000,"3,3,8","7,8","(3,2),(2,2),(1,2)",,0,0.0000
1766,LM01260819000360,Approved,2026-08-19T09:19:51+08:00,2026-08-19T09:21:01+08:00,117.81,PRT_L1,104,307.55,967805.62628,166,170,31985.0000,37680.0000,0.0000,0.0000,37680.0000,"2,3,4","7,8","(3,2),(9,2),(7,1)",,0,0.0000
1767,LM01260819000359,Approved,2026-08-19T09:18:33+08:00,2026-08-19T09:19:46+08:00,7.77,PRT_L1,122,395.66,967671.77628,178,167,48270.0000,3750.0000,0.0000,0.0000,3750.0000,"1,4,4","2,5","(6,2),(5,2),(7,2)",,0,0.0000
1768,LM01260819000358,Approved,2026-08-19T09:17:10+08:00,2026-08-19T09:18:28+08:00,155.87,PRT_L1,119,405.97,967467.22628,174,177,48310.0000,75300.0000,0.0000,0.0000,75300.0000,"3,6,8","7,2","(3,2),(1,1),(6,2)",,0,0.0000
1769,LM01260819000357,Approved,2026-08-19T09:15:53+08:00,2026-08-19T09:17:05+08:00,465.18,PRT_L1,120,239.98,967261.80128,182,184,28797.5000,133960.0000,0.0000,0.0000,133960.0000,"3,3,4","1,6","(3,2),(1,2),(5,1)",,0,0.0000
1770,LM01260819000356,Approved,2026-08-19T09:12:56+08:00,2026-08-19T09:15:48+08:00,291.53,PRT_L1,106,378.77,967154.35128,168,182,40150.0000,61950.0000,55100.0000,0.0000,117050.0000,"3,3,3","4,9","(6,1),(2,2),(8,2)","result:(1,4),(1,4),(1,2)",0,0.0000
1771,LM01260819000355,Approved,2026-08-19T09:10:07+08:00,2026-08-19T09:12:51+08:00,183.66,PRT_L1,103,295.90,966979.82628,169,171,30477.5000,36000.0000,19975.0000,0.0000,55975.0000,"5,5,5","7,8","(2,2),(4,2),(5,2)","result:(3,4),(1,3)",0,0.0000
1772,LM01260819000354,Approved,2026-08-19T09:08:46+08:00,2026-08-19T09:10:02+08:00,14.65,PRT_L1,115,276.80,966853.42628,167,173,31832.5000,4665.0000,0.0000,0.0000,4665.0000,"2,7,7","6,9","(4,2),(6,2),(7,2)",,0,0.0000
1773,LM01260819000353,Approved,2026-08-19T09:07:25+08:00,2026-08-19T09:08:41+08:00,40.59,PRT_L1,115,294.57,966721.27628,173,174,33875.0000,13750.0000,0.0000,0.0000,13750.0000,"1,2,3","6,7","(7,2),(1,2),(2,2)",,0,0.0000
1774,LM01260819000352,Approved,2026-08-19T09:06:08+08:00,2026-08-19T09:07:20+08:00,103.25,PRT_L1,111,280.00,966580.35128,170,176,31080.0000,32090.0000,0.0000,0.0000,32090.0000,"4,6,9","1,8","(8,2),(4,2),(6,2)",,0,0.0000
1775,LM01260819000351,Approved,2026-08-19T09:04:50+08:00,2026-08-19T09:06:03+08:00,152.98,PRT_L1,117,253.14,966447.75128,175,166,29617.5000,45310.0000,0.0000,0.0000,45310.0000,"6,6,8","8,4","(3,2),(2,2),(6,2)",,0,0.0000
1776,LM01260819000350,Approved,2026-08-19T09:03:29+08:00,2026-08-19T09:04:45+08:00,34.42,PRT_L1,115,268.57,966321.92628,176,178,30885.0000,10630.0000,0.0000,0.0000,10630.0000,"5,7,8","6,4","(5,2),(3,2),(6,2)",,0,0.0000
1777,LM01260819000349,Approved,2026-08-19T09:02:16+08:00,2026-08-19T09:03:24+08:00,113.32,PRT_L1,112,175.78,966191.35128,169,179,19687.5000,22310.0000,0.0000,0.0000,22310.0000,"5,5,6","5,8","(4,2),(1,2),(5,2)",,0,0.0000
1778,LM01260819000348,Approved,2026-08-19T09:01:02+08:00,2026-08-19T09:02:11+08:00,51.49,PRT_L1,118,178.90,966114.77628,175,170,21110.0000,10870.0000,0.0000,0.0000,10870.0000,"1,3,7","6,4","(9,2),(8,2),(6,2)",,0,0.0000
1779,LM01260819000347,Approved,2026-08-19T08:59:44+08:00,2026-08-19T09:00:57+08:00,28.43,PRT_L1,124,245.48,966031.37628,186,181,30440.0000,8655.0000,0.0000,0.0000,8655.0000,"4,4,5","6,3","(9,2),(5,2),(4,2)",,0,0.0000
1780,LM01260819000346,Approved,2026-08-19T08:58:27+08:00,2026-08-19T08:59:39+08:00,95.63,PRT_L1,115,301.02,965899.60128,176,187,34617.5000,33105.0000,0.0000,0.0000,33105.0000,"5,6,6","7,3","(5,2),(2,2),(4,2)",,0,0.0000
1781,LM01260819000345,Approved,2026-08-19T08:57:10+08:00,2026-08-19T08:58:22+08:00,70.12,PRT_L1,125,250.20,965756.37628,177,178,31275.0000,21930.0000,0.0000,0.0000,21930.0000,"2,3,3","5,7","(7,2),(4,1),(1,2)",,0,0.0000
1782,LM01260819000344,Approved,2026-08-19T08:55:31+08:00,2026-08-19T08:57:05+08:00,25.31,PRT_L1,109,294.38,965624.70128,152,173,32087.5000,8120.0000,0.0000,0.0000,8120.0000,"5,7,8","5,2","(5,2),(8,1),(2,2)",,0,0.0000
1783,LM01260819000343,Approved,2026-08-19T08:54:13+08:00,2026-08-19T08:55:26+08:00,119.46,PRT_L1,115,306.13,965493.42628,158,159,35205.0000,42055.0000,0.0000,0.0000,42055.0000,"5,5,9","3,1","(6,2),(9,2),(2,2)",,0,0.0000
1784,LM01260819000342,Approved,2026-08-19T08:52:48+08:00,2026-08-19T08:54:08+08:00,43.36,PRT_L1,115,208.17,965348.27628,164,170,23940.0000,10380.0000,0.0000,0.0000,10380.0000,"5,8,8","9,8","(2,2),(1,2),(5,2)",,0,0.0000
1785,LM01260819000341,Approved,2026-08-19T08:51:33+08:00,2026-08-19T08:52:43+08:00,64.44,PRT_L1,109,307.57,965255.65128,160,169,33525.0000,21605.0000,0.0000,0.0000,21605.0000,"3,8,8","1,6","(5,1),(8,2),(2,2)",,0,0.0000
1786,LM01260819000340,Approved,2026-08-19T08:50:22+08:00,2026-08-19T08:51:28+08:00,140.03,PRT_L1,104,225.10,965114.82628,151,160,23410.0000,32780.0000,0.0000,0.0000,32780.0000,"2,3,9","1,9","(6,2),(1,2),(2,2)",,0,0.0000
1787,LM01260819000339,Approved,2026-08-19T08:49:00+08:00,2026-08-19T08:50:17+08:00,53.40,PRT_L1,104,274.33,965010.00128,147,149,28530.0000,15235.0000,0.0000,0.0000,15235.0000,"4,4,6","5,9","(6,2),(5,2),(4,2)",,0,0.0000
1788,LM01260819000338,Approved,2026-08-19T08:47:41+08:00,2026-08-19T08:48:55+08:00,15.52,PRT_L1,112,222.08,964889.50128,156,152,24872.5000,3860.0000,0.0000,0.0000,3860.0000,"2,5,5","7,9","(9,2),(3,2),(6,2)",,0,0.0000
1789,LM01260819000337,Approved,2026-08-19T08:46:15+08:00,2026-08-19T08:47:36+08:00,115.51,PRT_L1,110,213.09,964789.07628,160,155,23440.0000,27075.0000,0.0000,0.0000,27075.0000,"2,2,3","8,1","(8,2),(3,2),(4,1)",,0,0.0000
1790,LM01260819000336,Approved,2026-08-19T08:44:53+08:00,2026-08-19T08:46:10+08:00,149.11,PRT_L1,113,282.15,964693.40128,159,166,31882.5000,47540.0000,0.0000,0.0000,47540.0000,"4,6,9","8,3","(8,2),(2,2),(9,2)",,0,0.0000
1791,LM01260819000335,Approved,2026-08-19T08:43:34+08:00,2026-08-19T08:44:48+08:00,86.49,PRT_L1,100,255.30,964568.42628,154,163,25530.0000,22080.0000,0.0000,0.0000,22080.0000,"3,6,7","7,8","(2,2),(1,2),(6,2)",,0,0.0000
1792,LM01260819000334,Approved,2026-08-19T08:42:12+08:00,2026-08-19T08:43:29+08:00,31.19,PRT_L1,101,268.86,964472.65128,151,160,27155.0000,8470.0000,0.0000,0.0000,8470.0000,"6,7,8","8,3","(3,2),(7,2),(2,2)",,0,0.0000
1793,LM01260819000333,Approved,2026-08-19T08:40:53+08:00,2026-08-19T08:42:07+08:00,126.87,PRT_L1,93,245.70,964373.12628,140,153,22850.0000,28990.0000,0.0000,0.0000,28990.0000,"6,7,9","6,3","(9,2),(4,2),(2,2)",,0,0.0000
1794,LM01260819000332,Approved,2026-08-19T08:39:38+08:00,2026-08-19T08:40:48+08:00,69.59,PRT_L1,93,304.49,964289.57628,146,146,28317.5000,19705.0000,0.0000,0.0000,19705.0000,"1,3,3","6,8","(3,2),(9,2),(4,2)",,0,0.0000
1795,LM01260819000331,Approved,2026-08-19T08:38:17+08:00,2026-08-19T08:39:33+08:00,60.94,PRT_L1,99,210.51,964179.47628,149,149,20840.0000,12700.0000,0.0000,0.0000,12700.0000,"2,2,4","7,2","(5,1),(4,2),(3,3)",,0,0.0000
1796,LM01260819000330,Approved,2026-08-19T08:37:07+08:00,2026-08-19T08:38:12+08:00,372.96,PRT_L1,100,207.85,964099.47628,144,154,20785.0000,77520.0000,0.0000,0.0000,77520.0000,"1,1,5","1,8","(1,2),(9,2),(3,2)",,0,0.0000
1797,LM01260819000329,Approved,2026-08-19T08:35:49+08:00,2026-08-19T08:37:02+08:00,64.67,PRT_L1,92,204.38,964020.95128,148,147,18802.5000,12160.0000,0.0000,0.0000,12160.0000,"3,7,9","2,5","(2,2),(4,2),(8,2)",,0,0.0000
1798,LM01260819000328,Approved,2026-08-19T08:34:28+08:00,2026-08-19T08:35:44+08:00,147.87,PRT_L1,92,217.36,963949.47628,156,150,19997.5000,29570.0000,0.0000,0.0000,29570.0000,"1,5,8","4,5","(9,2),(1,2),(3,2)",,0,0.0000
1799,LM01260819000327,Approved,2026-08-19T08:33:13+08:00,2026-08-19T08:34:23+08:00,41.86,PRT_L1,109,268.23,963873.27628,173,153,29237.5000,12240.0000,0.0000,0.0000,12240.0000,"3,4,4","5,1","(8,2),(2,2),(3,2)",,0,0.0000
1800,LM01260819000326,Approved,2026-08-19T08:31:50+08:00,2026-08-19T08:33:08+08:00,144.90,PRT_L1,108,263.73,963755.22628,170,176,28482.5000,41270.0000,0.0000,0.0000,41270.0000,"5,6,7","4,9","(7,2),(5,2),(4,2)",,0,0.0000
1801,LM01260819000325,Approved,2026-08-19T08:29:43+08:00,2026-08-19T08:31:45+08:00,73.99,PRT_L1,92,256.63,963648.10128,146,172,23610.0000,17470.0000,0.0000,0.0000,17470.0000,"1,4,7","6,7","(2,2),(4,2),(7,2)",,0,0.0000
1802,LM01260819000324,Approved,2026-08-19T08:28:30+08:00,2026-08-19T08:29:38+08:00,44.58,PRT_L1,91,231.21,963560.00128,142,147,21040.0000,9380.0000,0.0000,0.0000,9380.0000,"7,8,8","8,6","(3,2),(9,2),(7,2)",,0,0.0000
1803,LM01260819000323,Approved,2026-08-19T08:27:16+08:00,2026-08-19T08:28:25+08:00,43.37,PRT_L1,84,213.84,963480.32628,145,148,17962.5000,7790.0000,0.0000,0.0000,7790.0000,"1,1,7","6,2","(8,2),(1,2),(7,2)",,0,0.0000
1804,LM01260819000322,Approved,2026-08-19T08:25:36+08:00,2026-08-19T08:27:11+08:00,116.95,PRT_L1,80,241.13,963414.65128,133,147,19290.0000,22560.0000,0.0000,0.0000,22560.0000,"1,5,9","9,8","(5,2),(4,2),(2,2)",,0,0.0000
1805,LM01260819000321,Approved,2026-08-19T08:24:00+08:00,2026-08-19T08:25:31+08:00,113.86,PRT_L1,67,285.82,963341.87628,130,134,19150.0000,21805.0000,0.0000,0.0000,21805.0000,"3,3,5","8,2","(6,2),(7,2),(1,2)",,0,0.0000
1806,LM01260819000320,Approved,2026-08-19T08:20:43+08:00,2026-08-19T08:23:55+08:00,378.01,PRT_L1,73,263.46,963268.02628,117,129,19232.5000,38850.0000,33850.0000,0.0000,72700.0000,"3,3,3","5,6","(9,2),(6,2),(7,2)","result:(1,2),(3,4),(2,3),(2,4)",0,0.0000
1807,LM01260819000319,Approved,2026-08-19T08:19:18+08:00,2026-08-19T08:20:38+08:00,298.29,PRT_L1,61,307.46,963194.77628,104,116,18755.0000,55945.0000,0.0000,0.0000,55945.0000,"3,3,5","5,7","(7,2),(6,2),(3,2)",,0,0.0000
1808,LM01260819000318,Approved,2026-08-19T08:18:02+08:00,2026-08-19T08:19:13+08:00,136.62,PRT_L1,63,292.14,963123.37628,114,111,18405.0000,25145.0000,0.0000,0.0000,25145.0000,"3,6,6","9,1","(9,2),(1,2),(3,2)",,0,0.0000
1809,LM01260819000317,Approved,2026-08-19T08:16:41+08:00,2026-08-19T08:17:57+08:00,159.89,PRT_L1,60,126.96,963054.30128,114,113,7617.5000,12180.0000,0.0000,0.0000,12180.0000,"1,6,9","4,9","(6,1),(1,2),(2,2)",,0,0.0000
1810,LM01260819000316,Approved,2026-08-19T08:15:24+08:00,2026-08-19T08:16:36+08:00,72.63,PRT_L1,61,291.84,963026.15128,112,115,17802.5000,12930.0000,0.0000,0.0000,12930.0000,"4,5,9","2,8","(4,2),(5,2),(7,1)",,0,0.0000
1811,LM01260819000315,Approved,2026-08-19T08:14:08+08:00,2026-08-19T08:15:19+08:00,16.71,PRT_L1,70,255.25,962959.37628,115,116,17867.5000,2985.0000,0.0000,0.0000,2985.0000,"1,4,4","3,7","(3,2),(2,2),(9,2)",,0,0.0000
1812,LM01260819000314,Approved,2026-08-19T08:12:44+08:00,2026-08-19T08:14:03+08:00,77.38,PRT_L1,70,234.11,962890.70128,112,116,16387.5000,12680.0000,0.0000,0.0000,12680.0000,"1,4,9","6,7","(7,2),(2,2),(6,2)",,0,0.0000
1813,LM01260819000313,Approved,2026-08-19T08:11:20+08:00,2026-08-19T08:12:39+08:00,141.80,PRT_L1,67,374.93,962829.32628,105,112,25120.0000,35620.0000,0.0000,0.0000,35620.0000,"1,3,6","8,6","(7,2),(3,2),(4,2)",,0,0.0000
1814,LM01260819000312,Approved,2026-08-19T08:10:01+08:00,2026-08-19T08:11:15+08:00,24.25,PRT_L1,57,302.41,962728.12628,98,105,17237.5000,4180.0000,0.0000,0.0000,4180.0000,"2,6,8","7,9","(3,2),(6,2),(5,2)",,0,0.0000
1815,LM01260819000311,Approved,2026-08-19T08:08:49+08:00,2026-08-19T08:09:56+08:00,163.91,PRT_L1,49,351.43,962662.70128,84,94,17220.0000,28225.0000,0.0000,0.0000,28225.0000,"3,3,9","4,6","(7,2),(5,2),(1,2)",,0,0.0000
1816,LM01260819000310,Approved,2026-08-19T08:07:21+08:00,2026-08-19T08:08:44+08:00,32.43,PRT_L1,45,321.33,962597.17628,82,92,14460.0000,4690.0000,0.0000,0.0000,4690.0000,"4,5,6","7,2","(5,2),(7,2),(2,2)",,0,0.0000
1817,LM01260819000309,Approved,2026-08-19T08:06:05+08:00,2026-08-19T08:07:16+08:00,131.31,PRT_L1,45,352.00,962541.57628,86,83,15840.0000,20800.0000,0.0000,0.0000,20800.0000,"6,6,9","9,1","(5,3),(6,1),(2,2)",,0,0.0000
1818,LM01260819000308,Approved,2026-08-19T08:04:55+08:00,2026-08-19T08:06:00+08:00,17.70,PRT_L1,48,284.90,962483.20128,77,86,13675.0000,2420.0000,0.0000,0.0000,2420.0000,"2,5,5","8,4","(6,2),(9,1),(3,2)",,0,0.0000
1819,LM01260819000307,Approved,2026-08-19T08:03:36+08:00,2026-08-19T08:04:50+08:00,112.47,PRT_L1,41,332.56,962431.90128,68,83,13635.0000,15335.0000,0.0000,0.0000,15335.0000,"1,1,9","9,4","(6,2),(3,2),(8,2)",,0,0.0000
1820,LM01260819000306,Approved,2026-08-19T08:02:16+08:00,2026-08-19T08:03:31+08:00,11.33,PRT_L1,29,316.47,962380.92628,53,71,9177.5000,1040.0000,0.0000,0.0000,1040.0000,"4,5,8","3,6","(8,2),(2,2),(6,2)",,0,0.0000
1821,LM01260819000305,Approved,2026-08-19T06:55:18+08:00,2026-08-19T08:02:11+08:00,188.87,PRT_L1,16,95.47,962346.02628,39,55,1527.5000,2885.0000,0.0000,0.0000,2885.0000,"3,3,8","6,4","(7,2),(6,2),(3,2)",,0,0.0000
1822,LM01260819000304,Approved,2026-08-19T06:53:57+08:00,2026-08-19T06:55:13+08:00,15.37,PRT_L1,75,259.73,962338.75128,133,131,19480.0000,2995.0000,0.0000,0.0000,2995.0000,"2,7,7","2,5","(9,2),(1,2),(2,2)",,0,0.0000
1823,LM01260819000303,Approved,2026-08-19T06:52:39+08:00,2026-08-19T06:53:52+08:00,144.15,PRT_L1,77,292.89,962267.57628,131,130,22552.5000,32510.0000,0.0000,0.0000,32510.0000,"5,8,9","9,4","(3,2),(7,2),(9,1)",,0,0.0000
1824,LM01260819000302,Approved,2026-08-19T06:51:24+08:00,2026-08-19T06:52:34+08:00,174.72,PRT_L1,77,300.23,962181.82628,132,136,23117.5000,40390.0000,0.0000,0.0000,40390.0000,"6,7,9","9,5","(9,2),(7,1),(5,2)",,0,0.0000
1825,LM01260819000301,Approved,2026-08-19T06:50:06+08:00,2026-08-19T06:51:19+08:00,169.66,PRT_L1,78,300.67,962093.87628,123,136,23452.5000,39790.0000,0.0000,0.0000,39790.0000,"3,5,6","1,9","(3,2),(5,2),(7,2)",,0,0.0000
1826,LM01260819000300,Approved,2026-08-19T06:48:53+08:00,2026-08-19T06:50:01+08:00,139.88,PRT_L1,78,275.61,962005.15128,132,125,21497.5000,30070.0000,0.0000,0.0000,30070.0000,"1,3,9","9,2","(7,2),(1,2),(2,2)",,0,0.0000
1827,LM01260819000299,Approved,2026-08-19T06:47:36+08:00,2026-08-19T06:48:48+08:00,75.41,PRT_L1,83,239.67,961922.02628,133,134,19892.5000,15000.0000,0.0000,0.0000,15000.0000,"3,5,7","1,5","(4,2),(2,2),(7,2)",,0,0.0000
1828,LM01260819000298,Approved,2026-08-19T06:46:19+08:00,2026-08-19T06:47:31+08:00,62.31,PRT_L1,78,239.49,961844.27628,132,136,18680.0000,11640.0000,0.0000,0.0000,11640.0000,"1,3,7","8,4","(6,2),(8,2),(2,2)",,0,0.0000
1829,LM01260819000297,Approved,2026-08-19T06:45:07+08:00,2026-08-19T06:46:14+08:00,142.90,PRT_L1,74,238.55,961772.72628,131,131,17652.5000,25225.0000,0.0000,0.0000,25225.0000,"2,2,3","8,7","(5,2),(9,2),(2,2)",,0,0.0000
1830,LM01260819000296,Approved,2026-08-19T06:43:50+08:00,2026-08-19T06:45:02+08:00,27.17,PRT_L1,77,264.35,961707.10128,131,135,20355.0000,5530.0000,0.0000,0.0000,5530.0000,"2,6,8","5,9","(4,1),(7,2),(3,2)",,0,0.0000
1831,LM01260819000295,Approved,2026-08-19T06:42:36+08:00,2026-08-19T06:43:45+08:00,162.99,PRT_L1,73,225.07,961626.40128,130,132,16430.0000,26780.0000,0.0000,0.0000,26780.0000,"1,2,3","8,9","(3,2),(5,2),(7,2)",,0,0.0000
1832,LM01260819000294,Approved,2026-08-19T06:41:18+08:00,2026-08-19T06:42:31+08:00,38.18,PRT_L1,78,225.32,961564.75128,134,136,17575.0000,6710.0000,0.0000,0.0000,6710.0000,"5,5,6","8,1","(9,2),(3,2),(6,2)",,0,0.0000
1833,LM01260819000293,Approved,2026-08-19T06:39:59+08:00,2026-08-19T06:41:13+08:00,75.30,PRT_L1,74,247.67,961499.35128,134,137,18327.5000,13800.0000,0.0000,0.0000,13800.0000,"3,5,7","9,4","(7,2),(8,2),(5,2)",,0,0.0000
1834,LM01260819000292,Approved,2026-08-19T06:38:43+08:00,2026-08-19T06:39:54+08:00,25.20,PRT_L1,74,218.55,961432.32628,131,136,16172.5000,4075.0000,0.0000,0.0000,4075.0000,"1,4,4","1,5","(7,2),(5,2),(6,2)",,0,0.0000
1835,LM01260819000291,Approved,2026-08-19T06:37:28+08:00,2026-08-19T06:38:38+08:00,336.74,PRT_L1,71,221.09,961373.07628,132,130,15697.5000,52860.0000,0.0000,0.0000,52860.0000,"1,3,3","8,7","(3,2),(8,2),(9,2)",,0,0.0000
1836,LM01260819000290,Approved,2026-08-19T06:36:16+08:00,2026-08-19T06:37:23+08:00,112.70,PRT_L1,66,226.93,961316.40128,131,134,14977.5000,16880.0000,0.0000,0.0000,16880.0000,"1,8,9","1,9","(2,2),(4,2),(1,2)",,0,0.0000
1837,LM01260819000289,Approved,2026-08-19T06:33:51+08:00,2026-08-19T06:36:11+08:00,235.55,PRT_L1,65,201.00,961262.95128,126,130,13065.0000,24100.0000,6675.0000,0.0000,30775.0000,"6,6,6","9,7","(8,2),(6,2),(4,2)","result:(1,3),(2,4)",0,0.0000
1838,LM01260819000288,Approved,2026-08-19T06:32:36+08:00,2026-08-19T06:33:46+08:00,93.67,PRT_L1,70,209.25,961214.65128,128,131,14647.5000,13720.0000,0.0000,0.0000,13720.0000,"3,5,6","7,2","(4,1),(5,3),(6,2)",,0,0.0000
1839,LM01260819000287,Approved,2026-08-19T06:29:46+08:00,2026-08-19T06:32:31+08:00,22.53,PRT_L1,54,277.36,961158.32628,113,123,14977.5000,2900.0000,475.0000,0.0000,3375.0000,"2,2,2","1,9","(5,2),(1,1),(2,2)","result:(1,4),(1,2),(1,2)",0,0.0000
1840,LM01260819000286,Approved,2026-08-19T06:28:32+08:00,2026-08-19T06:29:41+08:00,106.73,PRT_L1,61,300.12,961104.97628,116,121,18307.5000,19540.0000,0.0000,0.0000,19540.0000,"1,5,9","1,8","(9,2),(6,2),(8,2)",,0,0.0000
1841,LM01260819000285,Approved,2026-08-19T06:27:18+08:00,2026-08-19T06:28:27+08:00,157.01,PRT_L1,66,336.59,961033.62628,125,118,22215.0000,34880.0000,0.0000,0.0000,34880.0000,"1,7,9","3,9","(1,2),(5,2),(7,2)",,0,0.0000
1842,LM01260819000284,Approved,2026-08-19T06:25:45+08:00,2026-08-19T06:27:13+08:00,46.60,PRT_L1,62,227.42,960946.05128,121,126,14100.0000,6570.0000,0.0000,0.0000,6570.0000,"5,9,9","4,2","(6,2),(4,2),(8,2)",,0,0.0000
1843,LM01260819000283,Approved,2026-08-19T06:24:25+08:00,2026-08-19T06:25:40+08:00,45.36,PRT_L1,67,337.76,960887.32628,130,136,22630.0000,10265.0000,0.0000,0.0000,10265.0000,"6,8,8","9,7","(7,2),(9,2),(6,2)",,0,0.0000
1844,LM01260819000282,Approved,2026-08-19T06:23:12+08:00,2026-08-19T06:24:20+08:00,53.01,PRT_L1,70,319.36,960802.90128,129,131,22355.0000,11850.0000,0.0000,0.0000,11850.0000,"4,6,9","8,5","(1,2),(4,2),(2,2)",,0,0.0000
1845,LM01260819000281,Approved,2026-08-19T06:21:54+08:00,2026-08-19T06:23:07+08:00,27.41,PRT_L1,59,378.39,960719.40128,125,132,22325.0000,6120.0000,0.0000,0.0000,6120.0000,"2,4,5","1,7","(7,2),(8,2),(5,2)",,0,0.0000
1846,LM01260819000280,Approved,2026-08-19T06:20:36+08:00,2026-08-19T06:21:49+08:00,201.72,PRT_L1,59,384.41,960634.77628,132,127,22680.0000,45750.0000,0.0000,0.0000,45750.0000,"3,4,8","3,9","(3,2),(6,2),(7,2)",,0,0.0000
1847,LM01260819000279,Approved,2026-08-19T06:19:18+08:00,2026-08-19T06:20:31+08:00,96.21,PRT_L1,62,376.69,960549.02628,138,134,23355.0000,22470.0000,0.0000,0.0000,22470.0000,"2,7,9","1,2","(1,2),(6,2),(9,2)",,0,0.0000
1848,LM01260819000278,Approved,2026-08-19T06:18:04+08:00,2026-08-19T06:19:13+08:00,35.92,PRT_L1,61,320.57,960461.70128,132,139,19555.0000,7025.0000,0.0000,0.0000,7025.0000,"4,8,8","6,1","(4,2),(9,2),(1,2)",,0,0.0000
1849,LM01260819000277,Approved,2026-08-19T06:16:47+08:00,2026-08-19T06:17:59+08:00,78.61,PRT_L1,67,351.08,960389.82628,135,140,23522.5000,18490.0000,0.0000,0.0000,18490.0000,"1,2,7","4,8","(8,2),(3,2),(5,2)",,0,0.0000
1850,LM01260819000276,Approved,2026-08-19T06:14:26+08:00,2026-08-19T06:16:42+08:00,118.16,PRT_L1,68,351.58,960299.20128,134,133,23907.5000,14850.0000,13400.0000,0.0000,28250.0000,"6,6,6","1,7","(4,2),(9,2),(8,2)","result:(1,4),(1,2)",0,0.0000
1851,LM01260819000275,Approved,2026-08-19T06:13:10+08:00,2026-08-19T06:14:21+08:00,43.05,PRT_L1,70,281.39,960209.95128,124,132,19697.5000,8480.0000,0.0000,0.0000,8480.0000,"1,4,9","7,1","(2,2),(7,2),(1,2)",,0,0.0000
1852,LM01260819000274,Approved,2026-08-19T06:11:54+08:00,2026-08-19T06:13:05+08:00,46.49,PRT_L1,74,258.14,960136.82628,122,130,19102.5000,8880.0000,0.0000,0.0000,8880.0000,"1,2,4","2,9","(5,2),(2,2),(1,2)",,0,0.0000
1853,LM01260819000273,Approved,2026-08-19T06:10:27+08:00,2026-08-19T06:11:49+08:00,53.07,PRT_L1,73,286.23,960065.32628,125,129,20895.0000,11090.0000,0.0000,0.0000,11090.0000,"5,6,8","7,8","(6,2),(3,2),(9,2)",,0,0.0000
1854,LM01260819000272,Approved,2026-08-19T06:09:03+08:00,2026-08-19T06:10:22+08:00,64.95,PRT_L1,70,274.07,959986.65128,126,124,19185.0000,12460.0000,0.0000,0.0000,12460.0000,"7,8,9","4,3","(5,2),(1,2),(8,2)",,0,0.0000
1855,LM01260819000271,Approved,2026-08-19T06:07:41+08:00,2026-08-19T06:08:58+08:00,18.21,PRT_L1,65,296.58,959913.57628,133,126,19277.5000,3510.0000,0.0000,0.0000,3510.0000,"2,4,7","1,5","(9,2),(8,2),(1,2)",,0,0.0000
1856,LM01260819000270,Approved,2026-08-19T06:06:31+08:00,2026-08-19T06:07:36+08:00,80.64,PRT_L1,68,246.73,959843.10128,134,135,16777.5000,13530.0000,0.0000,0.0000,13530.0000,"6,6,8","3,8","(6,2),(5,2),(2,2)",,0,0.0000
1857,LM01260819000269,Approved,2026-08-19T06:03:45+08:00,2026-08-19T06:06:26+08:00,986.53,PRT_L1,62,251.37,959783.05128,117,134,15585.0000,132650.0000,21100.0000,0.0000,153750.0000,"3,3,3","1,7","(5,1),(9,3),(3,2)","result:(3,4),(1,3),(2,4)",0,0.0000
1858,LM01260819000268,Approved,2026-08-19T06:02:37+08:00,2026-08-19T06:03:40+08:00,166.38,PRT_L1,65,268.38,959726.75128,119,118,17445.0000,29025.0000,0.0000,0.0000,29025.0000,"3,3,6","8,4","(6,2),(5,2),(4,1)",,0,0.0000
1859,LM01260819000267,Approved,2026-08-19T06:01:16+08:00,2026-08-19T06:02:32+08:00,82.67,PRT_L1,71,292.36,959663.02628,119,125,20757.5000,17160.0000,0.0000,0.0000,17160.0000,"2,3,4","6,8","(2,2),(7,2),(5,2)",,0,0.0000
1860,LM01260819000266,Approved,2026-08-19T05:58:32+08:00,2026-08-19T06:01:11+08:00,52.98,PRT_L1,63,263.65,959582.32628,112,115,16610.0000,8800.0000,0.0000,0.0000,8800.0000,"7,8,9","4,5","(8,2),(7,2),(3,2)",,0,0.0000
1861,LM01260819000265,Approved,2026-08-19T05:56:14+08:00,2026-08-19T05:58:27+08:00,94.72,PRT_L1,65,230.23,959521.17628,125,124,14965.0000,10300.0000,3875.0000,0.0000,14175.0000,"6,6,6","1,6","(1,1),(7,2),(2,2)","result:(3,4),(2,4)",0,0.0000
1862,LM01260819000264,Approved,2026-08-19T05:54:53+08:00,2026-08-19T05:56:09+08:00,83.36,PRT_L1,73,200.00,959463.85128,130,128,14600.0000,12170.0000,0.0000,0.0000,12170.0000,"3,7,7","9,8","(2,2),(8,2),(7,2)",,0,0.0000
1863,LM01260819000263,Approved,2026-08-19T05:53:39+08:00,2026-08-19T05:54:48+08:00,29.87,PRT_L1,65,204.46,959408.22628,128,127,13290.0000,3970.0000,0.0000,0.0000,3970.0000,"1,2,4","6,9","(2,2),(4,2),(8,2)",,0,0.0000
1864,LM01260819000262,Approved,2026-08-19T05:52:16+08:00,2026-08-19T05:53:34+08:00,75.85,PRT_L1,59,111.40,959357.20128,129,127,6572.5000,4985.0000,0.0000,0.0000,4985.0000,"6,7,7","5,4","(7,2),(2,2),(1,2)",,0,0.0000
1865,LM01260819000261,Approved,2026-08-19T05:50:57+08:00,2026-08-19T05:52:11+08:00,69.19,PRT_L1,66,96.14,959328.57628,129,128,6345.0000,4390.0000,0.0000,0.0000,4390.0000,"2,7,8","5,3","(4,2),(1,2),(6,2)",,0,0.0000
1866,LM01260819000260,Approved,2026-08-19T05:49:39+08:00,2026-08-19T05:50:52+08:00,49.09,PRT_L1,78,156.44,959301.42628,140,136,12202.5000,5990.0000,0.0000,0.0000,5990.0000,"1,4,8","6,8","(7,2),(9,2),(1,2)",,0,0.0000
1867,LM01260819000259,Approved,2026-08-19T05:48:19+08:00,2026-08-19T05:49:34+08:00,115.58,PRT_L1,76,314.31,959254.17628,134,137,23887.5000,27610.0000,0.0000,0.0000,27610.0000,"4,7,8","9,8","(6,2),(7,2),(8,2)",,0,0.0000
1868,LM01260819000258,Approved,2026-08-19T05:47:00+08:00,2026-08-19T05:48:14+08:00,69.08,PRT_L1,70,285.18,959156.92628,123,128,19962.5000,13790.0000,0.0000,0.0000,13790.0000,"6,7,9","8,3","(5,2),(4,2),(8,2)",,0,0.0000
1869,LM01260819000257,Approved,2026-08-19T05:45:40+08:00,2026-08-19T05:46:55+08:00,23.27,PRT_L1,70,268.89,959082.30128,121,127,18822.5000,4380.0000,0.0000,0.0000,4380.0000,"1,4,5","7,8","(6,2),(8,2),(3,2)",,0,0.0000
1870,LM01260819000256,Approved,2026-08-19T05:44:24+08:00,2026-08-19T05:45:35+08:00,50.45,PRT_L1,64,286.80,959011.87628,128,126,18355.0000,9260.0000,0.0000,0.0000,9260.0000,"1,2,5","9,1","(2,2),(1,2),(4,2)",,0,0.0000
1871,LM01260819000255,Approved,2026-08-19T05:43:11+08:00,2026-08-19T05:44:19+08:00,57.75,PRT_L1,54,292.13,958944.40128,115,128,15775.0000,9110.0000,0.0000,0.0000,9110.0000,"5,5,9","4,6","(5,2),(7,2),(1,2)",,0,0.0000
1872,LM01260819000254,Approved,2026-08-19T05:41:51+08:00,2026-08-19T05:43:06+08:00,37.28,PRT_L1,58,270.82,958886.90128,119,114,15707.5000,5855.0000,0.0000,0.0000,5855.0000,"1,6,6","8,3","(3,2),(9,2),(4,2)",,0,0.0000
1873,LM01260819000253,Approved,2026-08-19T05:40:31+08:00,2026-08-19T05:41:46+08:00,71.20,PRT_L1,58,219.87,958827.97628,119,118,12752.5000,9080.0000,0.0000,0.0000,9080.0000,"2,6,8","9,2","(2,2),(4,2),(1,2)",,0,0.0000
1874,LM01260819000252,Approved,2026-08-19T05:39:14+08:00,2026-08-19T05:40:26+08:00,66.67,PRT_L1,58,231.21,958780.10128,116,123,13410.0000,8940.0000,0.0000,0.0000,8940.0000,"3,5,5","7,2","(9,2),(2,2),(7,2)",,0,0.0000
1875,LM01260819000251,Approved,2026-08-19T05:37:59+08:00,2026-08-19T05:39:09+08:00,17.55,PRT_L1,52,213.65,958729.27628,117,120,11110.0000,1950.0000,0.0000,0.0000,1950.0000,"5,6,8","7,9","(1,2),(4,2),(5,2)",,0,0.0000
1876,LM01260819000250,Approved,2026-08-19T05:36:46+08:00,2026-08-19T05:37:54+08:00,96.31,PRT_L1,51,106.37,958688.60128,113,120,5425.0000,5225.0000,0.0000,0.0000,5225.0000,"2,2,8","7,4","(6,3),(4,2),(9,1)",,0,0.0000
1877,LM01260819000249,Approved,2026-08-19T05:35:23+08:00,2026-08-19T05:36:41+08:00,169.31,PRT_L1,51,173.48,958664.65128,106,114,8847.5000,14980.0000,0.0000,0.0000,14980.0000,"1,2,3","1,8","(9,2),(5,2),(1,2)",,0,0.0000
1878,LM01260819000248,Approved,2026-08-19T05:34:09+08:00,2026-08-19T05:35:18+08:00,78.74,PRT_L1,54,82.08,958630.42628,112,105,4432.5000,3490.0000,0.0000,0.0000,3490.0000,"5,8,8","9,5","(2,2),(1,2),(5,2)",,0,0.0000
1879,LM01260819000247,Approved,2026-08-19T05:31:18+08:00,2026-08-19T05:34:04+08:00,22.82,PRT_L1,52,290.77,958612.07628,107,113,15120.0000,2650.0000,800.0000,0.0000,3450.0000,"6,6,6","1,3","(3,2),(4,2),(7,2)","result:(1,3),(2,3),(1,3)",0,0.0000
1880,LM01260819000246,Approved,2026-08-19T05:30:02+08:00,2026-08-19T05:31:13+08:00,26.32,PRT_L1,51,251.03,958556.62628,100,111,12802.5000,3370.0000,0.0000,0.0000,3370.0000,"2,5,8","4,1","(4,2),(9,2),(3,2)",,0,0.0000
1881,LM01260819000245,Approved,2026-08-19T05:28:47+08:00,2026-08-19T05:29:57+08:00,46.28,PRT_L1,49,259.74,958509.05128,97,105,12727.5000,5890.0000,0.0000,0.0000,5890.0000,"1,2,8","7,2","(6,2),(8,2),(9,2)",,0,0.0000
1882,LM01260819000244,Approved,2026-08-19T05:27:25+08:00,2026-08-19T05:28:42+08:00,69.95,PRT_L1,54,281.44,958464.37628,96,101,15197.5000,10630.0000,0.0000,0.0000,10630.0000,"2,2,3","1,9","(5,2),(8,2),(7,1)",,0,0.0000
1883,LM01260819000243,Approved,2026-08-19T05:25:39+08:00,2026-08-19T05:27:20+08:00,141.92,PRT_L1,55,272.36,958410.82628,101,94,14980.0000,21260.0000,0.0000,0.0000,21260.0000,"2,5,9","2,3","(8,2),(9,2),(6,2)",,0,0.0000
1884,LM01260819000242,Approved,2026-08-19T05:24:17+08:00,2026-08-19T05:25:34+08:00,41.68,PRT_L1,57,165.44,958355.10128,110,105,9430.0000,3930.0000,0.0000,0.0000,3930.0000,"2,7,8","8,4","(7,2),(1,1),(8,3)",,0,0.0000
1885,LM01260819000241,Approved,2026-08-19T05:23:03+08:00,2026-08-19T05:24:12+08:00,89.19,PRT_L1,62,140.69,958318.62628,103,112,8722.5000,7780.0000,0.0000,0.0000,7780.0000,"2,4,9","5,8","(2,2),(3,2),(4,2)",,0,0.0000
1886,LM01260819000240,Approved,2026-08-19T05:21:47+08:00,2026-08-19T05:22:58+08:00,51.26,PRT_L1,60,140.13,958283.17628,105,106,8407.5000,4310.0000,0.0000,0.0000,4310.0000,"3,7,9","5,4","(7,2),(5,2),(3,2)",,0,0.0000
1887,LM01260819000239,Approved,2026-08-19T05:20:27+08:00,2026-08-19T05:21:42+08:00,138.50,PRT_L1,59,121.27,958249.82628,106,107,7155.0000,9910.0000,0.0000,0.0000,9910.0000,"3,4,6","4,2","(4,2),(6,2),(1,2)",,0,0.0000
1888,LM01260819000238,Approved,2026-08-19T05:19:11+08:00,2026-08-19T05:20:22+08:00,128.09,PRT_L1,54,133.01,958221.85128,112,110,7182.5000,9200.0000,0.0000,0.0000,9200.0000,"2,4,9","4,9","(6,2),(9,2),(7,2)",,0,0.0000
1889,LM01260819000237,Approved,2026-08-19T05:18:01+08:00,2026-08-19T05:19:06+08:00,29.56,PRT_L1,56,336.52,958192.50128,115,114,18845.0000,5570.0000,0.0000,0.0000,5570.0000,"4,4,6","8,2","(7,1),(3,2),(4,2)",,0,0.0000
1890,LM01260819000236,Approved,2026-08-19T05:16:43+08:00,2026-08-19T05:17:56+08:00,9.61,PRT_L1,56,300.04,958120.10128,106,117,16802.5000,1615.0000,0.0000,0.0000,1615.0000,"6,6,8","4,7","(3,2),(8,2),(5,2)",,0,0.0000
1891,LM01260819000235,Approved,2026-08-19T05:15:24+08:00,2026-08-19T05:16:38+08:00,119.94,PRT_L1,55,328.50,958053.30128,115,108,18067.5000,21670.0000,0.0000,0.0000,21670.0000,"2,4,7","5,7","(9,2),(2,2),(8,2)",,0,0.0000
1892,LM01260819000234,Approved,2026-08-19T05:14:09+08:00,2026-08-19T05:15:19+08:00,151.96,PRT_L1,60,428.50,957980.67628,118,117,25710.0000,39070.0000,0.0000,0.0000,39070.0000,"3,5,7","2,4","(3,3),(4,1),(1,2)",,0,0.0000
1893,LM01260819000233,Approved,2026-08-19T05:12:54+08:00,2026-08-19T05:14:04+08:00,102.28,PRT_L1,63,372.46,957878.25128,120,119,23465.0000,24000.0000,0.0000,0.0000,24000.0000,"1,1,7","9,2","(1,2),(8,2),(5,2)",,0,0.0000
1894,LM01260819000232,Approved,2026-08-19T05:11:42+08:00,2026-08-19T05:12:49+08:00,103.22,PRT_L1,65,322.69,957787.92628,114,125,20975.0000,21650.0000,0.0000,0.0000,21650.0000,"1,1,7","5,1","(1,2),(5,2),(8,2)",,0,0.0000
1895,LM01260819000231,Approved,2026-08-19T05:10:27+08:00,2026-08-19T05:11:37+08:00,25.70,PRT_L1,64,346.60,957707.90128,120,116,22182.5000,5700.0000,0.0000,0.0000,5700.0000,"1,1,4","2,1","(6,1),(9,3),(5,2)",,0,0.0000
1896,LM01260819000230,Approved,2026-08-19T05:09:07+08:00,2026-08-19T05:10:22+08:00,64.06,PRT_L1,64,326.09,957620.95128,117,123,20870.0000,13370.0000,0.0000,0.0000,13370.0000,"1,4,9","7,6","(8,1),(5,2),(6,2)",,0,0.0000
1897,LM01260819000229,Approved,2026-08-19T05:07:46+08:00,2026-08-19T05:09:02+08:00,88.20,PRT_L1,58,198.02,957538.27628,111,121,11485.0000,10130.0000,0.0000,0.0000,10130.0000,"2,3,9","6,7","(4,2),(1,2),(6,2)",,0,0.0000
1898,LM01260819000228,Approved,2026-08-19T05:06:29+08:00,2026-08-19T05:07:41+08:00,210.22,PRT_L1,56,236.74,957488.67628,104,111,13257.5000,27870.0000,0.0000,0.0000,27870.0000,"2,8,9","9,6","(5,2),(6,2),(7,2)",,0,0.0000
1899,LM01260819000227,Approved,2026-08-19T05:05:08+08:00,2026-08-19T05:06:24+08:00,88.48,PRT_L1,56,176.38,957431.75128,112,107,9877.5000,8740.0000,0.0000,0.0000,8740.0000,"4,7,9","3,2","(9,2),(6,2),(2,2)",,0,0.0000
1900,LM01260819000226,Approved,2026-08-19T05:03:50+08:00,2026-08-19T05:05:03+08:00,81.52,PRT_L1,61,167.91,957389.97628,111,110,10242.5000,8350.0000,0.0000,0.0000,8350.0000,"5,5,6","1,3","(9,2),(4,2),(6,2)",,0,0.0000
1901,LM01260819000225,Approved,2026-08-19T05:02:34+08:00,2026-08-19T05:03:45+08:00,127.45,PRT_L1,58,201.16,957348.97628,116,113,11667.5000,14870.0000,0.0000,0.0000,14870.0000,"1,3,4","7,3","(3,2),(9,2),(5,2)",,0,0.0000
1902,LM01260819000224,Approved,2026-08-19T05:01:19+08:00,2026-08-19T05:02:29+08:00,21.56,PRT_L1,56,147.41,957299.32628,108,119,8255.0000,1780.0000,0.0000,0.0000,1780.0000,"4,4,6","4,6","(1,2),(9,2),(5,2)",,0,0.0000
1903,LM01260819000223,Approved,2026-08-19T05:00:04+08:00,2026-08-19T05:01:14+08:00,37.47,PRT_L1,52,186.83,957265.75128,108,112,9715.0000,3640.0000,0.0000,0.0000,3640.0000,"1,3,8","1,8","(7,2),(4,2),(5,2)",,0,0.0000
1904,LM01260819000222,Approved,2026-08-19T04:58:47+08:00,2026-08-19T04:59:59+08:00,64.37,PRT_L1,54,315.32,957226.60128,109,110,17027.5000,10960.0000,0.0000,0.0000,10960.0000,"2,3,4","2,6","(6,2),(1,1),(4,2)",,0,0.0000
1905,LM01260819000221,Approved,2026-08-19T04:57:27+08:00,2026-08-19T04:58:42+08:00,134.40,PRT_L1,60,301.96,957160.97628,109,112,18117.5000,24350.0000,0.0000,0.0000,24350.0000,"6,9,9","1,2","(6,2),(7,2),(2,2)",,0,0.0000
1906,LM01260819000220,Approved,2026-08-19T04:55:48+08:00,2026-08-19T04:57:22+08:00,93.31,PRT_L1,58,304.78,957093.45128,111,115,17677.5000,16495.0000,0.0000,0.0000,16495.0000,"2,9,9","4,1","(2,2),(6,2),(3,2)",,0,0.0000
1907,LM01260819000219,Approved,2026-08-19T04:54:35+08:00,2026-08-19T04:55:43+08:00,346.39,PRT_L1,56,312.46,957030.25128,108,115,17497.5000,60610.0000,0.0000,0.0000,60610.0000,"3,3,9","1,2","(3,2),(2,2),(1,2)",,0,0.0000
1908,LM01260819000218,Approved,2026-08-19T04:51:50+08:00,2026-08-19T04:54:30+08:00,923.72,PRT_L1,50,357.25,956960.80128,99,107,17862.5000,116700.0000,48300.0000,0.0000,165000.0000,"3,3,3","8,2","(2,2),(5,1),(3,2)","result:(1,3),(1,3),(1,4)",0,0.0000
1909,LM01260819000217,Approved,2026-08-19T04:50:33+08:00,2026-08-19T04:51:45+08:00,93.95,PRT_L1,48,296.93,956895.97628,105,102,14252.5000,13390.0000,0.0000,0.0000,13390.0000,"1,3,9","5,8","(2,2),(8,2),(7,1)",,0,0.0000
1910,LM01260819000216,Approved,2026-08-19T04:49:16+08:00,2026-08-19T04:50:28+08:00,6.30,PRT_L1,66,347.54,956844.90128,114,110,22937.5000,1445.0000,0.0000,0.0000,1445.0000,"6,6,8","4,1","(3,2),(5,2),(7,2)",,0,0.0000
1911,LM01260819000215,Approved,2026-08-19T04:48:03+08:00,2026-08-19T04:49:11+08:00,193.78,PRT_L1,64,542.97,956765.15128,120,117,34750.0000,67340.0000,0.0000,0.0000,67340.0000,"1,9,9","2,3","(8,2),(3,2),(9,2)",,0,0.0000
1912,LM01260819000214,Approved,2026-08-19T04:46:51+08:00,2026-08-19T04:47:58+08:00,54.89,PRT_L1,63,362.90,956619.25128,114,122,22862.5000,12550.0000,0.0000,0.0000,12550.0000,"6,7,7","2,1","(9,2),(3,2),(4,2)",,0,0.0000
1913,LM01260819000213,Approved,2026-08-19T04:45:37+08:00,2026-08-19T04:46:46+08:00,150.79,PRT_L1,57,621.89,956532.62628,114,115,35447.5000,53450.0000,0.0000,0.0000,53450.0000,"3,6,9","9,7","(2,2),(5,2),(3,2)",,0,0.0000
1914,LM01260819000212,Approved,2026-08-19T04:44:16+08:00,2026-08-19T04:45:32+08:00,47.00,PRT_L1,57,440.66,956394.70128,117,119,25117.5000,11805.0000,0.0000,0.0000,11805.0000,"4,4,7","1,7","(5,2),(6,2),(7,2)",,0,0.0000
1915,LM01260819000211,Approved,2026-08-19T04:42:59+08:00,2026-08-19T04:44:11+08:00,31.69,PRT_L1,53,620.42,956298.92628,107,116,32882.5000,10420.0000,0.0000,0.0000,10420.0000,"2,7,8","3,5","(5,2),(6,2),(4,2)",,0,0.0000
1916,LM01260819000210,Approved,2026-08-19T04:41:47+08:00,2026-08-19T04:42:54+08:00,34.24,PRT_L1,55,571.59,956164.67628,110,107,31437.5000,10765.0000,0.0000,0.0000,10765.0000,"4,4,9","5,1","(8,2),(3,2),(4,2)",,0,0.0000
1917,LM01260819000209,Approved,2026-08-19T04:40:35+08:00,2026-08-19T04:41:42+08:00,105.24,PRT_L1,59,713.60,956035.57628,123,112,42102.5000,44310.0000,0.0000,0.0000,44310.0000,"2,3,9","5,4","(4,2),(9,2),(7,2)",,0,0.0000
1918,LM01260819000208,Approved,2026-08-19T04:39:24+08:00,2026-08-19T04:40:30+08:00,34.38,PRT_L1,56,659.15,955876.05128,121,122,36912.5000,12690.0000,0.0000,0.0000,12690.0000,"1,4,7","3,2","(8,2),(3,2),(2,2)",,0,0.0000
1919,LM01260819000207,Approved,2026-08-19T04:38:13+08:00,2026-08-19T04:39:19+08:00,218.57,PRT_L1,55,632.36,955741.55128,122,121,34780.0000,76020.0000,0.0000,0.0000,76020.0000,"5,6,9","6,9","(6,2),(8,2),(9,2)",,0,0.0000
1920,LM01260819000206,Approved,2026-08-19T04:36:58+08:00,2026-08-19T04:38:08+08:00,77.05,PRT_L1,59,438.52,955612.90128,125,123,25872.5000,19935.0000,0.0000,0.0000,19935.0000,"2,2,3","9,7","(6,2),(2,2),(5,2)",,0,0.0000
1921,LM01260819000205,Approved,2026-08-19T04:35:47+08:00,2026-08-19T04:36:53+08:00,43.10,PRT_L1,60,407.96,955513.00128,125,128,24477.5000,10550.0000,0.0000,0.0000,10550.0000,"1,7,7","9,4","(6,2),(1,2),(2,2)",,0,0.0000
1922,LM01260819000204,Approved,2026-08-19T04:34:35+08:00,2026-08-19T04:35:42+08:00,70.95,PRT_L1,63,399.80,955415.60128,125,129,25187.5000,17870.0000,0.0000,0.0000,17870.0000,"1,6,6","9,6","(7,2),(3,2),(8,2)",,0,0.0000
1923,LM01260819000203,Approved,2026-08-19T04:33:21+08:00,2026-08-19T04:34:30+08:00,61.45,PRT_L1,63,361.90,955317.97628,124,125,22800.0000,14010.0000,0.0000,0.0000,14010.0000,"4,8,9","8,7","(5,2),(1,2),(7,2)",,0,0.0000
1924,LM01260819000202,Approved,2026-08-19T04:32:09+08:00,2026-08-19T04:33:16+08:00,21.18,PRT_L1,61,437.25,955231.32628,123,127,26672.5000,5650.0000,0.0000,0.0000,5650.0000,"1,8,8","7,8","(8,2),(2,2),(6,2)",,0,0.0000
1925,LM01260819000201,Approved,2026-08-19T04:30:52+08:00,2026-08-19T04:32:04+08:00,67.12,PRT_L1,62,388.35,955129.65128,116,122,24077.5000,16160.0000,0.0000,0.0000,16160.0000,"5,6,7","9,6","(8,2),(1,2),(9,2)",,0,0.0000
1926,LM01260819000200,Approved,2026-08-19T04:29:35+08:00,2026-08-19T04:30:47+08:00,151.43,PRT_L1,52,241.35,955037.82628,118,115,12550.0000,19005.0000,0.0000,0.0000,19005.0000,"3,3,9","9,6","(4,2),(7,2),(5,2)",,0,0.0000
1927,LM01260819000199,Approved,2026-08-19T04:28:16+08:00,2026-08-19T04:29:30+08:00,89.00,PRT_L1,56,219.51,954981.67628,112,119,12292.5000,10940.0000,0.0000,0.0000,10940.0000,"3,5,9","4,9","(8,3),(2,2),(6,1)",,0,0.0000
1928,LM01260819000198,Approved,2026-08-19T04:27:01+08:00,2026-08-19T04:28:11+08:00,84.73,PRT_L1,55,212.23,954927.20128,114,115,11672.5000,9890.0000,0.0000,0.0000,9890.0000,"3,5,7","2,1","(9,2),(1,2),(4,2)",,0,0.0000
1929,LM01260819000197,Approved,2026-08-19T04:25:24+08:00,2026-08-19T04:26:56+08:00,67.49,PRT_L1,63,183.21,954874.15128,125,120,11542.5000,7790.0000,0.0000,0.0000,7790.0000,"2,7,7","5,7","(7,2),(2,2),(1,2)",,0,0.0000
1930,LM01260819000196,Approved,2026-08-19T04:24:05+08:00,2026-08-19T04:25:19+08:00,64.21,PRT_L1,69,254.17,954822.50128,122,133,17537.5000,11260.0000,0.0000,0.0000,11260.0000,"6,7,9","4,5","(5,2),(3,2),(8,2)",,0,0.0000
1931,LM01260819000195,Approved,2026-08-19T04:22:51+08:00,2026-08-19T04:24:00+08:00,48.55,PRT_L1,65,218.96,954748.90128,127,123,14232.5000,6910.0000,0.0000,0.0000,6910.0000,"3,7,9","2,5","(4,1),(7,2),(9,2)",,0,0.0000
1932,LM01260819000194,Approved,2026-08-19T04:21:39+08:00,2026-08-19T04:22:46+08:00,29.04,PRT_L1,74,202.87,954687.50128,135,131,15012.5000,4360.0000,0.0000,0.0000,4360.0000,"1,1,9","9,5","(2,3),(3,2),(4,1)",,0,0.0000
1933,LM01260819000193,Approved,2026-08-19T04:20:21+08:00,2026-08-19T04:21:34+08:00,61.86,PRT_L1,71,223.59,954620.45128,126,139,15875.0000,9820.0000,0.0000,0.0000,9820.0000,"1,3,5","6,7","(6,2),(5,2),(8,2)",,0,0.0000
1934,LM01260819000192,Approved,2026-08-19T04:17:48+08:00,2026-08-19T04:20:16+08:00,33.83,PRT_L1,68,474.96,954551.50128,133,126,32297.5000,10400.0000,525.0000,0.0000,10925.0000,"8,8,8","9,7","(5,2),(6,2),(4,2)","result:(1,4),(1,4),(3,4)",0,0.0000
1935,LM01260819000191,Approved,2026-08-19T04:16:33+08:00,2026-08-19T04:17:43+08:00,76.80,PRT_L1,75,408.67,954428.25128,137,135,30650.0000,23540.0000,0.0000,0.0000,23540.0000,"2,6,7","7,8","(5,2),(1,2),(8,2)",,0,0.0000
1936,LM01260819000190,Approved,2026-08-19T04:15:19+08:00,2026-08-19T04:16:28+08:00,113.41,PRT_L1,69,432.43,954312.27628,141,141,29837.5000,33840.0000,0.0000,0.0000,33840.0000,"3,4,9","7,3","(5,2),(6,2),(2,2)",,0,0.0000
1937,LM01260819000189,Approved,2026-08-19T04:14:09+08:00,2026-08-19T04:15:14+08:00,54.20,PRT_L1,68,422.46,954200.20128,133,141,28727.5000,15570.0000,0.0000,0.0000,15570.0000,"2,5,5","2,3","(8,2),(9,2),(6,2)",,0,0.0000
1938,LM01260819000188,Approved,2026-08-19T04:12:55+08:00,2026-08-19T04:14:04+08:00,40.23,PRT_L1,75,405.97,954093.05128,136,135,30447.5000,12250.0000,0.0000,0.0000,12250.0000,"1,1,6","1,7","(8,2),(3,2),(5,2)",,0,0.0000
1939,LM01260819000187,Approved,2026-08-19T04:11:44+08:00,2026-08-19T04:12:50+08:00,45.66,PRT_L1,75,332.47,953979.50128,142,138,24935.0000,11385.0000,0.0000,0.0000,11385.0000,"2,2,6","5,9","(8,1),(5,2),(4,2)",,0,0.0000
1940,LM01260819000186,Approved,2026-08-19T04:10:27+08:00,2026-08-19T04:11:39+08:00,93.32,PRT_L1,67,445.60,953884.47628,132,139,29855.0000,27860.0000,0.0000,0.0000,27860.0000,"3,5,9","5,4","(4,1),(7,2),(6,2)",,0,0.0000
1941,LM01260819000185,Approved,2026-08-19T04:09:14+08:00,2026-08-19T04:10:22+08:00,16.26,PRT_L1,67,495.63,953774.65128,125,131,33207.5000,5400.0000,0.0000,0.0000,5400.0000,"2,4,8","5,4","(5,2),(4,2),(3,2)",,0,0.0000
1942,LM01260819000184,Approved,2026-08-19T04:08:02+08:00,2026-08-19T04:09:09+08:00,151.96,PRT_L1,63,507.34,953651.50128,121,124,31962.5000,48570.0000,0.0000,0.0000,48570.0000,"2,6,6","2,5","(3,2),(6,2),(8,2)",,0,0.0000
1943,LM01260819000183,Approved,2026-08-19T04:06:48+08:00,2026-08-19T04:07:57+08:00,131.36,PRT_L1,57,535.83,953532.75128,128,125,30542.5000,40120.0000,0.0000,0.0000,40120.0000,"2,6,9","6,2","(3,2),(5,2),(6,2)",,0,0.0000
1944,LM01260819000182,Approved,2026-08-19T04:05:42+08:00,2026-08-19T04:06:43+08:00,188.10,PRT_L1,63,534.40,953415.65128,125,126,33667.5000,63330.0000,0.0000,0.0000,63330.0000,"6,9,9","2,1","(2,2),(9,2),(3,2)",,0,0.0000
1945,LM01260819000181,Approved,2026-08-19T04:04:33+08:00,2026-08-19T04:05:37+08:00,18.29,PRT_L1,67,537.91,953286.75128,125,131,36040.0000,6590.0000,0.0000,0.0000,6590.0000,"2,2,8","9,5","(4,2),(8,2),(6,2)",,0,0.0000
1946,LM01260819000180,Approved,2026-08-19T04:03:13+08:00,2026-08-19T04:04:28+08:00,43.62,PRT_L1,65,551.85,953149.65128,122,122,35870.0000,15645.0000,0.0000,0.0000,15645.0000,"4,6,6","8,2","(8,2),(9,2),(5,2)",,0,0.0000
1947,LM01260819000179,Approved,2026-08-19T04:02:01+08:00,2026-08-19T04:03:08+08:00,84.49,PRT_L1,68,470.15,953010.72628,126,124,31970.0000,27010.0000,0.0000,0.0000,27010.0000,"4,7,7","6,3","(3,1),(2,2),(7,2)",,0,0.0000
1948,LM01260819000178,Approved,2026-08-19T04:00:51+08:00,2026-08-19T04:01:56+08:00,249.88,PRT_L1,70,445.64,952888.22628,138,128,31195.0000,77950.0000,0.0000,0.0000,77950.0000,"3,3,7","3,1","(7,2),(2,2),(1,2)",,0,0.0000
1949,LM01260819000177,Approved,2026-08-19T03:59:40+08:00,2026-08-19T04:00:46+08:00,78.94,PRT_L1,71,303.13,952769.05128,136,138,21522.5000,16990.0000,0.0000,0.0000,16990.0000,"3,4,6","7,6","(4,2),(7,2),(1,2)",,0,0.0000
1950,LM01260819000176,Approved,2026-08-19T03:58:31+08:00,2026-08-19T03:59:35+08:00,12.73,PRT_L1,79,439.53,952681.85128,142,144,34722.5000,4420.0000,0.0000,0.0000,4420.0000,"5,7,7","4,9","(8,2),(3,2),(4,2)",,0,0.0000
1951,LM01260819000175,Approved,2026-08-19T03:56:41+08:00,2026-08-19T03:58:26+08:00,55.39,PRT_L1,75,452.07,952548.12628,130,142,33905.0000,18780.0000,0.0000,0.0000,18780.0000,"3,6,7","1,5","(4,2),(9,2),(1,2)",,0,0.0000
1952,LM01260819000174,Approved,2026-08-19T03:55:20+08:00,2026-08-19T03:56:36+08:00,23.49,PRT_L1,79,447.85,952418.12628,146,139,35380.0000,8310.0000,0.0000,0.0000,8310.0000,"5,7,8","2,6","(6,2),(8,2),(7,1)",,0,0.0000
1953,LM01260819000173,Approved,2026-08-19T03:54:06+08:00,2026-08-19T03:55:15+08:00,130.40,PRT_L1,85,413.47,952284.32628,151,147,35145.0000,45830.0000,0.0000,0.0000,45830.0000,"1,1,6","1,3","(5,2),(4,2),(9,2)",,0,0.0000
1954,LM01260819000172,Approved,2026-08-19T03:52:48+08:00,2026-08-19T03:54:01+08:00,139.16,PRT_L1,77,515.16,952150.67628,143,151,39667.5000,55200.0000,0.0000,0.0000,55200.0000,"1,2,9","6,4","(2,2),(1,2),(4,2)",,0,0.0000
1955,LM01260819000171,Approved,2026-08-19T03:51:34+08:00,2026-08-19T03:52:43+08:00,141.85,PRT_L1,70,591.36,951997.42628,132,142,41395.0000,58720.0000,0.0000,0.0000,58720.0000,"3,5,6","5,2","(8,2),(5,2),(3,2)",,0,0.0000
1956,LM01260819000170,Approved,2026-08-19T03:50:19+08:00,2026-08-19T03:51:29+08:00,24.24,PRT_L1,74,468.28,951824.90128,133,138,34652.5000,8400.0000,0.0000,0.0000,8400.0000,"2,2,8","2,6","(8,2),(3,1),(7,2)",,0,0.0000
1957,LM01260819000169,Approved,2026-08-19T03:48:58+08:00,2026-08-19T03:50:14+08:00,29.93,PRT_L1,73,375.72,951681.02628,134,133,27427.5000,8210.0000,0.0000,0.0000,8210.0000,"4,6,7","9,7","(1,2),(2,2),(9,2)",,0,0.0000
1958,LM01260819000168,Approved,2026-08-19T03:47:38+08:00,2026-08-19T03:48:53+08:00,92.01,PRT_L1,75,351.13,951575.00128,140,135,26335.0000,24230.0000,0.0000,0.0000,24230.0000,"2,2,6","6,3","(7,2),(9,2),(8,2)",,0,0.0000
1959,LM01260819000167,Approved,2026-08-19T03:46:16+08:00,2026-08-19T03:47:33+08:00,157.96,PRT_L1,77,218.54,951465.05128,140,141,16827.5000,26580.0000,0.0000,0.0000,26580.0000,"7,8,9","1,9","(2,2),(4,2),(8,2)",,0,0.0000
1960,LM01260819000166,Approved,2026-08-19T03:43:52+08:00,2026-08-19T03:46:11+08:00,478.00,PRT_L1,70,452.18,951390.75128,132,139,31652.5000,141750.0000,9550.0000,0.0000,151300.0000,"9,9,9","8,6","(5,2),(9,2),(8,2)","result:(3,4),(2,4)",0,0.0000
1961,LM01260819000165,Approved,2026-08-19T03:42:38+08:00,2026-08-19T03:43:47+08:00,103.15,PRT_L1,76,464.84,951268.67628,141,137,35327.5000,36440.0000,0.0000,0.0000,36440.0000,"2,4,9","2,8","(5,2),(8,2),(4,2)",,0,0.0000
1962,LM01260819000164,Approved,2026-08-19T03:41:16+08:00,2026-08-19T03:42:33+08:00,69.20,PRT_L1,76,504.47,951134.20128,140,143,38340.0000,26530.0000,0.0000,0.0000,26530.0000,"2,8,9","3,7","(1,2),(6,2),(4,2)",,0,0.0000
1963,LM01260819000163,Approved,2026-08-19T03:39:59+08:00,2026-08-19T03:41:11+08:00,227.49,PRT_L1,73,452.53,950985.22628,133,144,33035.0000,75150.0000,0.0000,0.0000,75150.0000,"5,9,9","8,5","(6,2),(9,2),(5,1)",,0,0.0000
1964,LM01260819000162,Approved,2026-08-19T03:38:47+08:00,2026-08-19T03:39:54+08:00,26.24,PRT_L1,75,416.87,950861.77628,129,138,31265.0000,8205.0000,0.0000,0.0000,8205.0000,"2,8,8","5,4","(2,3),(9,2),(8,1)",,0,0.0000
1965,LM01260819000161,Approved,2026-08-19T03:37:26+08:00,2026-08-19T03:38:42+08:00,148.64,PRT_L1,70,350.04,950741.12628,133,131,24502.5000,36420.0000,0.0000,0.0000,36420.0000,"5,9,9","2,5","(7,2),(9,2),(8,2)",,0,0.0000
1966,LM01260819000160,Approved,2026-08-19T03:36:14+08:00,2026-08-19T03:37:21+08:00,84.56,PRT_L1,63,391.39,950645.72628,130,138,24657.5000,20850.0000,0.0000,0.0000,20850.0000,"4,5,9","9,5","(8,2),(6,2),(4,2)",,0,0.0000
1967,LM01260819000159,Approved,2026-08-19T03:34:56+08:00,2026-08-19T03:36:09+08:00,132.49,PRT_L1,70,360.25,950551.57628,135,132,25217.5000,33410.0000,0.0000,0.0000,33410.0000,"3,6,9","2,3","(3,2),(1,2),(6,2)",,0,0.0000
1968,LM01260819000158,Approved,2026-08-19T03:33:34+08:00,2026-08-19T03:34:51+08:00,71.99,PRT_L1,72,370.63,950452.27628,137,133,26685.0000,19210.0000,0.0000,0.0000,19210.0000,"4,5,7","1,4","(4,1),(7,2),(8,2)",,0,0.0000
1969,LM01260819000157,Approved,2026-08-19T03:32:22+08:00,2026-08-19T03:33:29+08:00,73.83,PRT_L1,73,400.41,950345.60128,137,139,29230.0000,21580.0000,0.0000,0.0000,21580.0000,"3,5,5","7,8","(3,1),(2,2),(5,2)",,0,0.0000
1970,LM01260819000156,Approved,2026-08-19T03:31:02+08:00,2026-08-19T03:32:17+08:00,74.82,PRT_L1,72,475.00,950234.00128,133,138,34200.0000,25590.0000,0.0000,0.0000,25590.0000,"1,4,8","7,1","(9,2),(5,2),(7,2)",,0,0.0000
1971,LM01260819000155,Approved,2026-08-19T03:29:45+08:00,2026-08-19T03:30:57+08:00,226.45,PRT_L1,72,498.02,950105.72628,134,134,35857.5000,81200.0000,0.0000,0.0000,81200.0000,"1,1,5","8,1","(2,2),(3,2),(1,2)",,0,0.0000
1972,LM01260819000154,Approved,2026-08-19T03:28:28+08:00,2026-08-19T03:29:40+08:00,111.28,PRT_L1,75,461.30,949971.85128,137,136,34597.5000,38500.0000,0.0000,0.0000,38500.0000,"2,3,4","3,7","(5,2),(4,2),(8,2)",,0,0.0000
1973,LM01260819000153,Approved,2026-08-19T03:27:15+08:00,2026-08-19T03:28:23+08:00,100.21,PRT_L1,75,520.77,949840.77628,137,140,39057.5000,39140.0000,0.0000,0.0000,39140.0000,"4,7,9","5,7","(9,2),(6,2),(1,2)",,0,0.0000
1974,LM01260819000152,Approved,2026-08-19T03:25:40+08:00,2026-08-19T03:27:10+08:00,13.14,PRT_L1,76,514.80,949690.17628,134,141,39125.0000,5140.0000,0.0000,0.0000,5140.0000,"1,8,8","1,4","(5,2),(2,2),(4,2)",,0,0.0000
1975,LM01260819000151,Approved,2026-08-19T03:24:32+08:00,2026-08-19T03:25:35+08:00,110.53,PRT_L1,86,642.59,949547.75128,138,141,55262.5000,61080.0000,0.0000,0.0000,61080.0000,"1,2,3","4,8","(1,2),(9,2),(8,2)",,0,0.0000
1976,LM01260819000150,Approved,2026-08-19T03:23:14+08:00,2026-08-19T03:24:27+08:00,54.79,PRT_L1,72,650.97,949326.00128,130,138,46870.0000,25680.0000,0.0000,0.0000,25680.0000,"1,2,3","9,8","(1,2),(5,2),(8,2)",,0,0.0000
1977,LM01260819000149,Approved,2026-08-19T03:21:55+08:00,2026-08-19T03:23:09+08:00,94.57,PRT_L1,76,414.64,949148.55128,136,127,31512.5000,29800.0000,0.0000,0.0000,29800.0000,"2,6,8","9,7","(6,2),(2,2),(9,2)",,0,0.0000
1978,LM01260819000148,Approved,2026-08-19T03:20:47+08:00,2026-08-19T03:21:50+08:00,181.71,PRT_L1,73,524.62,949031.32628,139,138,38297.5000,69590.0000,0.0000,0.0000,69590.0000,"3,3,8","2,6","(8,3),(4,1),(6,2)",,0,0.0000
1979,LM01260819000147,Approved,2026-08-19T03:19:35+08:00,2026-08-19T03:20:42+08:00,22.50,PRT_L1,69,474.75,948883.32628,133,139,32757.5000,7370.0000,0.0000,0.0000,7370.0000,"5,8,8","4,6","(2,1),(5,2),(7,2)",,0,0.0000
1980,LM01260819000146,Approved,2026-08-19T03:18:15+08:00,2026-08-19T03:19:30+08:00,136.96,PRT_L1,75,532.03,948760.77628,135,144,39902.5000,54650.0000,0.0000,0.0000,54650.0000,"3,4,6","5,9","(4,2),(5,3),(3,1)",,0,0.0000
1981,LM01260819000145,Approved,2026-08-19T03:17:00+08:00,2026-08-19T03:18:10+08:00,151.31,PRT_L1,72,484.62,948610.77628,140,137,34892.5000,52795.0000,0.0000,0.0000,52795.0000,"6,6,8","9,3","(6,2),(4,2),(5,2)",,0,0.0000
1982,LM01260819000144,Approved,2026-08-19T03:15:44+08:00,2026-08-19T03:16:55+08:00,170.27,PRT_L1,77,426.59,948482.55128,145,141,32847.5000,55930.0000,0.0000,0.0000,55930.0000,"2,3,3","5,9","(7,2),(8,2),(1,2)",,0,0.0000
1983,LM01260819000143,Approved,2026-08-19T03:14:29+08:00,2026-08-19T03:15:39+08:00,113.98,PRT_L1,72,404.93,948361.10128,145,145,29155.0000,33230.0000,0.0000,0.0000,33230.0000,"1,3,6","9,6","(9,2),(1,2),(7,2)",,0,0.0000
1984,LM01260819000142,Approved,2026-08-19T03:13:12+08:00,2026-08-19T03:14:24+08:00,62.55,PRT_L1,78,390.06,948253.10128,143,144,30425.0000,19030.0000,0.0000,0.0000,19030.0000,"5,7,9","6,7","(9,2),(2,2),(4,2)",,0,0.0000
1985,LM01260819000141,Approved,2026-08-19T03:12:02+08:00,2026-08-19T03:13:07+08:00,32.41,PRT_L1,84,401.10,948140.27628,139,147,33692.5000,10920.0000,0.0000,0.0000,10920.0000,"1,5,6","3,4","(5,2),(2,2),(7,2)",,0,0.0000
1986,LM01260819000140,Approved,2026-08-19T03:10:48+08:00,2026-08-19T03:11:57+08:00,217.79,PRT_L1,78,408.24,948014.72628,147,138,31842.5000,69350.0000,0.0000,0.0000,69350.0000,"2,3,9","8,2","(3,2),(9,2),(4,2)",,0,0.0000
1987,LM01260819000139,Approved,2026-08-19T03:09:34+08:00,2026-08-19T03:10:43+08:00,35.32,PRT_L1,83,414.94,947895.67628,150,150,34440.0000,12165.0000,0.0000,0.0000,12165.0000,"2,2,4","3,8","(1,2),(9,2),(2,2)",,0,0.0000
1988,LM01260819000138,Approved,2026-08-19T03:08:20+08:00,2026-08-19T03:09:29+08:00,78.53,PRT_L1,85,423.24,947764.52628,151,155,35975.0000,28250.0000,0.0000,0.0000,28250.0000,"2,6,9","2,7","(5,1),(9,2),(3,2)",,0,0.0000
1989,LM01260819000137,Approved,2026-08-19T03:05:29+08:00,2026-08-19T03:08:15+08:00,759.72,PRT_L1,74,466.39,947627.65128,127,151,34512.5000,242150.0000,20050.0000,0.0000,262200.0000,"3,3,3","1,5","(8,2),(3,2),(5,2)","result:(2,4),(1,2),(1,3)",0,0.0000
1990,LM01260819000136,Approved,2026-08-19T03:04:09+08:00,2026-08-19T03:05:24+08:00,68.41,PRT_L1,77,348.34,947498.72628,134,129,26822.5000,18350.0000,0.0000,0.0000,18350.0000,"3,5,9","8,4","(8,1),(7,3),(4,2)",,0,0.0000
1991,LM01260819000135,Approved,2026-08-19T03:02:53+08:00,2026-08-19T03:04:04+08:00,20.54,PRT_L1,77,537.47,947393.17628,133,135,41385.0000,8500.0000,0.0000,0.0000,8500.0000,"2,2,6","5,8","(9,2),(7,1),(8,2)",,0,0.0000
1992,LM01260819000134,Approved,2026-08-19T03:01:36+08:00,2026-08-19T03:02:48+08:00,77.96,PRT_L1,76,453.91,947237.87628,132,133,34497.5000,26895.0000,0.0000,0.0000,26895.0000,"1,1,7","7,8","(9,2),(5,2),(6,2)",,0,0.0000
1993,LM01260819000133,Approved,2026-08-19T03:00:24+08:00,2026-08-19T03:01:31+08:00,38.93,PRT_L1,76,558.36,947104.20128,140,133,42435.0000,16520.0000,0.0000,0.0000,16520.0000,"7,8,8","8,2","(7,1),(6,2),(5,2)",,0,0.0000
1994,LM01260819000132,Approved,2026-08-19T02:59:09+08:00,2026-08-19T03:00:19+08:00,39.81,PRT_L1,74,501.42,946934.05128,139,142,37105.0000,14770.0000,0.0000,0.0000,14770.0000,"4,5,6","3,1","(3,2),(6,2),(9,2)",,0,0.0000
1995,LM01260819000131,Approved,2026-08-19T02:57:53+08:00,2026-08-19T02:59:04+08:00,204.04,PRT_L1,76,478.62,946784.02628,139,139,36375.0000,74220.0000,0.0000,0.0000,74220.0000,"3,6,7","1,3","(4,2),(1,2),(3,2)",,0,0.0000
1996,LM01260819000130,Approved,2026-08-19T02:56:34+08:00,2026-08-19T02:57:48+08:00,43.75,PRT_L1,78,528.08,946637.97628,146,147,41190.0000,18020.0000,0.0000,0.0000,18020.0000,"5,6,7","9,1","(5,2),(9,2),(2,2)",,0,0.0000
1997,LM01260819000129,Approved,2026-08-19T02:54:57+08:00,2026-08-19T02:56:29+08:00,216.89,PRT_L1,79,434.34,946475.00128,136,139,34312.5000,74420.0000,0.0000,0.0000,74420.0000,"2,3,5","1,3","(5,2),(2,2),(3,2)",,0,0.0000
1998,LM01260819000128,Approved,2026-08-19T02:53:44+08:00,2026-08-19T02:54:52+08:00,35.76,PRT_L1,81,372.81,946345.40128,134,142,30197.5000,10800.0000,0.0000,0.0000,10800.0000,"5,5,6","9,2","(7,2),(4,2),(8,2)",,0,0.0000
1999,LM01260819000127,Approved,2026-08-19T02:52:35+08:00,2026-08-19T02:53:39+08:00,150.80,PRT_L1,83,318.37,946224.47628,139,141,26425.0000,39850.0000,0.0000,0.0000,39850.0000,"2,2,3","4,8","(7,2),(5,2),(3,2)",,0,0.0000
2000,LM01260819000126,Approved,2026-08-19T02:51:17+08:00,2026-08-19T02:52:30+08:00,134.54,PRT_L1,79,386.14,946123.20128,132,138,30505.0000,41040.0000,0.0000,0.0000,41040.0000,"3,5,9","2,8","(7,2),(3,2),(4,2)",,0,0.0000
2001,LM01260819000125,Approved,2026-08-19T02:50:04+08:00,2026-08-19T02:51:12+08:00,12.15,PRT_L1,82,385.95,945997.32628,140,139,31647.5000,3845.0000,0.0000,0.0000,3845.0000,"2,2,7","8,3","(2,2),(5,2),(8,2)",,0,0.0000
2002,LM01260819000124,Approved,2026-08-19T02:48:44+08:00,2026-08-19T02:49:59+08:00,143.55,PRT_L1,82,366.49,945864.12628,139,139,30052.5000,43140.0000,0.0000,0.0000,43140.0000,"3,5,6","2,9","(6,2),(3,2),(4,2)",,0,0.0000
2003,LM01260819000123,Approved,2026-08-19T02:47:30+08:00,2026-08-19T02:48:39+08:00,23.22,PRT_L1,81,362.65,945739.00128,145,140,29375.0000,6820.0000,0.0000,0.0000,6820.0000,"2,6,8","4,2","(5,2),(2,2),(8,2)",,0,0.0000
2004,LM01260819000122,Approved,2026-08-19T02:46:18+08:00,2026-08-19T02:47:25+08:00,71.62,PRT_L1,81,321.64,945617.20128,127,151,26052.5000,18660.0000,0.0000,0.0000,18660.0000,"3,5,6","1,5","(5,2),(8,2),(2,2)",,0,0.0000
2005,LM01260819000121,Approved,2026-08-19T02:45:05+08:00,2026-08-19T02:46:13+08:00,101.23,PRT_L1,83,257.80,945511.90128,134,133,21397.5000,21660.0000,0.0000,0.0000,21660.0000,"3,6,9","1,7","(5,2),(6,2),(3,2)",,0,0.0000
2006,LM01260819000120,Approved,2026-08-19T02:43:53+08:00,2026-08-19T02:45:00+08:00,110.81,PRT_L1,80,307.06,945428.65128,139,138,24565.0000,27220.0000,0.0000,0.0000,27220.0000,"1,5,7","7,2","(8,2),(1,2),(3,2)",,0,0.0000
2007,LM01260819000119,Approved,2026-08-19T02:40:32+08:00,2026-08-19T02:43:48+08:00,71.55,PRT_L1,81,285.99,945332.77628,134,140,23165.0000,11550.0000,5025.0000,0.0000,16575.0000,"1,1,1","4,8","(9,2),(5,2),(7,2)","result:(1,2),(2,4),(2,3),(1,4)",0,0.0000
2008,LM01260819000118,Approved,2026-08-19T02:39:18+08:00,2026-08-19T02:40:27+08:00,45.94,PRT_L1,72,590.38,945248.00128,132,137,42507.5000,19530.0000,0.0000,0.0000,19530.0000,"1,2,4","6,8","(9,2),(4,1),(6,2)",,0,0.0000
2009,LM01260819000117,Approved,2026-08-19T02:38:05+08:00,2026-08-19T02:39:13+08:00,130.51,PRT_L1,73,424.04,945070.00128,131,135,30955.0000,40400.0000,0.0000,0.0000,40400.0000,"3,6,8","1,2","(2,1),(3,2),(5,2)",,0,0.0000
2010,LM01260819000116,Approved,2026-08-19T02:36:53+08:00,2026-08-19T02:38:00+08:00,192.17,PRT_L1,76,399.18,944952.97628,132,130,30337.5000,58300.0000,0.0000,0.0000,58300.0000,"3,3,4","3,7","(9,2),(5,2),(7,2)",,0,0.0000
2011,LM01260819000115,Approved,2026-08-19T02:35:39+08:00,2026-08-19T02:36:48+08:00,258.03,PRT_L1,74,334.19,944838.25128,135,134,24730.0000,63810.0000,0.0000,0.0000,63810.0000,"3,3,7","3,5","(7,2),(8,2),(9,2)",,0,0.0000
2012,LM01260819000114,Approved,2026-08-19T02:34:27+08:00,2026-08-19T02:35:34+08:00,170.73,PRT_L1,81,220.62,944744.77628,146,137,17870.0000,30510.0000,0.0000,0.0000,30510.0000,"3,6,8","5,1","(3,2),(6,2),(7,2)",,0,0.0000
2013,LM01260819000113,Approved,2026-08-19T02:33:15+08:00,2026-08-19T02:34:22+08:00,52.22,PRT_L1,82,384.18,944678.17628,148,146,31502.5000,16450.0000,0.0000,0.0000,16450.0000,"5,7,9","2,1","(5,2),(7,2),(2,2)",,0,0.0000
2014,LM01260819000112,Approved,2026-08-19T02:32:01+08:00,2026-08-19T02:33:10+08:00,54.38,PRT_L1,74,260.44,944563.50128,128,146,19272.5000,10480.0000,0.0000,0.0000,10480.0000,"7,7,8","7,5","(9,2),(8,2),(1,2)",,0,0.0000
2015,LM01260819000111,Approved,2026-08-19T02:30:44+08:00,2026-08-19T02:31:56+08:00,169.68,PRT_L1,77,260.45,944494.62628,134,129,20055.0000,34030.0000,0.0000,0.0000,34030.0000,"3,3,6","1,9","(8,2),(6,2),(7,2)",,0,0.0000
2016,LM01260819000110,Approved,2026-08-19T02:29:31+08:00,2026-08-19T02:30:39+08:00,121.79,PRT_L1,84,249.64,944420.97628,142,137,20970.0000,25540.0000,0.0000,0.0000,25540.0000,"6,8,9","6,5","(9,1),(3,2),(5,3)",,0,0.0000
2017,LM01260819000109,Approved,2026-08-19T02:28:21+08:00,2026-08-19T02:29:26+08:00,37.85,PRT_L1,84,276.46,944343.00128,143,146,23222.5000,8790.0000,0.0000,0.0000,8790.0000,"1,1,9","6,2","(6,2),(8,2),(4,2)",,0,0.0000
2018,LM01260819000108,Approved,2026-08-19T02:27:07+08:00,2026-08-19T02:28:16+08:00,176.49,PRT_L1,82,230.58,944252.60128,137,153,18907.5000,33370.0000,0.0000,0.0000,33370.0000,"3,4,9","3,6","(8,2),(3,2),(4,2)",,0,0.0000
2019,LM01260819000107,Approved,2026-08-19T02:25:23+08:00,2026-08-19T02:27:02+08:00,78.25,PRT_L1,77,118.25,944170.15128,132,138,9105.0000,7125.0000,0.0000,0.0000,7125.0000,"5,7,7","4,3","(4,2),(5,2),(2,2)",,0,0.0000
2020,LM01260819000106,Approved,2026-08-19T02:24:07+08:00,2026-08-19T02:25:18+08:00,62.24,PRT_L1,80,270.31,944134.25128,139,140,21625.0000,13460.0000,0.0000,0.0000,13460.0000,"1,5,9","1,2","(6,2),(8,2),(1,2)",,0,0.0000
2021,LM01260819000105,Approved,2026-08-19T02:22:54+08:00,2026-08-19T02:24:02+08:00,66.15,PRT_L1,88,275.71,944039.22628,145,143,24262.5000,16050.0000,0.0000,0.0000,16050.0000,"3,8,8","7,1","(1,2),(2,2),(3,2)",,0,0.0000
2022,LM01260819000104,Approved,2026-08-19T02:21:41+08:00,2026-08-19T02:22:49+08:00,59.18,PRT_L1,88,412.93,943936.22628,148,144,36337.5000,21505.0000,0.0000,0.0000,21505.0000,"4,9,9","5,8","(4,2),(8,2),(5,2)",,0,0.0000
2023,LM01260819000103,Approved,2026-08-19T02:20:16+08:00,2026-08-19T02:21:36+08:00,44.23,PRT_L1,80,377.00,943784.60128,126,148,30160.0000,13340.0000,0.0000,0.0000,13340.0000,"4,7,8","9,7","(6,2),(4,2),(1,2)",,0,0.0000
2024,LM01260819000102,Approved,2026-08-19T02:18:58+08:00,2026-08-19T02:20:11+08:00,74.06,PRT_L1,85,356.47,943662.07628,134,134,30300.0000,22440.0000,0.0000,0.0000,22440.0000,"3,4,4","6,7","(2,1),(7,2),(8,2)",,0,0.0000
2025,LM01260819000101,Approved,2026-08-19T02:17:37+08:00,2026-08-19T02:18:53+08:00,144.23,PRT_L1,85,300.82,943537.27628,137,137,25570.0000,36880.0000,0.0000,0.0000,36880.0000,"3,6,9","8,4","(4,2),(7,2),(3,2)",,0,0.0000
2026,LM01260819000100,Approved,2026-08-19T02:16:26+08:00,2026-08-19T02:17:32+08:00,125.47,PRT_L1,86,282.56,943432.90128,143,143,24300.0000,30490.0000,0.0000,0.0000,30490.0000,"2,3,7","3,9","(3,2),(4,2),(8,2)",,0,0.0000
2027,LM01260819000099,Approved,2026-08-19T02:15:05+08:00,2026-08-19T02:16:21+08:00,58.26,PRT_L1,84,271.34,943338.57628,149,145,22792.5000,13280.0000,0.0000,0.0000,13280.0000,"3,4,8","2,7","(9,2),(2,2),(5,2)",,0,0.0000
2028,LM01260819000098,Approved,2026-08-19T02:13:25+08:00,2026-08-19T02:15:00+08:00,16.04,PRT_L1,84,356.28,943248.65128,156,153,29927.5000,4800.0000,0.0000,0.0000,4800.0000,"2,6,8","4,7","(1,2),(4,2),(9,2)",,0,0.0000
2029,LM01260819000097,Approved,2026-08-19T02:09:31+08:00,2026-08-19T02:13:20+08:00,447.26,PRT_L1,93,404.73,943120.85128,149,148,37640.0000,73000.0000,95350.0000,645.0000,168995.0000,"1,1,1","3,5","(3,2),(8,1),(4,2)","result:(2,3),(1,4),(3,4),(1,3),(1,4)",1,23.0357
2030,LM01260819000096,Approved,2026-08-19T02:08:13+08:00,2026-08-19T02:09:26+08:00,65.25,PRT_L1,94,389.84,943609.87628,162,153,36645.0000,23910.0000,0.0000,0.0000,23910.0000,"1,2,2","8,5","(5,1),(6,2),(3,2)",,0,0.0000
2031,LM01260819000095,Approved,2026-08-19T02:06:55+08:00,2026-08-19T02:08:08+08:00,61.09,PRT_L1,100,374.23,943456.02628,155,164,37422.5000,22860.0000,0.0000,0.0000,22860.0000,"1,7,8","5,6","(5,2),(9,2),(4,2)",,0,0.0000
2032,LM01260819000094,Approved,2026-08-19T02:05:34+08:00,2026-08-19T02:06:50+08:00,79.28,PRT_L1,101,206.81,943302.12628,152,165,20887.5000,16560.0000,0.0000,0.0000,16560.0000,"1,2,9","3,1","(3,2),(2,2),(6,2)",,0,0.0000
2033,LM01260819000093,Approved,2026-08-19T02:04:20+08:00,2026-08-19T02:05:29+08:00,47.06,PRT_L1,107,349.30,943223.30128,161,156,37375.0000,17590.0000,0.0000,0.0000,17590.0000,"2,4,7","8,5","(7,2),(5,1),(3,2)",,0,0.0000
2034,LM01260819000092,Approved,2026-08-19T02:02:53+08:00,2026-08-19T02:04:15+08:00,90.06,PRT_L1,111,271.78,943074.62628,167,160,30167.5000,27170.0000,0.0000,0.0000,27170.0000,"1,1,6","1,7","(9,2),(1,2),(6,2)",,0,0.0000
2035,LM01260819000091,Approved,2026-08-19T02:01:38+08:00,2026-08-19T02:02:48+08:00,108.40,PRT_L1,106,318.35,942948.92628,176,169,33745.0000,36580.0000,0.0000,0.0000,36580.0000,"3,4,5","5,9","(4,2),(1,2),(2,2)",,0,0.0000
2036,LM01260819000090,Approved,2026-08-19T02:00:24+08:00,2026-08-19T02:01:33+08:00,67.94,PRT_L1,99,281.31,942815.10128,165,178,27850.0000,18920.0000,0.0000,0.0000,18920.0000,"4,4,6","1,4","(2,2),(8,2),(1,1)",,0,0.0000
2037,LM01260819000089,Approved,2026-08-19T01:59:09+08:00,2026-08-19T02:00:19+08:00,159.13,PRT_L1,110,563.84,942704.00128,171,169,62022.5000,98695.0000,0.0000,0.0000,98695.0000,"3,3,8","1,8","(5,2),(8,2),(1,1)",,0,0.0000
2038,LM01260819000088,Approved,2026-08-19T01:57:50+08:00,2026-08-19T01:59:04+08:00,43.50,PRT_L1,107,482.08,942476.67628,155,171,51582.5000,22440.0000,0.0000,0.0000,22440.0000,"1,5,7","1,3","(2,2),(8,2),(9,2)",,0,0.0000
2039,LM01260819000087,Approved,2026-08-19T01:56:20+08:00,2026-08-19T01:57:45+08:00,111.76,PRT_L1,104,424.25,942279.10128,156,164,44122.5000,49310.0000,0.0000,0.0000,49310.0000,"1,4,9","8,9","(9,3),(4,1),(5,2)",,0,0.0000
2040,LM01260819000086,Approved,2026-08-19T01:55:12+08:00,2026-08-19T01:56:15+08:00,67.45,PRT_L1,115,385.04,942105.47628,175,170,44280.0000,29865.0000,0.0000,0.0000,29865.0000,"7,7,9","4,8","(8,2),(4,2),(6,2)",,0,0.0000
2041,LM01260819000085,Approved,2026-08-19T01:53:55+08:00,2026-08-19T01:55:07+08:00,106.10,PRT_L1,122,392.46,941930.37628,179,185,47880.0000,50800.0000,0.0000,0.0000,50800.0000,"3,4,4","9,4","(9,2),(1,2),(2,2)",,0,0.0000
2042,LM01260819000084,Approved,2026-08-19T01:52:40+08:00,2026-08-19T01:53:50+08:00,46.80,PRT_L1,122,399.00,941745.37628,178,184,48677.5000,22780.0000,0.0000,0.0000,22780.0000,"1,5,9","1,6","(2,2),(4,2),(5,2)",,0,0.0000
2043,LM01260819000083,Approved,2026-08-19T01:51:28+08:00,2026-08-19T01:52:35+08:00,55.69,PRT_L1,110,453.61,941556.17628,172,173,49897.5000,27790.0000,0.0000,0.0000,27790.0000,"4,5,7","1,6","(3,2),(7,2),(8,2)",,0,0.0000
2044,LM01260819000082,Approved,2026-08-19T01:50:08+08:00,2026-08-19T01:51:23+08:00,29.70,PRT_L1,101,332.85,941360.55128,163,168,33617.5000,9985.0000,0.0000,0.0000,9985.0000,"1,8,8","2,6","(2,2),(7,2),(3,2)",,0,0.0000
2045,LM01260819000081,Approved,2026-08-19T01:48:56+08:00,2026-08-19T01:50:03+08:00,54.35,PRT_L1,115,408.63,941223.20128,190,169,46992.5000,25540.0000,0.0000,0.0000,25540.0000,"5,8,9","4,3","(8,2),(5,2),(3,2)",,0,0.0000
2046,LM01260819000080,Approved,2026-08-19T01:47:41+08:00,2026-08-19T01:48:51+08:00,95.53,PRT_L1,118,479.70,941034.67628,183,189,56605.0000,54075.0000,0.0000,0.0000,54075.0000,"3,3,9","1,7","(6,2),(8,2),(4,2)",,0,0.0000
2047,LM01260819000079,Approved,2026-08-19T01:46:33+08:00,2026-08-19T01:47:36+08:00,87.95,PRT_L1,121,494.92,940817.70128,181,183,59885.0000,52670.0000,0.0000,0.0000,52670.0000,"4,6,6","8,4","(4,2),(9,1),(2,2)",,0,0.0000
2048,LM01260819000078,Approved,2026-08-19T01:45:09+08:00,2026-08-19T01:46:28+08:00,86.61,PRT_L1,117,444.79,940588.70128,176,186,52040.0000,45070.0000,0.0000,0.0000,45070.0000,"4,6,7","9,4","(7,2),(8,2),(6,2)",,0,0.0000
2049,LM01260819000077,Approved,2026-08-19T01:43:51+08:00,2026-08-19T01:45:04+08:00,89.77,PRT_L1,124,391.67,940389.15128,190,184,48567.5000,43600.0000,0.0000,0.0000,43600.0000,"2,3,7","3,7","(2,2),(1,2),(7,2)",,0,0.0000
2050,LM01260819000076,Approved,2026-08-19T01:42:36+08:00,2026-08-19T01:43:46+08:00,26.49,PRT_L1,134,385.34,940195.97628,191,192,51635.0000,13680.0000,0.0000,0.0000,13680.0000,"1,8,8","2,8","(6,2),(5,1),(9,2)",,0,0.0000
2051,LM01260819000075,Approved,2026-08-19T01:41:22+08:00,2026-08-19T01:42:31+08:00,94.43,PRT_L1,118,399.47,939991.20128,168,188,47137.5000,44510.0000,0.0000,0.0000,44510.0000,"5,6,7","1,2","(6,2),(4,2),(8,2)",,0,0.0000
2052,LM01260819000074,Approved,2026-08-19T01:40:06+08:00,2026-08-19T01:41:17+08:00,64.53,PRT_L1,115,369.74,939808.97628,177,175,42520.0000,27440.0000,0.0000,0.0000,27440.0000,"1,5,6","7,2","(1,1),(9,2),(3,2)",,0,0.0000
2053,LM01260819000073,Approved,2026-08-19T01:38:55+08:00,2026-08-19T01:40:01+08:00,122.88,PRT_L1,123,328.21,939643.70128,181,178,40370.0000,49605.0000,0.0000,0.0000,49605.0000,"5,6,6","2,5","(5,2),(8,2),(1,2)",,0,0.0000
2054,LM01260819000072,Approved,2026-08-19T01:37:41+08:00,2026-08-19T01:38:50+08:00,40.07,PRT_L1,125,352.20,939486.40128,187,184,44025.0000,17640.0000,0.0000,0.0000,17640.0000,"2,8,8","7,1","(1,1),(4,2),(5,2)",,0,0.0000
2055,LM01260819000071,Approved,2026-08-19T01:36:26+08:00,2026-08-19T01:37:36+08:00,90.95,PRT_L1,124,343.33,939315.17628,190,189,42572.5000,38720.0000,0.0000,0.0000,38720.0000,"3,4,6","5,9","(4,2),(6,2),(9,1)",,0,0.0000
2056,LM01260819000070,Approved,2026-08-19T01:35:11+08:00,2026-08-19T01:36:21+08:00,116.37,PRT_L1,132,380.59,939148.72628,189,194,50237.5000,58460.0000,0.0000,0.0000,58460.0000,"2,5,7","2,5","(2,2),(3,2),(7,2)",,0,0.0000
2057,LM01260819000069,Approved,2026-08-19T01:33:55+08:00,2026-08-19T01:35:06+08:00,36.28,PRT_L1,135,350.54,938956.60128,196,196,47322.5000,17170.0000,0.0000,0.0000,17170.0000,"1,2,2","7,1","(9,2),(3,2),(6,2)",,0,0.0000
2058,LM01260819000068,Approved,2026-08-19T01:32:38+08:00,2026-08-19T01:33:50+08:00,91.31,PRT_L1,142,373.82,938772.37628,194,204,53082.5000,48470.0000,0.0000,0.0000,48470.0000,"2,2,6","6,2","(7,1),(1,3),(5,2)",,0,0.0000
2059,LM01260819000067,Approved,2026-08-19T01:30:54+08:00,2026-08-19T01:32:33+08:00,41.21,PRT_L1,130,389.56,938562.05128,193,196,50642.5000,20870.0000,0.0000,0.0000,20870.0000,"2,6,7","5,3","(7,2),(8,2),(3,2)",,0,0.0000
2060,LM01260819000066,Approved,2026-08-19T01:29:41+08:00,2026-08-19T01:30:49+08:00,89.81,PRT_L1,135,372.41,938367.17628,195,199,50275.0000,45150.0000,0.0000,0.0000,45150.0000,"3,3,7","1,9","(9,2),(2,2),(7,2)",,0,0.0000
2061,LM01260819000065,Approved,2026-08-19T01:28:29+08:00,2026-08-19T01:29:36+08:00,89.42,PRT_L1,137,377.14,938171.82628,201,208,51667.5000,46200.0000,0.0000,0.0000,46200.0000,"3,6,7","5,9","(1,2),(5,2),(7,2)",,0,0.0000
2062,LM01260819000064,Approved,2026-08-19T01:27:19+08:00,2026-08-19T01:28:24+08:00,191.00,PRT_L1,130,443.37,937977.47628,196,200,57637.5000,110090.0000,0.0000,0.0000,110090.0000,"2,3,8","8,4","(3,2),(6,2),(2,2)",,0,0.0000
2063,LM01260819000063,Approved,2026-08-19T01:25:25+08:00,2026-08-19T01:27:14+08:00,19.27,PRT_L1,136,394.04,937765.02628,197,201,53590.0000,10325.0000,0.0000,0.0000,10325.0000,"5,5,8","1,3","(9,2),(4,2),(6,2)",,0,0.0000
2064,LM01260819000062,Approved,2026-08-19T01:24:04+08:00,2026-08-19T01:25:20+08:00,107.08,PRT_L1,126,715.77,937556.77628,197,207,90187.5000,96570.0000,0.0000,0.0000,96570.0000,"2,8,9","1,8","(5,2),(2,2),(7,2)",,0,0.0000
2065,LM01260819000061,Approved,2026-08-19T01:22:41+08:00,2026-08-19T01:23:59+08:00,82.11,PRT_L1,128,430.23,937199.15128,196,210,55070.0000,45220.0000,0.0000,0.0000,45220.0000,"1,5,7","8,1","(3,2),(5,2),(7,2)",,0,0.0000
2066,LM01260819000060,Approved,2026-08-19T01:21:29+08:00,2026-08-19T01:22:36+08:00,264.18,PRT_L1,129,502.62,936970.30128,200,197,64837.5000,171290.0000,0.0000,0.0000,171290.0000,"6,9,9","9,2","(8,2),(3,2),(1,2)",,0,0.0000
2067,LM01260819000059,Approved,2026-08-19T01:20:08+08:00,2026-08-19T01:21:24+08:00,34.40,PRT_L1,143,420.38,936696.32628,216,204,60115.0000,20680.0000,0.0000,0.0000,20680.0000,"2,4,4","8,3","(8,1),(6,2),(2,3)",,0,0.0000
2068,LM01260819000058,Approved,2026-08-19T01:18:55+08:00,2026-08-19T01:20:03+08:00,23.66,PRT_L1,146,497.86,936423.60128,206,218,72687.5000,17200.0000,0.0000,0.0000,17200.0000,"7,8,8","3,8","(5,2),(4,2),(3,2)",,0,0.0000
2069,LM01260819000057,Approved,2026-08-19T01:17:38+08:00,2026-08-19T01:18:50+08:00,147.86,PRT_L1,146,443.00,936108.80128,202,212,64677.5000,95635.0000,0.0000,0.0000,95635.0000,"5,9,9","4,7","(1,1),(2,2),(9,2)",,0,0.0000
2070,LM01260819000056,Approved,2026-08-19T01:16:18+08:00,2026-08-19T01:17:33+08:00,95.92,PRT_L1,145,423.47,935817.72628,201,201,61402.5000,58900.0000,0.0000,0.0000,58900.0000,"1,3,8","8,2","(7,2),(3,2),(5,2)",,0,0.0000
2071,LM01260819000055,Approved,2026-08-19T01:15:01+08:00,2026-08-19T01:16:13+08:00,57.05,PRT_L1,132,432.75,935541.10128,205,210,57122.5000,32590.0000,0.0000,0.0000,32590.0000,"1,1,2","7,8","(2,2),(6,2),(8,2)",,0,0.0000
2072,LM01260819000054,Approved,2026-08-19T01:13:44+08:00,2026-08-19T01:14:56+08:00,66.53,PRT_L1,129,524.61,935286.22628,194,207,67675.0000,45025.0000,0.0000,0.0000,45025.0000,"4,4,6","8,1","(3,2),(1,2),(2,2)",,0,0.0000
2073,LM01260819000053,Approved,2026-08-19T01:12:31+08:00,2026-08-19T01:13:39+08:00,194.68,PRT_L1,132,544.19,934988.65128,192,193,71832.5000,139845.0000,0.0000,0.0000,139845.0000,"3,3,6","5,8","(6,3),(1,1),(4,2)",,0,0.0000
2074,LM01260819000052,Approved,2026-08-19T01:11:07+08:00,2026-08-19T01:12:26+08:00,29.18,PRT_L1,128,436.35,934693.20128,191,193,55852.5000,16300.0000,0.0000,0.0000,16300.0000,"3,5,5","8,4","(1,2),(9,2),(2,2)",,0,0.0000
2075,LM01260819000051,Approved,2026-08-19T01:09:50+08:00,2026-08-19T01:11:02+08:00,165.44,PRT_L1,126,435.00,934445.95128,202,197,54810.0000,90675.0000,0.0000,0.0000,90675.0000,"3,3,9","2,4","(4,2),(9,2),(3,2)",,0,0.0000
2076,LM01260819000050,Approved,2026-08-19T01:08:33+08:00,2026-08-19T01:09:45+08:00,94.62,PRT_L1,129,430.62,934201.17628,214,206,55550.0000,52560.0000,0.0000,0.0000,52560.0000,"1,1,8","4,1","(5,2),(7,2),(1,2)",,0,0.0000
2077,LM01260819000049,Approved,2026-08-19T01:07:23+08:00,2026-08-19T01:08:28+08:00,94.01,PRT_L1,133,355.28,933953.12628,219,213,47252.5000,44420.0000,0.0000,0.0000,44420.0000,"1,2,6","8,7","(4,2),(1,2),(8,2)",,0,0.0000
2078,LM01260819000048,Approved,2026-08-19T01:06:10+08:00,2026-08-19T01:07:18+08:00,96.84,PRT_L1,122,386.23,933733.80128,197,218,47120.0000,45630.0000,0.0000,0.0000,45630.0000,"1,2,6","7,9","(6,2),(3,2),(9,2)",,0,0.0000
2079,LM01260819000047,Approved,2026-08-19T01:04:52+08:00,2026-08-19T01:06:05+08:00,100.94,PRT_L1,117,416.26,933514.97628,201,203,48702.5000,49160.0000,0.0000,0.0000,49160.0000,"3,3,6","2,9","(9,2),(5,2),(4,1)",,0,0.0000
2080,LM01260819000046,Approved,2026-08-19T01:03:39+08:00,2026-08-19T01:04:47+08:00,11.97,PRT_L1,124,750.26,933288.92628,200,207,93032.5000,11140.0000,0.0000,0.0000,11140.0000,"5,5,8","1,4","(8,2),(7,2),(5,1)",,0,0.0000
2081,LM01260819000045,Approved,2026-08-19T01:02:29+08:00,2026-08-19T01:03:34+08:00,74.44,PRT_L1,126,643.73,932909.77628,219,203,81110.0000,60380.0000,0.0000,0.0000,60380.0000,"2,3,7","2,5","(1,2),(9,2),(2,2)",,0,0.0000
2082,LM01260819000044,Approved,2026-08-19T01:01:09+08:00,2026-08-19T01:02:24+08:00,54.70,PRT_L1,139,574.01,932572.55128,212,226,79787.5000,43640.0000,0.0000,0.0000,43640.0000,"2,2,9","2,8","(5,2),(2,2),(9,2)",,0,0.0000
2083,LM01260819000043,Approved,2026-08-19T00:59:43+08:00,2026-08-19T01:01:04+08:00,82.92,PRT_L1,135,393.78,932238.95128,205,217,53160.0000,44080.0000,0.0000,0.0000,44080.0000,"1,2,6","9,7","(8,2),(9,2),(3,2)",,0,0.0000
2084,LM01260819000042,Approved,2026-08-19T00:58:30+08:00,2026-08-19T00:59:38+08:00,302.39,PRT_L1,143,377.41,932006.02628,210,210,53970.0000,163200.0000,0.0000,0.0000,163200.0000,"1,6,6","6,5","(6,2),(5,2),(8,2)",,0,0.0000
2085,LM01260819000041,Approved,2026-08-19T00:57:09+08:00,2026-08-19T00:58:25+08:00,64.83,PRT_L1,138,405.96,931770.20128,212,215,56022.5000,36320.0000,0.0000,0.0000,36320.0000,"1,3,4","9,1","(8,2),(7,2),(3,2)",,0,0.0000
2086,LM01260819000040,Approved,2026-08-19T00:55:11+08:00,2026-08-19T00:57:04+08:00,110.40,PRT_L1,135,463.35,931525.00128,202,212,62552.5000,69055.0000,0.0000,0.0000,69055.0000,"1,1,6","6,2","(8,2),(1,2),(7,2)",,0,0.0000
2087,LM01260819000039,Approved,2026-08-19T00:53:50+08:00,2026-08-19T00:55:06+08:00,26.38,PRT_L1,127,385.04,931259.40128,210,213,48900.0000,12900.0000,0.0000,0.0000,12900.0000,"2,4,8","2,7","(3,2),(6,2),(2,2)",,0,0.0000
2088,LM01260819000038,Approved,2026-08-19T00:52:33+08:00,2026-08-19T00:53:45+08:00,18.31,PRT_L1,139,463.58,931054.02628,208,211,64437.5000,11800.0000,0.0000,0.0000,11800.0000,"4,7,8","6,1","(9,2),(8,2),(1,2)",,0,0.0000
2089,LM01260819000037,Approved,2026-08-19T00:51:08+08:00,2026-08-19T00:52:28+08:00,60.59,PRT_L1,141,419.33,930788.30128,219,219,59125.0000,35825.0000,0.0000,0.0000,35825.0000,"2,3,3","8,9","(9,1),(6,2),(5,2)",,0,0.0000
2090,LM01260819000036,Approved,2026-08-19T00:49:53+08:00,2026-08-19T00:51:03+08:00,88.12,PRT_L1,151,427.91,930540.40128,234,225,64615.0000,56940.0000,0.0000,0.0000,56940.0000,"2,3,6","4,5","(9,2),(4,2),(2,2)",,0,0.0000
2091,LM01260819000035,Approved,2026-08-19T00:48:32+08:00,2026-08-19T00:49:48+08:00,220.73,PRT_L1,147,429.98,930275.47628,230,233,63207.5000,139520.0000,0.0000,0.0000,139520.0000,"7,9,9","7,5","(9,2),(8,2),(2,2)",,0,0.0000
2092,LM01260819000034,Approved,2026-08-19T00:47:09+08:00,2026-08-19T00:48:27+08:00,71.79,PRT_L1,154,380.52,930013.47628,231,222,58600.0000,42070.0000,0.0000,0.0000,42070.0000,"4,7,9","8,3","(7,2),(5,2),(6,2)",,0,0.0000
2093,LM01260819000033,Approved,2026-08-19T00:45:55+08:00,2026-08-19T00:47:04+08:00,42.29,PRT_L1,154,360.97,929762.12628,239,237,55590.0000,23510.0000,0.0000,0.0000,23510.0000,"4,7,9","3,4","(8,2),(4,2),(6,2)",,0,0.0000
2094,LM01260819000032,Approved,2026-08-19T00:44:37+08:00,2026-08-19T00:45:50+08:00,43.69,PRT_L1,151,280.36,929523.60128,224,247,42335.0000,18495.0000,0.0000,0.0000,18495.0000,"1,1,3","5,7","(7,3),(2,2),(6,1)",,0,0.0000
2095,LM01260819000031,Approved,2026-08-19T00:43:19+08:00,2026-08-19T00:44:32+08:00,107.93,PRT_L1,146,343.96,929341.95128,217,233,50217.5000,54200.0000,0.0000,0.0000,54200.0000,"2,6,9","7,4","(4,2),(9,2),(8,2)",,0,0.0000
2096,LM01260819000030,Approved,2026-08-19T00:42:00+08:00,2026-08-19T00:43:14+08:00,178.42,PRT_L1,169,297.56,929121.77628,242,233,50287.5000,89725.0000,0.0000,0.0000,89725.0000,"7,9,9","4,3","(9,2),(7,2),(6,2)",,0,0.0000
2097,LM01260819000029,Approved,2026-08-19T00:40:46+08:00,2026-08-19T00:41:55+08:00,261.21,PRT_L1,164,361.36,928901.90128,241,251,59262.5000,154800.0000,0.0000,0.0000,154800.0000,"2,6,9","6,7","(2,2),(6,2),(8,2)",,0,0.0000
2098,LM01260819000028,Approved,2026-08-19T00:39:29+08:00,2026-08-19T00:40:41+08:00,35.63,PRT_L1,160,333.02,928653.95128,238,246,53282.5000,18985.0000,0.0000,0.0000,18985.0000,"2,2,7","1,9","(8,2),(7,1),(2,2)",,0,0.0000
2099,LM01260819000027,Approved,2026-08-19T00:38:09+08:00,2026-08-19T00:39:24+08:00,55.13,PRT_L1,177,381.74,928415.55128,244,243,67567.5000,37250.0000,0.0000,0.0000,37250.0000,"4,8,9","8,4","(5,2),(7,2),(2,2)",,0,0.0000
2100,LM01260819000026,Approved,2026-08-19T00:36:47+08:00,2026-08-19T00:38:04+08:00,86.55,PRT_L1,168,342.14,928131.57628,232,247,57480.0000,49750.0000,0.0000,0.0000,49750.0000,"3,7,9","2,5","(9,2),(6,2),(3,2)",,0,0.0000
2101,LM01260819000025,Approved,2026-08-19T00:35:27+08:00,2026-08-19T00:36:42+08:00,172.54,PRT_L1,164,325.79,927871.57628,237,239,53430.0000,92190.0000,0.0000,0.0000,92190.0000,"5,6,9","9,3","(3,2),(6,2),(9,2)",,0,0.0000
2102,LM01260819000024,Approved,2026-08-19T00:34:06+08:00,2026-08-19T00:35:22+08:00,135.65,PRT_L1,169,441.07,927629.62628,237,240,74540.0000,101110.0000,0.0000,0.0000,101110.0000,"5,6,6","4,7","(6,2),(5,2),(7,2)",,0,0.0000
2103,LM01260819000023,Approved,2026-08-19T00:32:47+08:00,2026-08-19T00:34:01+08:00,30.90,PRT_L1,155,401.53,927324.87628,231,240,62237.5000,19230.0000,0.0000,0.0000,19230.0000,"1,4,5","9,2","(6,2),(8,2),(1,2)",,0,0.0000
2104,LM01260819000022,Approved,2026-08-19T00:31:35+08:00,2026-08-19T00:32:42+08:00,46.72,PRT_L1,146,480.17,927055.17628,231,235,70105.0000,32750.0000,0.0000,0.0000,32750.0000,"2,6,8","4,1","(4,2),(7,2),(9,2)",,0,0.0000
2105,LM01260819000021,Approved,2026-08-19T00:30:13+08:00,2026-08-19T00:31:30+08:00,125.59,PRT_L1,161,341.23,926763.30128,231,240,54937.5000,68995.0000,0.0000,0.0000,68995.0000,"2,6,6","4,2","(5,2),(2,2),(8,2)",,0,0.0000
2106,LM01260819000020,Approved,2026-08-19T00:28:58+08:00,2026-08-19T00:30:08+08:00,123.01,PRT_L1,171,352.18,926522.75128,248,243,60222.5000,74080.0000,0.0000,0.0000,74080.0000,"3,4,4","5,4","(1,2),(8,2),(9,2)",,0,0.0000
2107,LM01260819000019,Approved,2026-08-19T00:27:39+08:00,2026-08-19T00:28:53+08:00,157.71,PRT_L1,173,348.71,926257.60128,247,254,60327.5000,95140.0000,0.0000,0.0000,95140.0000,"3,6,9","7,8","(2,2),(1,2),(3,2)",,0,0.0000
2108,LM01260819000018,Approved,2026-08-19T00:26:05+08:00,2026-08-19T00:27:34+08:00,72.76,PRT_L1,170,349.51,925997.35128,240,248,59417.5000,43230.0000,0.0000,0.0000,43230.0000,"2,6,8","2,4","(7,2),(1,2),(2,2)",,0,0.0000
2109,LM01260819000017,Approved,2026-08-19T00:24:50+08:00,2026-08-19T00:26:00+08:00,51.45,PRT_L1,178,360.56,925740.47628,258,249,64180.0000,33020.0000,0.0000,0.0000,33020.0000,"7,8,9","4,2","(5,2),(2,2),(9,2)",,0,0.0000
2110,LM01260819000016,Approved,2026-08-19T00:23:30+08:00,2026-08-19T00:24:45+08:00,57.87,PRT_L1,176,340.38,925466.72628,264,260,59907.5000,34670.0000,0.0000,0.0000,34670.0000,"5,8,9","7,8","(1,2),(8,1),(3,2)",,0,0.0000
2111,LM01260819000015,Approved,2026-08-19T00:22:13+08:00,2026-08-19T00:23:25+08:00,122.43,PRT_L1,173,308.21,925206.17628,241,265,53320.0000,65280.0000,0.0000,0.0000,65280.0000,"3,6,9","5,4","(9,2),(7,2),(4,2)",,0,0.0000
2112,LM01260819000014,Approved,2026-08-19T00:21:00+08:00,2026-08-19T00:22:08+08:00,92.42,PRT_L1,177,306.89,924970.50128,249,243,54320.0000,50200.0000,0.0000,0.0000,50200.0000,"6,7,9","4,3","(1,2),(8,2),(2,2)",,0,0.0000
2113,LM01260819000013,Approved,2026-08-19T00:19:46+08:00,2026-08-19T00:20:55+08:00,90.66,PRT_L1,178,192.08,924730.67628,266,255,34190.0000,30995.0000,0.0000,0.0000,30995.0000,"1,1,2","2,4","(3,2),(9,2),(8,2)",,0,0.0000
2114,LM01260819000012,Approved,2026-08-19T00:17:06+08:00,2026-08-19T00:19:41+08:00,132.40,PRT_L1,174,213.13,924590.15128,262,259,37085.0000,42950.0000,6150.0000,0.0000,49100.0000,"3,3,3","4,5","(3,2),(8,2),(1,2)","result:(1,2),(1,2),(2,4)",0,0.0000
2115,LM01260819000011,Approved,2026-08-19T00:15:52+08:00,2026-08-19T00:17:01+08:00,29.68,PRT_L1,165,200.35,924426.70128,255,267,33057.5000,9810.0000,0.0000,0.0000,9810.0000,"2,3,8","6,2","(6,2),(7,2),(2,2)",,0,0.0000
2116,LM01260819000010,Approved,2026-08-19T00:13:27+08:00,2026-08-19T00:15:47+08:00,69.46,PRT_L1,167,183.40,924283.40128,233,256,30627.5000,17400.0000,3875.0000,0.0000,21275.0000,"1,1,1","9,2","(2,2),(6,1),(1,2)","result:(1,4),(1,4)",0,0.0000
2117,LM01260819000009,Approved,2026-08-19T00:12:13+08:00,2026-08-19T00:13:22+08:00,31.67,PRT_L1,164,241.43,924141.80128,226,238,39595.0000,12540.0000,0.0000,0.0000,12540.0000,"2,5,7","2,9","(9,2),(2,2),(3,2)",,0,0.0000
2118,LM01260819000008,Approved,2026-08-19T00:10:53+08:00,2026-08-19T00:12:08+08:00,58.29,PRT_L1,168,195.57,923953.57628,260,245,32855.0000,19150.0000,0.0000,0.0000,19150.0000,"2,5,8","4,8","(2,2),(6,2),(9,2)",,0,0.0000
2119,LM01260819000007,Approved,2026-08-19T00:08:47+08:00,2026-08-19T00:10:48+08:00,74.66,PRT_L1,162,278.04,923800.62628,232,262,45042.5000,33630.0000,0.0000,0.0000,33630.0000,"1,3,9","2,6","(3,2),(9,2),(2,1)",,0,0.0000
2120,LM01260819000006,Approved,2026-08-19T00:07:35+08:00,2026-08-19T00:08:42+08:00,58.10,PRT_L1,166,228.46,923587.90128,225,234,37925.0000,22035.0000,0.0000,0.0000,22035.0000,"4,7,7","2,5","(5,1),(3,2),(4,2)",,0,0.0000
2121,LM01260819000005,Approved,2026-08-19T00:06:18+08:00,2026-08-19T00:07:30+08:00,80.44,PRT_L1,167,196.42,923412.30128,244,236,32802.5000,26385.0000,0.0000,0.0000,26385.0000,"6,6,7","8,2","(5,2),(8,2),(3,2)",,0,0.0000
2122,LM01260819000004,Approved,2026-08-19T00:05:10+08:00,2026-08-19T00:06:13+08:00,27.82,PRT_L1,166,234.49,923260.52628,239,254,38925.0000,10830.0000,0.0000,0.0000,10830.0000,"5,8,8","7,8","(3,2),(4,2),(2,2)",,0,0.0000
2123,LM01260819000003,Approved,2026-08-19T00:04:01+08:00,2026-08-19T00:05:05+08:00,15.65,PRT_L1,173,288.21,923077.67628,233,244,49860.0000,7805.0000,0.0000,0.0000,7805.0000,"4,4,5","3,2","(6,2),(3,2),(7,2)",,0,0.0000
2124,LM01260819000002,Approved,2026-08-19T00:02:46+08:00,2026-08-19T00:03:56+08:00,11.92,PRT_L1,167,329.60,922864.97628,249,240,55042.5000,6560.0000,0.0000,0.0000,6560.0000,"5,7,7","3,2","(4,2),(8,2),(2,2)",,0,0.0000
2125,LM01260819000001,Approved,2026-08-19T00:01:30+08:00,2026-08-19T00:02:41+08:00,32.83,PRT_L1,174,353.84,922619.72628,261,261,61567.5000,20210.0000,0.0000,0.0000,20210.0000,"7,8,8","2,8","(8,2),(5,2),(1,2)",,0,0.0000
2126,LM01260819000000,Approved,2026-08-19T00:00:16+08:00,2026-08-19T00:01:25+08:00,124.38,PRT_L1,176,326.78,922345.90128,255,258,57512.5000,71535.0000,0.0000,0.0000,71535.0000,"1,6,6","4,9","(1,2),(8,2),(9,2)",,0,0.0000
