position,count,probability,weight
1,4649,0.115243,4649
2,4462,0.110607,4462
3,4440,0.110062,4440
4,4480,0.111053,4480
5,4602,0.114077,4602
6,4661,0.115540,4661
7,4384,0.108674,4384
8,4353,0.107905,4353
9,4310,0.106839,4310
