{
  "rounds_simulated": 359400,
  "wall_seconds": 10.3881421,
  "mode": 1,
  "label": "replay",
  "player_betting_strategy": "betting_strategy=all9 | 主遊戲:九格全下(bet×9) | 付費閃電(EXTRABET):100%強制(原設定40%) | 二級cashout L1-L4=[0.25 0.15 0.055 0.04]",
  "overall": {
    "total_bet": 4851900000,
    "main_game_payout": 4543312000,
    "bonus_game_payout": 208387990,
    "grand_prize_payout": 16171830,
    "rtp_percent_excl_grand": 97.93482944825739,
    "main_rtp_percent": 93.63985242894536,
    "bonus_rtp_percent": 4.294977019312022,
    "grand_rtp_percent": 0.33330921906881844,
    "rtp_percent_incl_grand": 98.2681386673262
  },
  "rtp_excl_extra": {
    "main_bet_only": 3234600000,
    "main_game_payout_free_only": 2970458000,
    "bonus_game_payout": 208387990,
    "grand_prize_payout": 16171830,
    "main_rtp_percent": 91.83385890063687,
    "bonus_rtp_percent": 6.442465528968033,
    "grand_rtp_percent": 0.4999638286032276,
    "rtp_percent_incl_grand": 98.77628825820813
  },
  "rtp_range_excl_grand": {
    "min_round_rtp_percent_excl_grand": 44.44444444444444,
    "max_round_rtp_percent_excl_grand": 519.6296296296296,
    "min_cumulative_rtp_percent_excl_grand": 82.09876543209876,
    "max_cumulative_rtp_percent_excl_grand": 125.92592592592592,
    "window_range_max_rounds": 2400,
    "min_window_rtp_percent_excl_grand": 82.09876543209876,
    "max_window_rtp_percent_excl_grand": 125.92592592592592,
    "window_rtp_samples": 2400,
    "window_extreme_count_first_2400": 1,
    "window_extreme_count_total": 1,
    "window_above_110_count": 1
  },
  "rtp_split_by_paid_lightning": {
    "buyer_subset": {
      "rounds": 359400000,
      "total_bet": 4851900000,
      "main_payout": 4543312000,
      "bonus_payout": 208387990,
      "grand_payout": 16171830.00000113,
      "rtp_percent_excl_grand": 97.93482944825739,
      "main_rtp_percent": 93.63985242894536,
      "bonus_rtp_percent": 4.294977019312022,
      "grand_rtp_percent": 0.3333092190688417,
      "rtp_percent_incl_grand": 98.26813866732623
    },
    "nonbuyer_subset": {
      "rounds": 0,
      "total_bet": 0,
      "main_payout": 0,
      "bonus_payout": 0,
      "grand_payout": 0,
      "rtp_percent_excl_grand": 0,
      "main_rtp_percent": 0,
      "bonus_rtp_percent": 0,
      "grand_rtp_percent": 0,
      "rtp_percent_incl_grand": 0
    }
  },
  "jp_pool": {
    "main_pool_start": 0,
    "main_pool_end": 1170,
    "sub_pool_start": 0,
    "sub_pool_end": 0,
    "total_rake_main": 16173000,
    "total_rake_sub": 0,
    "auto_inject_events": 0,
    "auto_inject_total": 0,
    "grand_prize_total": 16171830,
    "max_single_jp_payout": 714.375,
    "max_round_jp_payout": 5715.000000000002
  },
  "per_zone": [
    {
      "code": 0,
      "mathconfig": "BASE",
      "hits": 339698,
      "hit_rate_percent": 94.5180856983862,
      "lightning_triggered": 0,
      "jp_triggered": 0,
      "total_bet": 4585923000,
      "main_payout": 4308214000,
      "bonus_payout": 189454925,
      "grand_payout": 15544125,
      "rtp_percent_excl_grand": 98.0755438981422
    },
    {
      "code": 101,
      "mathconfig": "PRT1",
      "hits": 6,
      "hit_rate_percent": 0.001669449081803005,
      "lightning_triggered": 0,
      "jp_triggered": 0,
      "total_bet": 81000,
      "main_payout": 61000,
      "bonus_payout": 0,
      "grand_payout": 0,
      "rtp_percent_excl_grand": 75.30864197530865
    },
    {
      "code": 102,
      "mathconfig": "PRT2",
      "hits": 1,
      "hit_rate_percent": 0.0002782415136338341,
      "lightning_triggered": 0,
      "jp_triggered": 0,
      "total_bet": 13500,
      "main_payout": 10000,
      "bonus_payout": 9805,
      "grand_payout": 90,
      "rtp_percent_excl_grand": 146.70370370370372
    },
    {
      "code": 103,
      "mathconfig": "PRT3",
      "hits": 19632,
      "hit_rate_percent": 5.462437395659432,
      "lightning_triggered": 0,
      "jp_triggered": 0,
      "total_bet": 265032000,
      "main_payout": 234125000,
      "bonus_payout": 18910600,
      "grand_payout": 627075,
      "rtp_percent_excl_grand": 95.47360318753961
    },
    {
      "code": 201,
      "mathconfig": "BST1",
      "hits": 42,
      "hit_rate_percent": 0.011686143572621035,
      "lightning_triggered": 0,
      "jp_triggered": 0,
      "total_bet": 567000,
      "main_payout": 618000,
      "bonus_payout": 0,
      "grand_payout": 0,
      "rtp_percent_excl_grand": 108.994708994709
    },
    {
      "code": 202,
      "mathconfig": "BST2",
      "hits": 13,
      "hit_rate_percent": 0.003617139677239844,
      "lightning_triggered": 0,
      "jp_triggered": 0,
      "total_bet": 175500,
      "main_payout": 174000,
      "bonus_payout": 0,
      "grand_payout": 0,
      "rtp_percent_excl_grand": 99.14529914529915
    },
    {
      "code": 203,
      "mathconfig": "BST3",
      "hits": 8,
      "hit_rate_percent": 0.002225932109070673,
      "lightning_triggered": 0,
      "jp_triggered": 0,
      "total_bet": 108000,
      "main_payout": 110000,
      "bonus_payout": 12660,
      "grand_payout": 540,
      "rtp_percent_excl_grand": 113.57407407407408
    }
  ],
  "old_rtp_trigger_counts": {
    "lightning_hits": 0,
    "jp_hits": 0
  },
  "ball_results": {
    "two_same_occurrences": 172800,
    "two_same_rate_percent": 48.080133555926544,
    "three_same_occurrences": 16200,
    "three_same_rate_percent": 4.507512520868113
  },
  "three_same_balls": {
    "occurrences": 16200,
    "rate_percent": 4.507512520868113
  },
  "bonus_detail": {
    "qualified_players": 16200000,
    "cashout_total": 2576908,
    "grand_total": 293199,
    "per_level": [
      {
        "level": 1,
        "enter": 16200000,
        "pass": 8101931,
        "fail": 8098069
      },
      {
        "level": 2,
        "enter": 6075353,
        "pass": 3038610,
        "fail": 3036743
      },
      {
        "level": 3,
        "enter": 2583522,
        "pass": 1292661,
        "fail": 1290861
      },
      {
        "level": 4,
        "enter": 1221833,
        "pass": 611149,
        "fail": 610684
      },
      {
        "level": 5,
        "enter": 586735,
        "pass": 293199,
        "fail": 293536
      }
    ]
  },
  "per_player_quantiles": {
    "min_rtp": 97.35767431315567,
    "p5": 97.64189286671201,
    "p25": 97.82202848368681,
    "p50": 97.93693192357634,
    "p75": 98.0517323110534,
    "p95": 98.20394072425236,
    "max_rtp": 98.41056081122859
  }
}
