{
  "rounds_simulated": 35940,
  "wall_seconds": 1.3519186,
  "mode": 0,
  "label": "replay",
  "player_betting_strategy": "betting_strategy=all9 | 主遊戲:九格全下(bet×9) | 付費閃電(EXTRABET):40% | 二級cashout L1-L4=[0.5 0.3 0.11 0.08]",
  "overall": {
    "total_bet": 388128541.5,
    "main_game_payout": 360595155,
    "bonus_game_payout": 17211730,
    "grand_prize_payout": 1616130,
    "rtp_percent_excl_grand": 97.34066027195271,
    "main_rtp_percent": 92.90611651655615,
    "bonus_rtp_percent": 4.434543755396561,
    "grand_rtp_percent": 0.416390403486985,
    "rtp_percent_incl_grand": 97.7570506754397
  },
  "rtp_range_excl_grand": {
    "min_round_rtp_percent_excl_grand": 54.488489306633966,
    "max_round_rtp_percent_excl_grand": 429.90995932172405,
    "min_cumulative_rtp_percent_excl_grand": 86.0613338259745,
    "max_cumulative_rtp_percent_excl_grand": 139.2931392931393,
    "window_range_max_rounds": 2400,
    "min_window_rtp_percent_excl_grand": 86.0613338259745,
    "max_window_rtp_percent_excl_grand": 139.2931392931393,
    "window_rtp_samples": 2400,
    "window_extreme_count_first_2400": 17,
    "window_extreme_count_total": 17,
    "window_above_110_count": 17
  },
  "rtp_split_by_paid_lightning": {
    "buyer_subset": {
      "rounds": 14370787,
      "total_bet": 194005624.5,
      "main_payout": 182212430,
      "bonus_payout": 6886450,
      "grand_payout": 639517.0548801029,
      "rtp_percent_excl_grand": 97.47082358429253
    },
    "nonbuyer_subset": {
      "rounds": 21569213,
      "total_bet": 194122917,
      "main_payout": 178382725,
      "bonus_payout": 10325280,
      "grand_payout": 976612.9451198927,
      "rtp_percent_excl_grand": 97.21057560658848
    }
  },
  "jp_pool": {
    "main_pool_start": 0,
    "main_pool_end": 1170,
    "sub_pool_start": 0,
    "sub_pool_end": 0,
    "total_rake_main": 1617300,
    "total_rake_sub": 0,
    "auto_inject_events": 0,
    "auto_inject_total": 0,
    "grand_prize_total": 1616130,
    "max_single_jp_payout": 3285,
    "max_round_jp_payout": 5715.000000000001
  },
  "per_zone": [
    {
      "code": 0,
      "hits": 35940,
      "lightning_triggered": 0,
      "jp_triggered": 0,
      "total_bet": 388128541.5,
      "main_payout": 360595155,
      "bonus_payout": 17211730,
      "grand_payout": 1616130,
      "rtp_percent_excl_grand": 97.34066027195271
    },
    {
      "code": 101,
      "hits": 0,
      "lightning_triggered": 0,
      "jp_triggered": 0,
      "total_bet": 0,
      "main_payout": 0,
      "bonus_payout": 0,
      "grand_payout": 0,
      "rtp_percent_excl_grand": 0
    },
    {
      "code": 102,
      "hits": 0,
      "lightning_triggered": 0,
      "jp_triggered": 0,
      "total_bet": 0,
      "main_payout": 0,
      "bonus_payout": 0,
      "grand_payout": 0,
      "rtp_percent_excl_grand": 0
    },
    {
      "code": 103,
      "hits": 0,
      "lightning_triggered": 0,
      "jp_triggered": 0,
      "total_bet": 0,
      "main_payout": 0,
      "bonus_payout": 0,
      "grand_payout": 0,
      "rtp_percent_excl_grand": 0
    },
    {
      "code": 201,
      "hits": 0,
      "lightning_triggered": 0,
      "jp_triggered": 0,
      "total_bet": 0,
      "main_payout": 0,
      "bonus_payout": 0,
      "grand_payout": 0,
      "rtp_percent_excl_grand": 0
    },
    {
      "code": 202,
      "hits": 0,
      "lightning_triggered": 0,
      "jp_triggered": 0,
      "total_bet": 0,
      "main_payout": 0,
      "bonus_payout": 0,
      "grand_payout": 0,
      "rtp_percent_excl_grand": 0
    },
    {
      "code": 203,
      "hits": 0,
      "lightning_triggered": 0,
      "jp_triggered": 0,
      "total_bet": 0,
      "main_payout": 0,
      "bonus_payout": 0,
      "grand_payout": 0,
      "rtp_percent_excl_grand": 0
    }
  ],
  "old_rtp_trigger_counts": {
    "lightning_hits": 0,
    "jp_hits": 0
  },
  "ball_results": {
    "two_same_occurrences": 17280,
    "two_same_rate_percent": 48.080133555926544,
    "three_same_occurrences": 1620,
    "three_same_rate_percent": 4.507512520868113
  },
  "three_same_balls": {
    "occurrences": 1620,
    "rate_percent": 4.507512520868113
  },
  "bonus_detail": {
    "qualified_players": 1620000,
    "cashout_total": 475902,
    "grand_total": 14615,
    "per_level": [
      {
        "level": 1,
        "enter": 1620000,
        "pass": 809437,
        "fail": 810563
      },
      {
        "level": 2,
        "enter": 404353,
        "pass": 201629,
        "fail": 202724
      },
      {
        "level": 3,
        "enter": 141051,
        "pass": 70525,
        "fail": 70526
      },
      {
        "level": 4,
        "enter": 62824,
        "pass": 31575,
        "fail": 31249
      },
      {
        "level": 5,
        "enter": 29036,
        "pass": 14615,
        "fail": 14421
      }
    ]
  },
  "per_player_quantiles": {
    "min_rtp": 95.78177010241124,
    "p5": 96.47704652577946,
    "p25": 96.97645897597253,
    "p50": 97.30079239955897,
    "p75": 97.69920133729569,
    "p95": 98.28556562682719,
    "max_rtp": 99.09732136984287
  }
}
